Order_ID,Order_Date,Customer_ID,Customer_Name,Region,City,Category,Sub_Category,Product,Quantity,Unit_Price,Discount,Sales,Profit,Payment_Mode,Customer_Segment,Rating
ORD100001,2025-01-07,CUST1174,Sneha Joshi,North,Chandigarh,Electronics,Monitor,Monitor,2,14144.75,0.05,26875.02,3347.23,Cash on Delivery,Consumer,3.4
ORD100002,2025-10-21,CUST1143,Karan Rao,West,Mumbai,Office Supplies,Pen Set,Pen Set,7,265.28,0.0,1856.96,441.37,UPI,Consumer,3.5
ORD100003,2025-03-20,CUST1330,Nisha Singh,East,Patna,Office Supplies,Stapler,Stapler,2,207.11,0.2,331.38,33.22,Credit Card,Consumer,3.9
ORD100004,2025-04-28,CUST1240,Pooja Bose,South,Chennai,Office Supplies,Stapler,Stapler,2,219.48,0.0,438.96,111.34,Credit Card,Consumer,4.2
ORD100005,2025-08-29,CUST1400,Pooja Rao,South,Chennai,Electronics,Smartphone,Smartphone,4,28480.39,0.2,91137.25,1122.79,UPI,Small Business,4.0
ORD100006,2024-01-28,CUST1071,Rohan Singh,West,Mumbai,Electronics,Mouse,Mouse,4,955.64,0.15,3249.18,214.14,UPI,Consumer,3.9
ORD100007,2024-06-09,CUST1149,Ishaan Kapoor,North,Jaipur,Office Supplies,Stapler,Stapler,3,244.68,0.1,660.64,99.15,UPI,Small Business,4.0
ORD100008,2024-05-28,CUST1035,Arjun Iyer,East,Guwahati,Office Supplies,Notebook,Notebook,3,195.59,0.15,498.75,78.1,UPI,Corporate,4.0
ORD100009,2025-04-07,CUST1009,Vikram Sharma,North,Jaipur,Furniture,Meeting Table,Meeting Table,3,18661.21,0.15,47586.09,-358.97,Credit Card,Corporate,3.4
ORD100010,2024-06-26,CUST1370,Ananya Mehta,North,Delhi,Office Supplies,Notebook,Notebook,8,185.11,0.0,1480.88,338.53,Net Banking,Consumer,4.8
ORD100011,2024-10-12,CUST1198,Kavya Verma,East,Kolkata,Furniture,Sofa,Sofa,5,24784.83,0.3,86746.9,-12208.85,UPI,Corporate,3.6
ORD100012,2024-12-26,CUST1264,Meera Sharma,West,Surat,Furniture,Bookshelf,Bookshelf,8,7139.58,0.2,45693.31,-877.39,Debit Card,Corporate,4.1
ORD100013,2025-06-27,CUST1111,Karan Gupta,East,Patna,Electronics,Keyboard,Keyboard,8,1643.51,0.2,10518.46,-6.61,Credit Card,Consumer,2.5
ORD100014,2025-01-13,CUST1021,Ishaan Patel,West,Surat,Electronics,Mouse,Mouse,6,948.26,0.1,5120.6,608.02,UPI,Small Business,3.8
ORD100015,2024-01-18,CUST1358,Kavya Gupta,East,Kolkata,Electronics,Keyboard,Keyboard,7,1903.67,0.1,11993.12,951.85,Credit Card,Consumer,3.2
ORD100016,2025-05-16,CUST1264,Meera Sharma,West,Surat,Office Supplies,Stapler,Stapler,1,222.8,0.1,200.52,29.25,UPI,Consumer,3.3
ORD100017,2024-11-08,CUST1285,Aditya Patel,East,Guwahati,Electronics,Mouse,Mouse,8,982.34,0.0,7858.72,1544.16,Debit Card,Consumer,5.0
ORD100018,2024-03-23,CUST1214,Kavya Das,North,Chandigarh,Electronics,Keyboard,Keyboard,4,1886.28,0.1,6790.61,496.74,UPI,Corporate,4.2
ORD100019,2025-04-21,CUST1162,Ananya Joshi,West,Mumbai,Furniture,Meeting Table,Meeting Table,6,17636.15,0.1,95235.21,5291.6,Debit Card,Consumer,4.9
ORD100020,2024-07-16,CUST1169,Vikram Joshi,South,Kochi,Electronics,Monitor,Monitor,2,12660.66,0.15,21523.12,1319.17,Cash on Delivery,Consumer,4.6
ORD100021,2024-12-02,CUST1305,Aarav Reddy,East,Bhubaneswar,Electronics,Smartphone,Smartphone,1,25564.44,0.05,24286.22,2808.95,UPI,Consumer,4.7
ORD100022,2025-12-08,CUST1091,Rahul Nair,South,Chennai,Furniture,Desk,Desk,8,11728.75,0.1,84447.0,2804.82,Cash on Delivery,Consumer,3.9
ORD100023,2024-06-22,CUST1137,Vikram Rao,North,Delhi,Furniture,Sofa,Sofa,4,24039.92,0.1,86543.71,1841.71,UPI,Consumer,5.0
ORD100024,2025-10-09,CUST1123,Rahul Mehta,West,Pune,Office Supplies,Stapler,Stapler,2,206.08,0.1,370.94,64.44,UPI,Small Business,4.6
ORD100025,2024-12-05,CUST1209,Aarav Das,West,Mumbai,Office Supplies,Notebook,Notebook,6,169.5,0.3,711.9,30.04,UPI,Consumer,4.0
ORD100026,2025-11-12,CUST1388,Diya Rao,East,Bhubaneswar,Electronics,Smartphone,Smartphone,1,26618.1,0.15,22625.38,978.15,Net Banking,Small Business,4.2
ORD100027,2025-09-13,CUST1370,Ananya Mehta,South,Bengaluru,Office Supplies,Printer Paper,Printer Paper,4,482.27,0.0,1929.08,508.01,Debit Card,Corporate,3.9
ORD100028,2025-08-31,CUST1218,Nisha Das,West,Surat,Office Supplies,Calculator,Calculator,6,695.29,0.0,4171.74,1045.48,Cash on Delivery,Corporate,4.0
ORD100029,2024-05-31,CUST1081,Aarav Nair,East,Kolkata,Office Supplies,Calculator,Calculator,6,639.76,0.15,3262.78,401.65,Debit Card,Small Business,4.0
ORD100030,2025-08-01,CUST1377,Vikram Mehta,South,Hyderabad,Office Supplies,Pen Set,Pen Set,4,234.48,0.1,844.13,135.79,Credit Card,Consumer,4.3
ORD100031,2024-09-25,CUST1126,Sneha Mehta,South,Kochi,Office Supplies,Notebook,Notebook,3,166.39,0.2,399.34,23.39,Net Banking,Corporate,5.0
ORD100032,2025-10-27,CUST1143,Karan Rao,North,Lucknow,Office Supplies,Pen Set,Pen Set,7,229.79,0.0,1608.53,415.61,Cash on Delivery,Consumer,3.1
ORD100033,2025-12-24,CUST1355,Arjun Gupta,North,Lucknow,Office Supplies,Printer Paper,Printer Paper,2,443.74,0.0,887.48,215.46,Net Banking,Consumer,4.9
ORD100034,2025-03-23,CUST1106,Nisha Gupta,East,Kolkata, electronics,Headphones,Headphones,1,3185.07,0.05,3025.82,347.61,Credit Card,Consumer,3.7
ORD100035,2025-10-29,CUST1185,Vikram Menon,West,Surat,Office Supplies,Calculator,Calculator,2,632.71,0.15,1075.61,159.03,Net Banking,Corporate,
ORD100036,2025-01-24,CUST1367,Karan Gupta,North,Lucknow,Furniture,Bookshelf,Bookshelf,7,7780.76,0.3,38125.72,-5052.6,UPI,Small Business,3.7
ORD100037,2024-01-25,CUST1128,Pooja Mehta,West,Pune,Office Supplies,File Folder,File Folder,4,121.4,0.2,388.48,28.86,Cash on Delivery,Consumer,4.3
ORD100038,2025-09-30,CUST1250,Nisha Kumar,West,Pune,Furniture,Sofa,Sofa,1,25943.56,0.1,23349.2,1599.45,Cash on Delivery,Corporate,3.9
ORD100039,2025-01-22,CUST1015,Karan Sharma,South,Hyderabad,Electronics,Printer,Printer,2,11141.26,0.15,18940.14,124.97,Debit Card,Consumer,2.7
ORD100040,2024-02-02,CUST1399,Karan Rao,East,Bhubaneswar,Furniture,Bookshelf,Bookshelf,1,6712.84,0.0,6712.84,1019.15,UPI,Consumer,5.0
ORD100041,2024-02-17,CUST1168,Meera Joshi,North,Jaipur,Furniture,Bookshelf,Bookshelf,7,7757.68,0.1,48873.38,635.12,UPI,Consumer,3.3
ORD100042,2025-06-12,CUST1269,Aditya Sharma,West,Surat,Furniture,Meeting Table,Meeting Table,4,17718.87,0.2,56700.38,-2535.17,Cash on Delivery,Corporate,4.1
ORD100043,2025-11-06,CUST1201,Vikram Verma,East,Patna,Electronics,Monitor,Monitor,1,14597.09,0.05,13867.24,1702.87,Net Banking,Consumer,3.2
ORD100044,2025-05-24,CUST1174,Sneha Joshi,South,Bengaluru,Electronics,Mouse,Mouse,2,1003.27,0.3,1404.58,-137.75,Debit Card,Consumer,3.0
ORD100045,2024-11-18,CUST1163,Arjun Joshi,North,Lucknow,Furniture,Bookshelf,Bookshelf,5,7148.21,0.05,33954.0,3746.73,Cash on Delivery,Consumer,3.8
ORD100046,2024-08-12,CUST1008,Meera Sharma,West,Pune,Furniture,Meeting Table,Meeting Table,5,17409.17,0.0,87045.85,14484.9,Credit Card,Corporate,3.6
ORD100047,2024-11-01,CUST1111,Karan Gupta,South,Kochi,Office Supplies,File Folder,File Folder,7,122.04,0.1,768.85,122.61,Net Banking,Small Business,3.1
ORD100048,2024-08-23,CUST1153,Vikram Kapoor,West,Ahmedabad,Electronics,Keyboard,Keyboard,1,1641.64,0.2,1313.31,24.15,UPI,Consumer,4.0
ORD100049,2024-07-18,CUST1148,Diya Kapoor,East,Bhubaneswar,Electronics,Monitor,Monitor,1,12946.1,0.05,12298.8,1708.61,UPI,Corporate,2.9
ORD100050,2024-04-03,CUST1110,Sneha Gupta,West,Mumbai,Electronics,Keyboard,Keyboard,1,1622.84,0.15,1379.41,132.1,Credit Card,Corporate,4.1
ORD100051,2025-02-19,CUST1257,Aarav Sharma,West,Ahmedabad,Furniture,Desk,Desk,4,13134.31,0.0,52537.24,3528.99,UPI,Consumer,3.9
ORD100052,2024-06-08,CUST1332,Priya Singh,North,Jaipur,Furniture,Sofa,Sofa,6,25144.36,0.15,128236.24,247.25,Credit Card,Consumer,2.1
ORD100053,2024-04-15,CUST1357,Ishaan Gupta,South,Chennai,Office Supplies,Calculator,Calculator,6,627.66,0.1,3389.36,497.63,Net Banking,Small Business,3.6
ORD100054,2024-07-20,CUST1389,Ishaan Rao,South,Chennai,Office Supplies,File Folder,File Folder,2,113.84,0.0,227.68,43.51,UPI,Consumer,4.4
ORD100055,2025-08-07,CUST1260,Diya Sharma,South,Kochi,Electronics,Headphones,Headphones,6,3675.97,0.15,18747.45,815.27,Debit Card,Consumer,3.2
ORD100056,2025-02-22,CUST1165,Ishaan Joshi,North,Delhi,Office Supplies,Pen Set,Pen Set,6,275.57,0.15,1405.41,237.09,UPI,Small Business,
ORD100057,2024-12-25,CUST1259,Arjun Sharma,East,Patna,Electronics,Mouse,Mouse,2,869.23,0.1,1564.61,122.98,Net Banking,Small Business,4.3
ORD100058,2025-03-08,CUST1053,Ishaan Reddy,North,Lucknow,Electronics,Keyboard,Keyboard,6,1747.34,0.05,9959.84,1566.38,UPI,Corporate,3.2
ORD100059,2025-02-18,CUST1327,Rohan Singh,East,Kolkata,Furniture,Bookshelf,Bookshelf,4,7615.53,0.0,30462.12,4568.31,Debit Card,Small Business,4.0
ORD100060,2024-12-29,CUST1214,Kavya Das,East,Guwahati,Electronics,Laptop,Laptop,1,71275.27,0.3,49892.69,-3757.79,Credit Card,Consumer,4.6
ORD100061,2025-09-06,CUST1067,Arjun Singh,West,Ahmedabad,Office Supplies,Notebook,Notebook,4,198.2,0.15,673.88,84.58,Credit Card,Corporate,3.3
ORD100062,2025-06-17,CUST1171,Rahul Joshi,East,Bhubaneswar,Office Supplies,Notebook,Notebook,7,173.61,0.15,1032.98,82.22,UPI,Consumer,3.8
ORD100063,2024-05-15,CUST1121,Vikram Mehta,South,Hyderabad,Office Supplies,Printer Paper,Printer Paper,6,416.91,0.15,2126.24,222.4,UPI,Small Business,4.9
ORD100064,2025-08-20,CUST1140,Priya Rao,West,Pune,FURNITURE,Meeting Table,Meeting Table,3,17942.39,0.15,45753.09,694.31,Credit Card,Consumer,3.4
ORD100065,2024-05-08,CUST1021,Ishaan Patel,South,Bengaluru,Office Supplies,Notebook,Notebook,7,173.71,0.0,1215.97,305.84,UPI,Consumer,4.3
ORD100066,2024-02-27,CUST1007,Rohan Sharma,South,Bengaluru,Furniture,Office Chair,Office Chair,4,9302.83,0.1,33490.19,1479.71,UPI,Consumer,3.2
ORD100067,2024-11-03,CUST1140,Priya Rao,West,Surat,Electronics,Mouse,Mouse,4,817.25,,2778.65,155.13,Debit Card,Corporate,3.9
ORD100068,2024-10-14,CUST1121,Vikram Mehta,South,Hyderabad,Electronics,Headphones,Headphones,1,3638.09,0.0,3638.09,854.22,UPI,Consumer,4.3
ORD100069,2025-07-28,CUST1400,Pooja Rao,North,Jaipur,Office Supplies,Pen Set,Pen Set,8,274.84,0.0,2198.72,526.02,UPI,Corporate,2.2
ORD100070,2025-05-23,CUST1106,Nisha Gupta,South,Kochi,Office Supplies,Stapler,Stapler,7,245.27,0.1,1545.2,316.98,UPI,Consumer,3.6
ORD100071,2024-02-12,CUST1132,Diya Rao,West,Surat,Electronics,Smartphone,Smartphone,2,29204.8,0.2,46727.68,623.23,Credit Card,Consumer,4.3
ORD100072,2024-12-30,CUST1367,Karan Gupta,North,Lucknow,Furniture,Office Chair,Office Chair,5,9426.36,0.15,40062.03,1396.36,Credit Card,Corporate,4.2
ORD100073,2025-08-04,CUST1344,Meera Nair,South,Hyderabad,Office Supplies,File Folder,File Folder,7,110.0,0.0,770.0,168.92,Debit Card,Consumer,3.6
ORD100074,2025-06-19,CUST1023,Rohan Patel,North,Jaipur,Office Supplies,Printer Paper,Printer Paper,5,440.57,0.3,1542.0,-0.59,Credit Card,Corporate,3.2
ORD100075,2025-01-01,CUST1035,Arjun Iyer,East,Patna,Furniture,Sofa,Sofa,2,21646.01,0.0,43292.02,4768.95,Credit Card,Small Business,4.5
ORD100076,2025-03-26,CUST1038,Kavya Iyer,South,Bengaluru,Office Supplies,Pen Set,Pen Set,8,278.97,0.05,2120.17,447.33,Credit Card,Corporate,3.8
ORD100077,2025-02-14,CUST1184,Meera Menon,South,Bengaluru,Office Supplies,Stapler,Stapler,3,241.69,0.3,507.55,12.97,UPI,Consumer,4.4
ORD100078,2024-06-18,CUST1230,Kavya Bose,North,Jaipur,Office Supplies,Printer Paper,Printer Paper,3,407.78,0.15,1039.84,137.23,Debit Card,Consumer,4.3
ORD100079,2025-02-16,CUST1141,Aditya Rao,East,Patna,Electronics,Printer,Printer,3,10847.87,0.2,26034.89,1054.66,UPI,Small Business,3.7
ORD100080,2025-05-08,CUST1006,Kavya Sharma,East,Guwahati,Office Supplies,Calculator,Calculator,8,637.48,0.15,4334.86,458.39,Net Banking,Corporate,4.8
ORD100081,2024-02-11,CUST1081,Aarav Nair,West,Pune,Electronics,Laptop,Laptop,5,62197.09,0.15,264337.63,8440.07,Credit Card,Small Business,3.6
ORD100082,2025-05-23,CUST1246,Kavya Kumar,South,Bengaluru,Office Supplies,Pen Set,Pen Set,6,271.58,0.05,1548.01,321.83,Debit Card,Consumer,4.9
ORD100083,2024-07-01,CUST1150,Kavya Kapoor,North,Jaipur,Electronics,Smartphone,Smartphone,8,26188.58,0.05,199033.21,27174.74,Credit Card,Corporate,5.0
ORD100084,2024-01-06,CUST1050,Ananya Reddy,West,Ahmedabad,Electronics,Smartphone,Smartphone,8,30070.4,0.2,192450.56,1030.29,Cash on Delivery,Consumer,4.8
ORD100085,2025-07-06,CUST1261,Ishaan Sharma,East,Bhubaneswar,Electronics,Smartphone,Smartphone,7,28615.47,0.2,160246.63,-2237.97,Credit Card,Corporate,
ORD100086,2024-10-12,CUST1246,Kavya Kumar,East,Guwahati,Furniture,Desk,Desk,8,23522.17,0.05,178768.49,19211.59,Credit Card,Small Business,5.0
ORD100087,2024-10-28,CUST1197,Ishaan Verma,North,Jaipur,Electronics,Headphones,Headphones,8,3262.2,0.05,24792.72,3184.11,Net Banking,Small Business,4.1
ORD100088,2025-04-01,CUST1377,Vikram Mehta,South,Bengaluru,Electronics,Monitor,Monitor,8,15672.89,0.05,119113.96,20624.82,Debit Card,Consumer,4.2
ORD100089,2025-02-13,CUST1338,Ananya Nair,West,Surat,Furniture,Bookshelf,Bookshelf,6,7251.7,0.05,41334.69,3216.61,Credit Card,Small Business,4.0
ORD100090,2025-03-29,CUST1016,Pooja Sharma,West,Pune,Furniture,Desk,Desk,2,11959.97,0.2,19135.95,-646.59,UPI,Consumer,3.2
ORD100091,2025-11-21,CUST1362,Nisha Gupta,South,Chennai,Office Supplies,Notebook,Notebook,1,176.7,0.0,176.7,46.64,UPI,Consumer,5.0
ORD100092,2025-04-20,CUST1020,Diya Patel,West,Pune,Office Supplies,Printer Paper,Printer Paper,7,1445.57,0.1,9107.09,1315.0,Net Banking,Corporate,3.6
ORD100093,2024-02-03,CUST1193,Aarav Verma,West,Ahmedabad,Office Supplies,Stapler,Stapler,3,237.75,0.2,570.6,50.89,UPI,Consumer,4.7
ORD100094,2024-06-11,CUST1361,Vikram Gupta,South,Chennai,Electronics,Smartphone,Smartphone,7,30196.9,0.1,190240.47,27244.02,UPI,Consumer,4.9
ORD100095,2024-11-24,CUST1393,Vikram Rao,West,Pune,Electronics,Mouse,Mouse,8,932.01,0.1,6710.47,679.71,UPI,Corporate,4.5
ORD100096,2024-12-11,CUST1010,Nisha Sharma,South,Chennai,Office Supplies,Calculator,Calculator,6,711.98,0.05,4058.29,933.54,Cash on Delivery,Corporate,3.5
ORD100097,2024-09-21,CUST1029,Aditya Patel,North,Chandigarh,Electronics,Printer,Printer,7,11590.09,0.0,81130.63,16009.65,Credit Card,Corporate,3.7
ORD100098,2024-05-14,CUST1097,Aarav Gupta,East,Guwahati,Furniture,Office Chair,Office Chair,3,8965.93,0.05,25552.9,2176.5,Credit Card,Consumer,2.0
ORD100099,2024-03-18,CUST1111,Karan Gupta,East,Patna,Office Supplies,Stapler,Stapler,4,217.58,0.0,870.32,221.64,Cash on Delivery,Corporate,3.9
ORD100100,2024-04-15,CUST1112,Pooja Gupta,North,Jaipur,Office Supplies,Printer Paper,Printer Paper,8,464.4,0.0,3715.2,979.63,Credit Card,Consumer,4.6
ORD100101,2025-11-26,CUST1167,Rohan Joshi,West,Surat,Furniture,Meeting Table,Meeting Table,7,20152.69,0.0,141068.83,19620.14,Net Banking,Consumer,3.8
ORD100102,2024-10-16,CUST1128,Pooja Mehta,North,Delhi,Office Supplies,Pen Set,Pen Set,2,279.15,0.05,530.38,92.13,Debit Card,Consumer,3.6
ORD100103,2025-12-03,CUST1234,Nisha Bose,West,Surat,Furniture,Meeting Table,Meeting Table,8,18229.97,0.0,145839.76,18402.44,Credit Card,Corporate,3.8
ORD100104,2024-09-01,CUST1342,Kavya Nair,North,Chandigarh,Office Supplies,File Folder,File Folder,4,123.15,0.3,344.82,-3.31,Net Banking,Consumer,4.9
ORD100105,2024-08-15,CUST1219,Rahul Das,West,Surat,Electronics,Headphones,Headphones,7,3840.94,0.0,26886.58,4576.41,Cash on Delivery,Consumer,4.0
ORD100106,2024-12-23,CUST1133,Ishaan Rao,West,Surat,Electronics,Headphones,Headphones,5,3908.94,0.05,18567.46,3154.6,UPI,Small Business,5.0
ORD100107,2025-11-23,CUST1228,Diya Bose,West,Ahmedabad,Office Supplies,Calculator,Calculator,5,696.34,0.2,2785.36,171.78,UPI,Small Business,3.6
ORD100108,2025-02-15,CUST1249,Vikram Kumar,East,Bhubaneswar,Electronics,Laptop,Laptop,2,59432.14,0.0,118864.28,17250.86,Net Banking,Corporate,4.2
ORD100109,2024-01-26,CUST1359,Rohan Gupta,South,Hyderabad,Office Supplies,Stapler,Stapler,3,213.62,0.1,576.77,106.64,Credit Card,Corporate,3.7
ORD100110,2024-07-17,CUST1379,Rahul Mehta,East,Patna,Furniture,Meeting Table,Meeting Table,6,19750.39,0.2,94801.87,-8106.49,Credit Card,Small Business,5.0
ORD100111,2025-12-18,CUST1112,Pooja Gupta,South,Kochi,Office Supplies,Stapler,Stapler,7,235.19,0.1,1481.7,173.06,UPI,Corporate,4.1
ORD100112,2024-04-22,CUST1368,Pooja Gupta,West,Surat,Office Supplies,Pen Set,Pen Set,1,265.82,0.05,252.53,58.13,Net Banking,Consumer,5.0
ORD100113,2025-09-03,CUST1327,Rohan Singh,East,Kolkata,Furniture,Office Chair,Office Chair,1,8899.02,0.15,7564.17,-26.72,Debit Card,Corporate,3.7
ORD100114,2025-11-09,CUST1052,Diya Reddy,South,Hyderabad,Office Supplies,Stapler,Stapler,6,218.1,0.15,1112.31,149.4,Cash on Delivery,Small Business,5.0
ORD100115,2024-06-05,CUST1224,Pooja Das,East,Kolkata,Electronics,Keyboard,Keyboard,4,1779.68,0.05,6762.78,855.08,Credit Card,Corporate,4.1
ORD100116,2025-02-12,CUST1061,Aditya Reddy,East,Guwahati,Furniture,Bookshelf,Bookshelf,7,7545.76,0.0,52820.32,4510.32,Cash on Delivery,Consumer,4.6
ORD100117,2025-03-14,CUST1197,Ishaan Verma,North,Lucknow,Electronics,Printer,Printer,1,11575.58,0.0,11575.58,1740.45,Credit Card,Small Business,3.1
ORD100118,2025-08-03,CUST1018,Ananya Patel,North,Delhi,Office Supplies,Stapler,Stapler,3,231.15,0.15,589.43,68.19,Debit Card,Corporate,4.3
ORD100119,2025-08-06,CUST1120,Meera Mehta,North,Chandigarh,Office Supplies,Stapler,Stapler,1,233.15,0.05,221.49,38.91,Debit Card,Consumer,3.2
ORD100120,2024-02-13,CUST1236,Priya Bose,North,Lucknow,Office Supplies,Notebook,Notebook,6,195.44,0.0,1172.64,302.16,Credit Card,Small Business,4.2
ORD100121,2024-08-21,CUST1122,Nisha Mehta,South,Kochi,Office Supplies,Stapler,Stapler,7,213.48,0.1,1344.92,206.36,Credit Card,Corporate,2.9
ORD100122,2025-11-18,CUST1005,Ishaan Sharma,East,Bhubaneswar,Office Supplies,Pen Set,Pen Set,2,265.8,0.2,425.28,35.99,UPI,Small Business,3.9
ORD100123,2024-09-15,CUST1156,Priya Kapoor,East,Kolkata,Electronics,Mouse,Mouse,3,831.08,0.0,2493.24,458.45,Credit Card,Small Business,4.8
ORD100124,2024-06-28,CUST1217,Vikram Das,South,Kochi,Office Supplies,Notebook,Notebook,7,167.47,0.0,1172.29,304.41,Debit Card,Consumer,4.4
ORD100125,2025-04-04,CUST1306,Ananya Reddy,West,Surat,Furniture,Meeting Table,Meeting Table,1,17852.65,0.1,16067.39,762.99,UPI,Corporate,3.1
ORD100126,2024-05-22,CUST1055,Rohan Reddy,East,,Furniture,Desk,Desk,8,10945.8,0.15,74431.44,-1198.16,Debit Card,Consumer,2.6
ORD100127,2024-04-17,CUST1191,Karan Menon,North,Lucknow,Furniture,Bookshelf,Bookshelf,8,7759.46,0.1,55868.11,2212.33,UPI,Small Business,4.4
ORD100128,2025-08-06,CUST1080,Pooja Singh,West,Mumbai,Electronics,Smartphone,Smartphone,2,30755.68,0.2,49209.09,782.43,UPI,Small Business,5.0
ORD100129,2024-03-27,CUST1062,Sneha Reddy,East,Guwahati,Electronics,Smartphone,Smartphone,2,25501.43,0.0,51002.86,6083.51,Debit Card,Small Business,3.3
ORD100130,2025-10-13,CUST1049,Aarav Reddy,East,Kolkata,Electronics,Printer,Printer,6,13013.14,0.05,74174.9,11397.95,UPI,Corporate,5.0
ORD100131,2024-07-01,CUST1304,Pooja Iyer,East,Patna,Electronics,Smartphone,Smartphone,1,28334.66,0.05,26917.93,3802.12,Cash on Delivery,Corporate,4.0
ORD100132,2024-03-19,CUST1368,Pooja Gupta,East,Guwahati,Furniture,Bookshelf,Bookshelf,5,7381.02,0.05,35059.84,3211.52,Cash on Delivery,Consumer,2.5
ORD100133,2025-06-25,CUST1266,Nisha Sharma,North,Lucknow,Office Supplies,Printer Paper,Printer Paper,1,492.81,0.1,443.53,58.91,Credit Card,Consumer,2.8
ORD100134,2024-05-09,CUST1152,Meera Kapoor,East,Guwahati,Office Supplies,Stapler,Stapler,5,225.93,0.15,960.2,110.04,Credit Card,Consumer,4.6
ORD100135,2024-09-24,CUST1380,Priya Mehta,West,Mumbai,Furniture,Office Chair,Office Chair,3,7867.53,0.05,22422.46,1125.87,UPI,Small Business,4.1
ORD100136,2024-09-13,CUST1199,Rohan Verma,South,Chennai,Furniture,Desk,Desk,6,10806.81,0.15,55114.73,612.6,Net Banking,Corporate,5.0
ORD100137,2025-01-05,CUST1212,Diya Das,East,Bhubaneswar,Furniture,Desk,Desk,8,12111.87,0.0,96894.96,8223.68,UPI,Corporate,3.1
ORD100138,2024-12-12,CUST1254,Sneha Kumar,North,Chandigarh,Electronics,Smartphone,Smartphone,4,31047.27,0.1,111770.17,8023.27,Cash on Delivery,Consumer,4.1
ORD100139,2024-05-22,CUST1262,Kavya Sharma,South,Chennai,Office Supplies,Pen Set,Pen Set,6,256.49,0.05,1461.99,322.89,Cash on Delivery,Corporate,4.0
ORD100140,2024-06-20,CUST1197,Ishaan Verma,South,Kochi,Electronics,Headphones,Headphones,5,3437.16,0.1,15467.22,1226.02,UPI,Consumer,3.9
ORD100141,2024-05-21,CUST1192,Pooja Menon,West,Mumbai,Office Supplies,File Folder,File Folder,8,108.82,0.0,870.56,197.43,Debit Card,Small Business,3.7
ORD100142,2024-02-10,CUST1128,Pooja Mehta,North,Jaipur,Office Supplies,Pen Set,Pen Set,2,275.32,0.3,385.45,6.81,Credit Card,Small Business,3.7
ORD100143,2025-04-20,CUST1273,Aarav Patel,South,Chennai,Furniture,Bookshelf,Bookshelf,2,6803.82,0.2,10886.11,-286.38,Credit Card,Consumer,4.1
ORD100144,2024-12-10,CUST1269,Aditya Sharma,South,Bengaluru,Office Supplies,File Folder,File Folder,4,126.61,0.15,430.47,60.5,UPI,Small Business,4.2
ORD100145,2024-03-20,CUST1175,Karan Joshi,West,Pune,Electronics,Smartphone,Smartphone,6,29476.5,0.2,141487.2,4416.91,Debit Card,Consumer,4.2
ORD100146,2024-08-30,CUST1285,Aditya Patel,West,Mumbai,Office Supplies,File Folder,File Folder,7,114.7,0.0,802.9,196.08,UPI,Consumer,4.9
ORD100147,2025-05-03,CUST1056,Meera Reddy,North,Chandigarh,Office Supplies,Printer Paper,Printer Paper,3,411.31,0.1,1110.54,177.56,Net Banking,Corporate,3.1
ORD100148,2024-07-27,CUST1167,Rohan Joshi,North,Lucknow,Office Supplies,Stapler,Stapler,1,216.63,0.05,205.8,39.37,Credit Card,Corporate,2.6
ORD100149,2024-10-19,CUST1395,Rahul Rao,West,Surat,Office Supplies,Stapler,Stapler,5,213.35,0.2,853.4,71.85,Debit Card,Consumer,4.8
ORD100150,2025-06-27,CUST1294,Kavya Iyer,North,Jaipur,Office Supplies,Printer Paper,Printer Paper,5,474.33,0.05,2253.07,437.78,Cash on Delivery,Consumer,3.3
ORD100151,2025-05-05,CUST1289,Aarav Iyer,West,Surat,Office Supplies,Stapler,Stapler,3,237.68,0.05,677.39,133.22,Debit Card,Consumer,3.7
ORD100152,2025-05-27,CUST1346,Nisha Nair,South,Kochi,Furniture,Desk,Desk,2,11387.26,0.15,19358.34,145.14,Credit Card,Consumer,3.5
ORD100153,2024-10-06,CUST1244,Diya Kumar,West,Surat,Office Supplies,File Folder,File Folder,7,121.95,0.0,853.65,238.69,Credit Card,Consumer,3.5
ORD100154,2024-12-19,CUST1266,Nisha Sharma,South,Bengaluru,Office Supplies,File Folder,File Folder,7,109.07,0.15,648.97,85.96,Credit Card,Consumer,2.9
ORD100155,2025-09-10,CUST1193,Aarav Verma,South,Kochi,Furniture,Bookshelf,Bookshelf,6,6629.95,0.05,37790.71,4623.99,UPI,Small Business,3.6
ORD100156,2025-09-29,CUST1331,Rahul Singh,East,Guwahati,Office Supplies,Notebook,Notebook,5,192.17,0.15,816.72,85.64,Cash on Delivery,Consumer,4.5
ORD100157,2024-02-10,CUST1285,Aditya Patel,North,Delhi,Furniture,Office Chair,Office Chair,3,9133.65,0.2,21920.76,-2103.28,UPI,Consumer,4.0
ORD100158,2025-09-04,CUST1210,Ananya Das,East,Bhubaneswar,Furniture,Desk,Desk,4,12849.71,0.1,46258.96,2445.51,Credit Card,Consumer,4.4
ORD100159,2025-10-15,CUST1051,Arjun Reddy,East,Guwahati,Electronics,Printer,Printer,1,11175.9,0.05,10617.1,1254.99,Net Banking,Consumer,3.6
ORD100160,2025-11-19,CUST1323,Arjun Singh,West,Mumbai,Electronics,Mouse,Mouse,2,919.1,0.0,1838.2,318.3,Credit Card,Corporate,4.7
ORD100161,2024-07-15,CUST1131,Arjun Rao,West,Pune,Office Supplies,Printer Paper,Printer Paper,4,446.85,0.0,1787.4,367.77,Net Banking,Consumer,3.6
ORD100162,2025-01-01,CUST1144,Pooja Rao,East,Patna,Furniture,Office Chair,Office Chair,4,9504.08,0.0,38016.32,3707.34,UPI,Consumer,2.4
ORD100163,2024-02-01,CUST1050,Ananya Reddy,South,Chennai,Furniture,Bookshelf,Bookshelf,1,7307.27,0.1,6576.54,-16.81,UPI,Small Business,4.2
ORD100164,2024-03-21,CUST1087,Rohan Nair,South,Bengaluru,Electronics,Keyboard,Keyboard,8,1990.34,0.05,15126.58,1915.67,Debit Card,Corporate,4.6
ORD100165,2025-02-15,CUST1051,Arjun Reddy,South,Chennai,Furniture,Bookshelf,Bookshelf,3,6523.84,0.05,18592.94,1257.56,Credit Card,Consumer,3.6
ORD100166,2024-05-30,CUST1039,Rohan Iyer,West,Ahmedabad,Office Supplies,File Folder,File Folder,5,119.9,0.05,569.52,119.46,Cash on Delivery,Consumer,4.9
ORD100167,2024-06-13,CUST1009,Vikram Sharma,South,Chennai,Office Supplies,File Folder,File Folder,4,128.37,0.2,410.78,45.59,Credit Card,Small Business,3.4
ORD100168,2024-08-05,CUST1118,Kavya Mehta,North,Lucknow,Electronics,Laptop,Laptop,4,63760.37,0.0,255041.48,50223.45,UPI,Corporate,4.5
ORD100169,2024-12-01,CUST1303,Karan Iyer,South,Chennai,Furniture,Meeting Table,Meeting Table,7,18704.73,0.05,124386.45,4595.55,UPI,Small Business,5.0
ORD100170,2024-04-21,CUST1346,Nisha Nair,North,Lucknow,Furniture,Meeting Table,Meeting Table,6,18226.34,0.1,98422.24,4940.83,Credit Card,Consumer,4.0
ORD100171,2025-08-09,CUST1091,Rahul Nair,North,Lucknow,Office Supplies,Notebook,Notebook,7,201.28,0.0,1408.96,356.18,Credit Card,Corporate,3.8
ORD100172,2025-05-03,CUST1170,Nisha Joshi,North,Lucknow,Furniture,Bookshelf,Bookshelf,4,6567.76,0.2,21016.83,-1102.24,UPI,Consumer,3.9
ORD100173,2025-08-01,CUST1333,Aditya Singh,West,Surat,Furniture,Bookshelf,Bookshelf,3,7740.44,0.0,23221.32,2773.38,Credit Card,Consumer,5.0
ORD100174,2025-11-07,CUST1283,Rahul Patel,East,Kolkata,Furniture,Sofa,Sofa,4,23720.29,0.15,80648.99,-192.44,Cash on Delivery,Corporate,4.3
ORD100175,2025-03-14,CUST1362,Nisha Gupta,East,Patna,Furniture,Meeting Table,Meeting Table,5,18053.25,0.1,81239.62,1438.17,Credit Card,Corporate,5.0
ORD100176,2024-09-21,CUST1169,Vikram Joshi,South,Hyderabad,Furniture,Bookshelf,Bookshelf,3,7114.05,0.15,18140.83,-218.76,Debit Card,Consumer,4.2
ORD100177,2025-12-15,CUST1068,Diya Singh,East,Patna,Furniture,Sofa,Sofa,4,23001.14,0.15,78203.88,1728.19,UPI,Consumer,
ORD100178,2025-02-17,CUST1058,Nisha Reddy,North,Lucknow,Office Supplies,Printer Paper,Printer Paper,2,500.4,0.15,850.68,89.24,Net Banking,Corporate,3.6
ORD100179,2024-12-05,CUST1284,Priya Patel,West,Ahmedabad,Office Supplies,Calculator,Calculator,5,715.34,0.1,3219.03,448.26,UPI,Consumer,4.0
ORD100180,2024-10-31,CUST1011,Rahul Sharma,East,Bhubaneswar,Electronics,Monitor,Monitor,6,15596.55,0.1,84221.37,7871.1,Credit Card,Consumer,2.5
ORD100181,2024-01-29,CUST1185,Vikram Menon,West,Mumbai,Office Supplies,Calculator,Calculator,5,727.56,0.15,3092.13,291.39,UPI,Consumer,3.6
ORD100182,2025-11-29,CUST1142,Sneha Rao,North,Delhi,Office Supplies,File Folder,File Folder,7,125.68,0.1,791.78,96.54,UPI,Consumer,3.7
ORD100183,2025-08-21,CUST1368,Pooja Gupta,South,Bengaluru,Electronics,Laptop,Laptop,8,64959.1,0.1,467705.52,40404.29,UPI,Small Business,4.2
ORD100184,2025-05-26,CUST1400,Pooja Rao,East,Patna,Furniture,Sofa,Sofa,8,26091.87,0.05,198298.21,22549.59,UPI,Consumer,5.0
ORD100185,2024-06-10,CUST1194,Ananya Verma,South,Hyderabad,Electronics,Mouse,Mouse,1,814.71,0.05,773.97,105.67,Net Banking,Consumer,4.0
ORD100186,2025-11-09,CUST1233,Vikram Bose,South,Bengaluru,Office Supplies,File Folder,File Folder,8,130.03,0.05,988.23,209.47,UPI,Corporate,2.6
ORD100187,2024-05-08,CUST1152,Meera Kapoor,North,Delhi,Electronics,Headphones,Headphones,3,3532.91,0.0,10598.73,1343.35,Cash on Delivery,Consumer,3.3
ORD100188,2024-06-25,CUST1311,Rohan Reddy,South,Hyderabad,Office Supplies,File Folder,File Folder,4,125.77,0.1,452.77,79.67,Credit Card,Corporate,4.2
ORD100189,2024-02-21,CUST1118,Kavya Mehta,North,Chandigarh,Electronics,Laptop,Laptop,4,63848.86,0.0,255395.44,46567.31,UPI,Consumer,4.1
ORD100190,2024-07-29,CUST1298,Nisha Iyer,South,Kochi,Furniture,Meeting Table,Meeting Table,3,17659.75,0.1,47681.32,876.25,Credit Card,Small Business,5.0
ORD100191,2024-08-27,CUST1362,Nisha Gupta,East,Guwahati,Office Supplies,Notebook,Notebook,8,163.26,0.15,1110.17,140.99,UPI,Corporate,4.7
ORD100192,2025-08-04,CUST1069,Ishaan Singh,East,Guwahati,Furniture,Bookshelf,Bookshelf,6,6952.64,0.1,37544.26,1473.73,Net Banking,Corporate,4.7
ORD100193,2024-08-26,CUST1091,Rahul Nair,East,Patna,Office Supplies,Notebook,Notebook,8,178.17,0.15,1211.56,116.32,UPI,Consumer,3.8
ORD100194,2025-11-29,CUST1152,Meera Kapoor,South,Bengaluru,Office Supplies,Calculator,Calculator,8,617.15,0.0,4937.2,1275.26,Net Banking,Small Business,4.8
ORD100195,2024-08-09,CUST1332,Priya Singh,West,Surat,Office Supplies,Printer Paper,Printer Paper,4,429.49,0.0,1717.96,480.91,UPI,Corporate,3.3
ORD100196,2025-01-18,CUST1257,Aarav Sharma,North,Jaipur,Electronics,Keyboard,Keyboard,6,1851.32,0.15,9441.73,441.89,UPI,Consumer,4.7
ORD100197,2025-03-09,CUST1078,Sneha Singh,South,Chennai,Office Supplies,Stapler,Stapler,5,213.38,0.15,906.86,91.42,UPI,Consumer,3.8
ORD100198,2025-08-29,CUST1148,Diya Kapoor,North,Jaipur,Electronics,Mouse,Mouse,4,974.39,0.15,3312.93,159.22,Debit Card,Consumer,2.9
ORD100199,2025-07-03,CUST1258,Ananya Sharma,South,Chennai,Furniture,Meeting Table,Meeting Table,6,16641.09,0.15,84869.56,1176.74,Credit Card,Consumer,4.4
ORD100200,2025-09-26,CUST1386,Ananya Rao,West,Mumbai,Office Supplies,Printer Paper,Printer Paper,6,462.19,0.15,2357.17,216.49,Cash on Delivery,Consumer,5.0
ORD100201,2025-11-16,CUST1181,Ishaan Menon,South,Kochi,Office Supplies,Pen Set,Pen Set,8,233.8,0.15,1589.84,217.75,Credit Card,Small Business,3.7
ORD100202,2024-03-26,CUST1030,Sneha Patel,West,Surat,Furniture,Bookshelf,Bookshelf,7,7113.49,0.15,42325.27,-1034.87,UPI,Small Business,5.0
ORD100203,2024-03-09,CUST1042,Nisha Iyer,South,Chennai,Furniture,Meeting Table,Meeting Table,5,18388.08,0.15,78149.34,-113.19,Net Banking,Consumer,2.8
ORD100204,2024-11-24,CUST1012,Priya Sharma,East,Patna,Office Supplies,Pen Set,Pen Set,8,260.33,0.0,2082.64,491.28,Credit Card,Small Business,3.1
ORD100205,2024-04-19,CUST1051,Arjun Reddy,South,Chennai,Office Supplies,Calculator,Calculator,1,646.12,,646.12,152.37,Net Banking,Corporate,3.9
ORD100206,2024-12-26,CUST1166,Kavya Joshi,South,Bengaluru,Furniture,Office Chair,Office Chair,7,8602.72,0.05,57208.09,6611.96,Credit Card,Consumer,3.7
ORD100207,2025-03-07,CUST1113,Aarav Mehta,West,Ahmedabad,Office Supplies,Printer Paper,Printer Paper,4,422.91,0.1,1522.48,197.58,Debit Card,Small Business,3.5
ORD100208,2024-07-21,CUST1121,Vikram Mehta,West,Pune,Electronics,Keyboard,Keyboard,4,1803.35,0.15,6131.39,396.3,UPI,Corporate,4.1
ORD100209,2024-03-12,CUST1307,Arjun Reddy,South,Hyderabad,Electronics,Mouse,Mouse,7,883.86,0.05,5877.67,1062.58,Cash on Delivery,Corporate,3.6
ORD100210,2025-12-06,CUST1191,Karan Menon,West,Surat,Office Supplies,Calculator,Calculator,3,680.26,0.05,1938.74,435.51,UPI,Consumer,3.7
ORD100211,2024-09-28,CUST1292,Diya Iyer,South,Chennai,Office Supplies,Pen Set,Pen Set,8,248.92,0.15,1692.66,151.02,Net Banking,Consumer,4.2
ORD100212,2025-09-05,CUST1217,Vikram Das,East,Kolkata,Electronics,Headphones,Headphones,4,3750.09,0.05,14250.34,1502.85,UPI,Small Business,3.5
ORD100213,2025-04-01,CUST1083,Arjun Nair,West,Surat,Electronics,Printer,Printer,3,11924.62,0.15,30407.78,1025.03,Net Banking,Consumer,3.9
ORD100214,2025-04-29,CUST1380,Priya Mehta,South,Hyderabad,Electronics,Smartphone,Smartphone,3,26652.35,0.0,79957.05,14707.92,Net Banking,Consumer,3.5
ORD100215,2025-07-24,CUST1191,Karan Menon,East,Guwahati,office supplies,Calculator,Calculator,4,624.14,,2371.73,505.53,Net Banking,Consumer,3.1
ORD100216,2024-07-12,CUST1335,Karan Singh,South,Bengaluru,Electronics,Monitor,Monitor,8,12739.48,0.1,91724.26,5797.67,Credit Card,Consumer,4.6
ORD100217,2024-06-08,CUST1039,Rohan Iyer,North,Jaipur,Furniture,Bookshelf,Bookshelf,1,7131.47,0.05,6774.9,377.23,Credit Card,Consumer,5.0
ORD100218,2025-12-29,CUST1340,Diya Nair,North,Chandigarh,Office Supplies,Stapler,Stapler,5,238.21,0.0,1191.05,273.6,Net Banking,Small Business,4.8
ORD100219,2025-05-03,CUST1287,Karan Patel,South,Hyderabad,Electronics,Keyboard,Keyboard,7,1924.57,0.05,12798.39,1701.95,Credit Card,Consumer,4.2
ORD100220,2024-08-01,CUST1100,Diya Gupta,West,Mumbai,Furniture,Meeting Table,Meeting Table,4,17933.65,0.05,68147.87,8662.78,Debit Card,Small Business,3.5
ORD100221,2025-04-17,CUST1318,Sneha Reddy,North,Chandigarh,Furniture,Desk,Desk,5,11317.76,0.05,53759.36,2912.16,UPI,Corporate,3.8
ORD100222,2024-10-14,CUST1298,Nisha Iyer,South,Hyderabad,Office Supplies,Pen Set,Pen Set,3,272.49,0.15,694.85,68.15,Credit Card,Consumer,4.8
ORD100223,2025-09-20,CUST1358,Kavya Gupta,East,Kolkata,Furniture,Bookshelf,Bookshelf,2,6387.44,0.0,12774.88,1171.09,Credit Card,Consumer,2.3
ORD100224,2025-01-06,CUST1084,Diya Nair,North,Jaipur,Furniture,Sofa,Sofa,6,23707.9,0.05,135135.03,12620.07,Debit Card,Consumer,3.7
ORD100225,2024-08-17,CUST1355,Arjun Gupta,East,Patna,Electronics,Mouse,Mouse,8,979.61,0.0,7836.88,1402.54,UPI,Small Business,4.6
ORD100226,2025-05-19,CUST1305,Aarav Reddy,South,Hyderabad,Office Supplies,Calculator,Calculator,5,641.22,0.2,2564.88,147.72,Credit Card,Corporate,3.1
ORD100227,2025-07-02,CUST1136,Meera Rao,West,Mumbai,Office Supplies,File Folder,File Folder,4,111.11,0.15,377.77,42.85,Net Banking,Consumer,4.3
ORD100228,2024-09-29,CUST1141,Aditya Rao,East,Kolkata,Electronics,Printer,Printer,2,11502.11,0.3,16102.95,-1526.36,Credit Card,Small Business,4.3
ORD100229,2025-07-03,CUST1102,Kavya Gupta,East,Guwahati,Furniture,Office Chair,Office Chair,8,8772.06,0.2,56141.18,-2391.77,Net Banking,Small Business,2.9
ORD100230,2024-06-20,CUST1191,Karan Menon,North,Jaipur,Office Supplies,Notebook,Notebook,7,168.02,0.05,1117.33,306.83,UPI,Consumer,4.1
ORD100231,2024-06-23,CUST1359,Rohan Gupta,South,Kochi,Electronics,Laptop,Laptop,8,67865.58,0.15,461485.94,30583.42,Credit Card,Corporate,3.5
ORD100232,2025-08-27,CUST1336,Pooja Singh,West,Ahmedabad,Electronics,Printer,Printer,3,11956.75,0.05,34076.74,4606.33,Credit Card,Corporate,4.3
ORD100233,2025-03-30,CUST1059,Rahul Reddy,North,Lucknow,Furniture,Office Chair,Office Chair,6,8275.31,0.2,39721.49,-2646.42,Credit Card,Small Business,4.5
ORD100234,2024-01-26,CUST1053,Ishaan Reddy,West,Mumbai,Electronics,Keyboard,Keyboard,4,1715.41,0.1,6175.48,379.27,Debit Card,Consumer,4.3
ORD100235,2025-05-08,CUST1024,Meera Patel,South,Bengaluru,Electronics,Mouse,Mouse,2,973.02,0.05,1848.74,288.11,UPI,Consumer,4.1
ORD100236,2024-08-11,CUST1246,Kavya Kumar,East,Kolkata,Furniture,Sofa,Sofa,2,23694.44,0.2,37911.1,-1251.68,Credit Card,Consumer,4.2
ORD100237,2024-07-19,CUST1126,Sneha Mehta,East,Guwahati,Electronics,Printer,Printer,4,12749.59,0.2,40798.69,-67.42,UPI,Consumer,3.1
ORD100238,2024-11-06,CUST1305,Aarav Reddy,South,Chennai,Furniture,Office Chair,Office Chair,5,8473.46,0.3,29657.11,-3104.11,Debit Card,Consumer,4.0
ORD100239,2024-11-26,CUST1305,Aarav Reddy,South,Bengaluru,Office Supplies,File Folder,File Folder,1,110.43,0.0,110.43,27.67,Net Banking,Corporate,3.4
ORD100240,2025-10-13,CUST1080,Pooja Singh,East,Bhubaneswar,Furniture,Bookshelf,Bookshelf,6,6978.38,0.05,39776.77,3853.14,UPI,Consumer,4.8
ORD100241,2024-11-14,CUST1278,Kavya Patel,North,Delhi,Electronics,Keyboard,Keyboard,4,1821.04,0.05,6919.95,1002.74,Credit Card,Consumer,4.5
ORD100242,2024-08-04,CUST1306,Ananya Reddy,East,Kolkata,Office Supplies,Stapler,Stapler,8,220.16,0.1,1585.15,254.53,Credit Card,Corporate,4.5
ORD100243,2025-07-19,CUST1395,Rahul Rao,North,Chandigarh,Electronics,Headphones,Headphones,3,3778.51,0.1,10201.98,725.65,Debit Card,Consumer,5.0
ORD100244,2025-01-31,CUST1290,Ananya Iyer,East,Patna,Office Supplies,Pen Set,Pen Set,1,275.1,0.05,261.35,53.28,UPI,Consumer,3.8
ORD100245,2024-01-01,CUST1144,Pooja Rao,East,Kolkata,Furniture,Office Chair,Office Chair,3,9121.28,0.15,23259.26,315.19,Credit Card,Corporate,3.6
ORD100246,2025-04-07,CUST1400,Pooja Rao,North,Jaipur,Office Supplies,File Folder,File Folder,8,123.39,0.05,937.76,182.67,Net Banking,Small Business,3.7
ORD100247,2025-01-01,CUST1111,Karan Gupta,West,Mumbai,Electronics,Smartphone,Smartphone,3,28535.33,0.15,72765.09,4620.11,Credit Card,Consumer,2.8
ORD100248,2025-02-24,CUST1323,Arjun Singh,South,Kochi,Electronics,Headphones,Headphones,6,3646.35,0.2,17502.48,-298.74,Debit Card,Small Business,2.9
ORD100249,2024-05-14,CUST1152,Meera Kapoor,West,Pune,Furniture,Sofa,Sofa,7,23119.74,0.1,145654.36,7938.38,Credit Card,Small Business,4.5
ORD100250,2024-12-15,CUST1375,Rohan Mehta,North,Lucknow,Electronics,Headphones,Headphones,3,3775.12,0.05,10759.09,1563.55,Cash on Delivery,Corporate,3.0
ORD100251,2025-04-17,CUST1313,Vikram Reddy,North,Delhi,Electronics,Keyboard,Keyboard,6,1959.31,0.05,11168.07,1199.98,UPI,Small Business,3.2
ORD100252,2025-05-09,CUST1240,Pooja Bose,South,Chennai,Office Supplies,Notebook,Notebook,2,172.58,0.0,345.16,84.36,UPI,Consumer,3.9
ORD100253,2025-05-12,CUST1086,Kavya Nair,North,Chandigarh,Office Supplies,Stapler,Stapler,3,241.7,0.15,616.33,89.85,Credit Card,Consumer,3.7
ORD100254,2025-12-30,CUST1076,Priya Singh,South,Hyderabad,Electronics,Headphones,Headphones,3,3803.52,0.1,10269.5,652.36,Credit Card,Small Business,4.7
ORD100255,2025-01-01,CUST1380,Priya Mehta,East,Patna,Office Supplies,Notebook,Notebook,6,178.81,0.0,1072.86,239.49,Debit Card,Consumer,4.0
ORD100256,2024-11-10,CUST1321,Aarav Singh,North,Lucknow,Office Supplies,Pen Set,Pen Set,8,275.0,0.3,1540.0,-10.38,UPI,Consumer,3.4
ORD100257,2025-01-31,CUST1206,Sneha Verma,East,Patna,Office Supplies,Calculator,Calculator,3,602.22,0.15,1535.66,270.02,UPI,Consumer,4.7
ORD100258,2024-08-28,CUST1351,Karan Nair,North,Chandigarh,Office Supplies,Printer Paper,Printer Paper,3,407.77,0.2,978.65,61.84,Debit Card,Consumer,4.5
ORD100259,2024-08-18,CUST1314,Nisha Reddy,North,Jaipur,Office Supplies,Stapler,Stapler,7,214.84,0.1,1353.49,240.08,UPI,Consumer,2.9
ORD100260,2025-05-19,CUST1156,Priya Kapoor,East,Bhubaneswar,Furniture,Meeting Table,Meeting Table,4,18439.13,0.3,51629.56,-6634.22,Debit Card,Consumer,4.2
ORD100261,2024-08-17,CUST1331,Rahul Singh,West,Mumbai,Office Supplies,Pen Set,Pen Set,5,244.33,0.05,1160.57,223.71,Debit Card,Small Business,3.5
ORD100262,2025-07-01,CUST1319,Karan Reddy,North,Jaipur,Office Supplies,Pen Set,Pen Set,6,276.81,0.05,1577.82,333.75,UPI,Consumer,3.4
ORD100263,2025-06-28,CUST1192,Pooja Menon,South,Bengaluru,Electronics,Printer,Printer,2,11472.44,0.2,18355.9,-21.95,Debit Card,Small Business,5.0
ORD100264,2025-11-27,CUST1008,Meera Sharma,West,Mumbai,Electronics,Smartphone,Smartphone,7,26932.27,0.2,150820.71,159.1,Net Banking,Consumer,4.1
ORD100265,2024-04-06,CUST1297,Vikram Iyer,West,Mumbai,Electronics,Keyboard,Keyboard,3,1871.39,0.1,5052.75,270.16,Net Banking,Consumer,3.8
ORD100266,2024-09-22,CUST1136,Meera Rao,East,Guwahati,Office Supplies,Pen Set,Pen Set,6,225.21,0.0,1351.26,336.99,UPI,Small Business,4.1
ORD100267,2025-07-17,CUST1146,Ananya Kapoor,South,Bengaluru,Furniture,Desk,Desk,4,12720.75,0.05,48338.85,4832.79,Credit Card,Consumer,4.7
ORD100268,2024-11-09,CUST1286,Sneha Patel,South,Kochi,Office Supplies,File Folder,File Folder,7,117.97,0.15,701.92,86.99,Cash on Delivery,Consumer,3.5
ORD100269,2025-04-23,CUST1325,Ishaan Singh,East,Bhubaneswar,Office Supplies,File Folder,File Folder,5,133.81,0.2,535.24,57.41,Credit Card,Small Business,3.6
ORD100270,2025-06-21,CUST1036,Diya Iyer,East,Patna,Office Supplies,Printer Paper,Printer Paper,2,473.45,0.05,899.56,199.71,UPI,Consumer,4.5
ORD100271,2025-10-08,CUST1330,Nisha Singh,South,Hyderabad, electronics,Printer,Printer,2,10937.85,0.0,21875.7,3905.06,UPI,Consumer,2.9
ORD100272,2024-06-14,CUST1118,Kavya Mehta,North,Delhi,Office Supplies,Stapler,Stapler,8,202.48,0.15,1376.86,147.05,Debit Card,Small Business,4.7
ORD100273,2024-07-09,CUST1227,Arjun Bose,North,Delhi,Office Supplies,Stapler,Stapler,5,202.27,0.15,859.65,94.86,Net Banking,Consumer,2.8
ORD100274,2024-12-10,CUST1348,Priya Nair,West,Ahmedabad,Electronics,Laptop,Laptop,3,72122.5,0.1,194730.75,11340.58,Cash on Delivery,Corporate,3.8
ORD100275,2025-01-05,CUST1088,Meera Nair,South,Hyderabad,Office Supplies,Pen Set,Pen Set,2,262.62,0.1,472.72,74.84,Cash on Delivery,Consumer,2.8
ORD100276,2025-10-23,CUST1089,Vikram Nair,South,Bengaluru,Furniture,Office Chair,Office Chair,2,8449.62,0.3,11829.47,-1553.8,UPI,Consumer,3.2
ORD100277,2024-01-29,CUST1389,Ishaan Rao,South,Hyderabad,Office Supplies,Printer Paper,Printer Paper,8,424.85,0.05,3228.86,808.46,Debit Card,Consumer,5.0
ORD100278,2024-06-28,CUST1150,Kavya Kapoor,West,Surat,Furniture,Desk,Desk,8,13106.41,0.1,94366.15,4549.2,UPI,Corporate,4.8
ORD100279,2025-10-29,CUST1379,Rahul Mehta,North,Jaipur,Electronics,Monitor,Monitor,4,13220.79,0.1,47594.84,3492.45,UPI,Consumer,4.9
ORD100280,2025-03-25,CUST1143,Karan Rao,North,Delhi,Electronics,Mouse,Mouse,2,949.92,0.1,1709.86,100.91,UPI,Small Business,2.9
ORD100281,2025-05-08,CUST1248,Meera Kumar,South,Bengaluru,Electronics,Keyboard,Keyboard,4,1922.28,0.2,6151.3,29.75,Cash on Delivery,Corporate,3.2
ORD100282,2024-07-01,CUST1205,Aditya Verma,South,Kochi,Electronics,Keyboard,Keyboard,2,1736.68,0.1,3126.02,360.41,UPI,Corporate,4.3
ORD100283,2025-03-31,CUST1394,Nisha Rao,East,Patna,Office Supplies,Notebook,Notebook,5,181.99,0.1,818.96,130.61,Credit Card,Consumer,4.5
ORD100284,2024-09-27,CUST1221,Aditya Das,South,Kochi,Furniture,Bookshelf,Bookshelf,6,6643.4,0.0,39860.4,5323.34,Credit Card,Corporate,3.4
ORD100285,2025-06-19,CUST1202,Nisha Verma,South,Kochi,Electronics,Headphones,Headphones,8,3441.78,0.15,23404.1,1122.74,UPI,Corporate,3.6
ORD100286,2024-03-07,CUST1187,Rahul Menon,West,Mumbai,Office Supplies,Pen Set,Pen Set,3,278.08,0.0,834.24,223.51,Credit Card,Consumer,3.2
ORD100287,2024-07-26,CUST1151,Rohan Kapoor,North,Jaipur,Office Supplies,Calculator,Calculator,2,684.12,0.0,1368.24,287.42,UPI,Small Business,5.0
ORD100288,2025-04-16,CUST1177,Aarav Menon,East,Kolkata,Furniture,Meeting Table,Meeting Table,2,19552.59,0.1,35194.66,2643.28,Credit Card,Consumer,3.6
ORD100289,2025-03-17,CUST1185,Vikram Menon,East,Kolkata,Office Supplies,Pen Set,Pen Set,4,254.73,0.1,917.03,125.81,Credit Card,Small Business,4.0
ORD100290,2025-09-06,CUST1306,Ananya Reddy,South,Kochi,Furniture,Desk,Desk,5,11431.06,0.3,40008.71,-4607.27,Net Banking,Small Business,4.1
ORD100291,2025-08-08,CUST1019,Arjun Patel,West,Surat,Office Supplies,Pen Set,Pen Set,1,264.21,0.15,224.58,25.98,Debit Card,Consumer,4.8
ORD100292,2024-01-11,CUST1201,Vikram Verma,South,Chennai,Electronics,Mouse,Mouse,7,909.11,0.2,5091.02,36.17,Net Banking,Consumer,3.3
ORD100293,2024-03-07,CUST1220,Priya Das,West,Ahmedabad,Office Supplies,Notebook,Notebook,4,169.0,0.05,642.2,129.39,Credit Card,Consumer,4.9
ORD100294,2024-09-15,CUST1302,Sneha Iyer,South,Hyderabad,Office Supplies,Printer Paper,Printer Paper,7,445.83,0.1,2808.73,481.39,UPI,Consumer,3.0
ORD100295,2025-12-01,CUST1267,Rahul Sharma,East,Kolkata,Office Supplies,Calculator,Calculator,4,675.78,0.3,1892.18,12.18,Credit Card,Small Business,4.9
ORD100296,2024-12-14,CUST1173,Aditya Joshi,East,Patna,Furniture,Bookshelf,Bookshelf,2,7432.41,0.1,13378.34,822.22,Cash on Delivery,Consumer,2.7
ORD100297,2025-10-13,CUST1044,Priya Iyer,West,Surat,Office Supplies,Stapler,Stapler,1,209.77,0.15,178.3,28.12,UPI,Corporate,3.9
ORD100298,2024-02-13,CUST1149,Ishaan Kapoor,South,Hyderabad,Furniture,Meeting Table,Meeting Table,5,19668.95,0.1,88510.28,3832.1,UPI,Small Business,5.0
ORD100299,2025-12-04,CUST1103,Rohan Gupta,South,Hyderabad,Office Supplies,Calculator,Calculator,5,639.28,0.05,3036.58,760.18,Cash on Delivery,Small Business,4.5
ORD100300,2024-02-14,CUST1082,Ananya Nair,North,Jaipur,Office Supplies,Pen Set,Pen Set,7,239.91,0.1,1511.43,252.9,Cash on Delivery,Consumer,4.3
ORD100301,2025-08-13,CUST1289,Aarav Iyer,South,Kochi,Office Supplies,Notebook,Notebook,8,169.73,0.05,1289.95,302.41,UPI,Small Business,3.2
ORD100302,2025-10-03,CUST1192,Pooja Menon,West,Pune,Furniture,Sofa,Sofa,2,25846.02,0.0,51692.04,6757.08,Net Banking,Consumer,3.4
ORD100303,2024-08-03,CUST1318,Sneha Reddy,North,Lucknow,Electronics,Smartphone,Smartphone,3,27381.65,0.05,78037.7,9658.72,Credit Card,Consumer,5.0
ORD100304,2024-08-07,CUST1056,Meera Reddy,West,Mumbai,Furniture,Office Chair,Office Chair,2,8553.96,0.05,16252.52,1333.21,Credit Card,Consumer,4.4
ORD100305,2025-03-01,CUST1395,Rahul Rao,East,Kolkata,Electronics,Printer,Printer,1,11388.24,0.05,10818.83,1623.68,Credit Card,Corporate,4.7
ORD100306,2025-06-11,CUST1190,Sneha Menon,North,Lucknow,Electronics,Headphones,Headphones,1,3678.29,0.2,2942.63,27.06,Cash on Delivery,Consumer,4.1
ORD100307,2024-03-28,CUST1102,Kavya Gupta,South,Bengaluru,Electronics,Keyboard,Keyboard,1,1929.29,0.05,1832.83,270.93,UPI,Consumer,3.8
ORD100308,2024-06-22,CUST1146,Ananya Kapoor,East,Bhubaneswar,Office Supplies,Pen Set,Pen Set,5,243.67,0.2,974.68,99.06,Net Banking,Consumer,4.6
ORD100309,2025-07-05,CUST1337,Aarav Nair,South,Kochi,Electronics,Laptop,Laptop,2,72014.64,0.1,129626.35,12238.76,UPI,Small Business,4.2
ORD100310,2025-08-13,CUST1284,Priya Patel,North,Delhi,Electronics,Laptop,Laptop,2,58937.73,0.0,117875.46,12542.28,Debit Card,Corporate,3.9
ORD100311,2024-04-22,CUST1069,Ishaan Singh,East,Guwahati,Electronics,Monitor,Monitor,1,13009.46,0.05,12358.99,2217.9,Debit Card,Corporate,2.9
ORD100312,2025-10-12,CUST1397,Aditya Rao,East,Bhubaneswar,Office Supplies,Notebook,Notebook,6,185.32,0.2,889.54,64.54,Net Banking,Corporate,4.7
ORD100313,2025-09-25,CUST1053,Ishaan Reddy,North,Delhi,Office Supplies,File Folder,File Folder,6,126.52,0.1,683.21,98.67,Cash on Delivery,Consumer,4.3
ORD100314,2025-09-26,CUST1111,Karan Gupta,South,Kochi,Electronics,Monitor,Monitor,8,13372.1,0.2,85581.44,-1549.26,Net Banking,Consumer,3.5
ORD100315,2024-06-24,CUST1292,Diya Iyer,North,Delhi,Electronics,Headphones,Headphones,1,3576.63,0.05,3397.8,438.62,Debit Card,Consumer,4.9
ORD100316,2025-05-04,CUST1212,Diya Das,East,Kolkata,Furniture,Bookshelf,Bookshelf,2,6790.31,0.15,11543.53,-248.98,UPI,Consumer,4.2
ORD100317,2024-04-27,CUST1179,Arjun Menon,East,Guwahati,Electronics,Monitor,Monitor,4,14306.59,0.15,48642.41,1657.48,Cash on Delivery,Small Business,4.2
ORD100318,2024-05-23,CUST1371,Arjun Mehta,East,Patna,Furniture,Bookshelf,Bookshelf,6,7315.36,0.3,30724.51,-4671.76,Credit Card,Consumer,4.7
ORD100319,2024-02-21,CUST1318,Sneha Reddy,West,Mumbai,Furniture,Office Chair,Office Chair,2,9469.15,0.0,18938.3,2523.41,Credit Card,Corporate,4.5
ORD100320,2024-12-26,CUST1385,Aarav Rao,West,Ahmedabad,Office Supplies,Pen Set,Pen Set,2,250.06,0.3,350.08,16.02,Credit Card,Small Business,4.2
ORD100321,2025-06-04,CUST1114,Ananya Mehta,South,Hyderabad,Electronics,Printer,Printer,4,12511.29,0.05,47542.9,7512.46,Credit Card,Small Business,
ORD100322,2024-05-25,CUST1341,Ishaan Nair,North,Lucknow,Office Supplies,Printer Paper,Printer Paper,1,462.23,0.2,369.78,39.96,Credit Card,Consumer,5.0
ORD100323,2024-05-16,CUST1086,Kavya Nair,East,Kolkata,Electronics,Headphones,Headphones,4,3394.52,0.1,12220.27,1045.62,UPI,Small Business,3.4
ORD100324,2024-07-21,CUST1323,Arjun Singh,West,Surat,Office Supplies,Printer Paper,Printer Paper,7,430.05,0.1,2709.32,454.13,UPI,Corporate,4.6
ORD100325,2024-05-24,CUST1220,Priya Das,West,Ahmedabad,Office Supplies,Stapler,Stapler,5,245.81,0.05,1167.6,254.73,Cash on Delivery,Consumer,3.9
ORD100326,2025-08-31,CUST1240,Pooja Bose,North,Lucknow,Office Supplies,Notebook,Notebook,4,170.19,0.15,578.65,61.34,Cash on Delivery,Corporate,4.3
ORD100327,2024-05-04,CUST1047,Karan Iyer,North,Jaipur,Furniture,Meeting Table,Meeting Table,4,19329.49,0.05,73452.06,4910.77,Credit Card,Consumer,4.9
ORD100328,2024-07-22,CUST1352,Pooja Nair,North,Lucknow,Electronics,Monitor,Monitor,8,13051.49,0.1,93970.73,10934.79,Cash on Delivery,Small Business,3.8
ORD100329,2024-08-11,CUST1112,Pooja Gupta,North,Chandigarh,Office Supplies,Stapler,Stapler,5,236.93,0.1,1066.19,204.98,Credit Card,Corporate,4.5
ORD100330,2024-05-28,CUST1240,Pooja Bose,East,Kolkata,Office Supplies,Stapler,Stapler,5,206.99,0.15,879.71,109.25,Credit Card,Corporate,4.2
ORD100331,2025-11-19,CUST1067,Arjun Singh,East,Patna,Electronics,Monitor,Monitor,8,15578.84,0.1,112167.65,7304.48,Cash on Delivery,Small Business,3.5
ORD100332,2024-06-02,CUST1371,Arjun Mehta,South,Kochi,Furniture,Sofa,Sofa,2,25222.01,0.15,42877.42,-638.44,Debit Card,Corporate,4.9
ORD100333,2024-12-21,CUST1129,Aarav Rao,South,Bengaluru,Furniture,Bookshelf,Bookshelf,1,6438.78,0.1,5794.9,-5.99,Net Banking,Consumer,4.5
ORD100334,2025-02-17,CUST1306,Ananya Reddy,West,Ahmedabad,Office Supplies,File Folder,File Folder,4,126.3,0.15,429.42,53.41,Credit Card,Consumer,3.7
ORD100335,2024-07-09,CUST1307,Arjun Reddy,South,Bengaluru,Office Supplies,Pen Set,Pen Set,3,258.2,0.15,658.41,84.86,Credit Card,Small Business,4.8
ORD100336,2024-12-10,CUST1221,Aditya Das,West,Ahmedabad,Office Supplies,Calculator,Calculator,2,633.27,0.15,1076.56,124.59,UPI,Corporate,3.4
ORD100337,2024-05-04,CUST1049,Aarav Reddy,West,Surat,Office Supplies,Pen Set,Pen Set,1,239.34,0.15,203.44,26.15,Cash on Delivery,Small Business,4.0
ORD100338,2024-12-18,CUST1112,Pooja Gupta,South,Kochi,Electronics,Laptop,Laptop,8,68778.28,0.1,495203.62,52205.62,UPI,Consumer,3.7
ORD100339,2024-01-14,CUST1245,Ishaan Kumar,North,Delhi,Furniture,Meeting Table,Meeting Table,5,19135.79,0.05,90895.0,7628.05,Credit Card,Consumer,4.6
ORD100340,2024-11-16,CUST1215,Rohan Das,West,Surat,Electronics,Monitor,Monitor,6,13607.79,0.15,69399.73,1558.84,UPI,Small Business,3.6
ORD100341,2024-09-23,CUST1234,Nisha Bose,East,Bhubaneswar,Office Supplies,Stapler,Stapler,1,240.41,0.0,240.41,58.58,Debit Card,Corporate,4.6
ORD100342,2024-09-13,CUST1100,Diya Gupta,South,Hyderabad,Furniture,Sofa,Sofa,3,23019.41,0.05,65605.32,5756.61,Credit Card,Consumer,4.4
ORD100343,2024-03-21,CUST1216,Meera Das,East,Patna,Furniture,Meeting Table,Meeting Table,5,16476.66,0.15,70025.81,2238.57,Net Banking,Consumer,3.7
ORD100344,2025-12-31,CUST1035,Arjun Iyer,East,Bhubaneswar,Electronics,Keyboard,Keyboard,5,1857.55,0.1,8358.98,737.28,Credit Card,Small Business,5.0
ORD100345,2024-01-20,CUST1194,Ananya Verma,West,Pune,Electronics,Keyboard,Keyboard,6,1662.4,0.1,8976.96,976.43,UPI,Corporate,3.4
ORD100346,2024-04-16,CUST1037,Ishaan Iyer,South,Bengaluru,Furniture,Meeting Table,Meeting Table,6,17295.59,0.3,72641.48,-8211.84,UPI,Consumer,2.9
ORD100347,2024-03-16,CUST1266,Nisha Sharma,West,Surat, electronics,Printer,Printer,4,12138.97,0.05,46128.09,6115.86,UPI,Consumer,4.6
ORD100348,2025-12-15,CUST1227,Arjun Bose,West,Pune,Electronics,Laptop,Laptop,7,62594.94,0.0,438164.58,91449.41,Debit Card,Consumer,2.4
ORD100349,2024-08-20,CUST1341,Ishaan Nair,North,Jaipur,Office Supplies,Calculator,Calculator,3,615.74,0.0,1847.22,517.32,Net Banking,Consumer,5.0
ORD100350,2024-11-11,CUST1185,Vikram Menon,North,Jaipur,Furniture,Office Chair,Office Chair,1,8964.96,0.05,8516.71,953.95,UPI,Consumer,4.1
ORD100351,2025-07-02,CUST1065,Aarav Singh,East,Kolkata,Furniture,Meeting Table,Meeting Table,8,18366.12,0.15,124889.62,494.66,Credit Card,Consumer,2.9
ORD100352,2024-02-06,CUST1095,Karan Nair,North,Jaipur,Furniture,Office Chair,Office Chair,1,9220.35,0.15,7837.3,403.65,UPI,Small Business,3.3
ORD100353,2024-02-18,CUST1326,Kavya Singh,South,Chennai,Office Supplies,Pen Set,Pen Set,3,256.97,0.1,693.82,103.81,Net Banking,Consumer,2.8
ORD100354,2024-05-13,CUST1384,Pooja Mehta,South,Chennai,Electronics,Smartphone,Smartphone,1,28178.03,0.05,26769.13,5102.25,Cash on Delivery,Small Business,4.3
ORD100355,2025-05-11,CUST1025,Vikram Patel,West,Ahmedabad,Office Supplies,Stapler,Stapler,2,210.64,0.1,379.15,69.84,Net Banking,Consumer,3.0
ORD100356,2025-12-16,CUST1271,Karan Sharma,West,Mumbai,Office Supplies,Notebook,Notebook,4,193.37,0.0,773.48,219.29,UPI,Consumer,4.4
ORD100357,2025-03-29,CUST1193,Aarav Verma,North,Chandigarh,Office Supplies,Notebook,Notebook,2,169.8,0.15,288.66,33.05,Credit Card,Consumer,3.8
ORD100358,2025-09-29,CUST1104,Meera Gupta,West,Surat,Furniture,Bookshelf,Bookshelf,4,6673.03,0.1,24022.91,1347.97,Cash on Delivery,Consumer,3.6
ORD100359,2025-10-06,CUST1205,Aditya Verma,North,Chandigarh,Office Supplies,Printer Paper,Printer Paper,8,488.32,0.0,3906.56,1116.0,UPI,Corporate,4.4
ORD100360,2024-07-21,CUST1375,Rohan Mehta,East,Bhubaneswar,Furniture,Bookshelf,Bookshelf,2,7441.44,0.15,12650.45,-438.77,Debit Card,Small Business,4.5
ORD100361,2024-05-14,CUST1080,Pooja Singh,West,Mumbai,Furniture,Bookshelf,Bookshelf,8,7243.83,0.15,49258.04,-570.56,Cash on Delivery,Corporate,4.9
ORD100362,2024-04-27,CUST1335,Karan Singh,West,Surat,Furniture,Sofa,Sofa,4,21805.5,0.05,82860.9,1986.07,Net Banking,Corporate,3.5
ORD100363,2025-08-03,CUST1036,Diya Iyer,North,Lucknow,Electronics,Headphones,Headphones,5,3247.99,0.1,14615.96,1323.35,Debit Card,Small Business,4.0
ORD100364,2025-05-04,CUST1289,Aarav Iyer,West,Ahmedabad,Electronics,Monitor,Monitor,4,14139.87,0.1,50903.53,3797.39,Credit Card,Corporate,3.5
ORD100365,2025-09-24,CUST1030,Sneha Patel,North,Delhi,Furniture,Bookshelf,Bookshelf,3,7449.36,0.0,22348.08,2560.1,Cash on Delivery,Corporate,4.1
ORD100366,2025-01-05,CUST1025,Vikram Patel,East,Kolkata, electronics,Laptop,Laptop,1,65136.64,0.05,61879.81,13031.34,Credit Card,Corporate,3.4
ORD100367,2025-12-14,CUST1015,Karan Sharma,South,Bengaluru,Furniture,Desk,Desk,5,10845.65,0.15,46094.01,1633.81,Cash on Delivery,Consumer,3.7
ORD100368,2025-10-15,CUST1322,Ananya Singh,South,Chennai,Furniture,Sofa,Sofa,8,22572.95,0.2,144466.88,-12422.16,Credit Card,Consumer,3.7
ORD100369,2025-08-14,CUST1230,Kavya Bose,North,Lucknow,Office Supplies,File Folder,File Folder,5,123.54,0.1,555.93,99.45,Net Banking,Corporate,4.2
ORD100370,2025-08-10,CUST1277,Ishaan Patel,West,Mumbai,Electronics,Laptop,Laptop,5,68427.3,0.1,307922.85,35402.9,Cash on Delivery,Corporate,4.0
ORD100371,2024-03-31,CUST1063,Karan Reddy,South,Bengaluru,Office Supplies,Notebook,Notebook,6,163.32,0.1,881.93,138.07,Credit Card,Consumer,4.4
ORD100372,2025-06-28,CUST1369,Aarav Mehta,East,Patna,Furniture,Meeting Table,Meeting Table,4,16371.59,0.1,58937.72,2325.55,UPI,Small Business,3.9
ORD100373,2025-11-23,CUST1324,Diya Singh,South,Kochi,Electronics,Monitor,Monitor,1,13404.84,0.0,13404.84,2505.36,UPI,Consumer,3.6
ORD100374,2024-08-01,CUST1196,Diya Verma,South,Chennai,Electronics,Laptop,Laptop,5,59694.07,0.05,283546.83,29442.0,Net Banking,Corporate,4.1
ORD100375,2025-08-18,CUST1360,Meera Gupta,West,Pune,Electronics,Mouse,Mouse,7,917.31,0.2,5136.94,-81.08,Debit Card,Small Business,3.3
ORD100376,2024-09-12,CUST1058,Nisha Reddy,North,Chandigarh,Electronics,Headphones,Headphones,3,3245.25,0.15,8275.39,470.1,UPI,Consumer,4.4
ORD100377,2024-06-04,CUST1117,Ishaan Mehta,East,Guwahati,Electronics,Headphones,Headphones,7,3649.13,0.2,20435.13,255.13,Net Banking,Small Business,3.8
ORD100378,2025-06-18,CUST1020,Diya Patel,East,Patna,Furniture,Meeting Table,Meeting Table,7,19277.81,0.0,134944.67,13802.94,Cash on Delivery,Small Business,4.2
ORD100379,2024-04-30,CUST1066,Ananya Singh,South,Kochi,Furniture,Desk,Desk,2,13362.16,0.1,24051.89,364.16,Net Banking,Corporate,4.2
ORD100380,2024-12-17,CUST1337,Aarav Nair,South,Kochi, electronics,Keyboard,Keyboard,5,1995.57,0.1,8980.06,832.95,Debit Card,Small Business,5.0
ORD100381,2025-11-15,CUST1164,Diya Joshi,North,Delhi,Electronics,Mouse,Mouse,6,864.13,0.05,4925.54,786.38,Cash on Delivery,Corporate,4.3
ORD100382,2024-04-24,CUST1259,Arjun Sharma,West,Mumbai,Electronics,Keyboard,Keyboard,4,1631.65,0.05,6200.27,840.68,Net Banking,Consumer,4.1
ORD100383,2024-04-23,CUST1353,Aarav Gupta,West,Ahmedabad,Furniture,Desk,Desk,6,11669.65,0.15,59515.22,1968.07,UPI,Corporate,3.5
ORD100384,2025-11-20,CUST1306,Ananya Reddy,North,Delhi,Electronics,Keyboard,Keyboard,8,1900.56,0.15,12923.81,453.68,Cash on Delivery,Consumer,4.6
ORD100385,2025-07-22,CUST1160,Pooja Kapoor,North,Jaipur,Furniture,Sofa,Sofa,6,21915.75,0.1,118345.05,4713.42,Credit Card,Consumer,3.8
ORD100386,2024-12-03,CUST1140,Priya Rao,North,Delhi,Electronics,Laptop,Laptop,7,63643.89,0.05,423231.87,54445.65,Cash on Delivery,Consumer,2.9
ORD100387,2024-10-23,CUST1044,Priya Iyer,North,Lucknow,Electronics,Smartphone,Smartphone,7,27035.89,0.1,170326.11,18684.61,Net Banking,Consumer,3.9
ORD100388,2025-12-05,CUST1332,Priya Singh,West,Mumbai,Office Supplies,Calculator,Calculator,7,616.37,0.0,4314.59,994.34,Debit Card,Small Business,4.1
ORD100389,2025-06-13,CUST1394,Nisha Rao,West,Mumbai,Electronics,Laptop,Laptop,7,68597.67,0.0,480183.69,109570.69,UPI,Small Business,3.4
ORD100390,2025-10-25,CUST1201,Vikram Verma,North,Delhi,Electronics,Printer,Printer,2,12540.02,0.1,22572.04,1190.33,UPI,Small Business,3.9
ORD100391,2024-03-08,CUST1200,Meera Verma,East,Kolkata,Electronics,Laptop,Laptop,1,66157.57,0.05,62849.69,11337.27,UPI,Consumer,3.9
ORD100392,2025-01-22,CUST1340,Diya Nair,North,Chandigarh,Office Supplies,Printer Paper,Printer Paper,2,495.17,0.3,693.24,-1.91,Debit Card,Corporate,4.0
ORD100393,2025-06-14,CUST1137,Vikram Rao,South,Bengaluru,Office Supplies,Calculator,Calculator,2,1303.97,0.1,2347.15,419.69,Net Banking,Corporate,4.9
ORD100394,2024-01-27,CUST1163,Arjun Joshi,East,Patna,Office Supplies,File Folder,File Folder,6,111.95,0.0,671.7,190.34,UPI,Consumer,3.0
ORD100395,2025-01-09,CUST1358,Kavya Gupta,East,Bhubaneswar,Office Supplies,Pen Set,Pen Set,5,246.09,0.0,1230.45,334.0,UPI,Corporate,5.0
ORD100396,2024-02-10,CUST1152,Meera Kapoor,West,Ahmedabad,Electronics,Monitor,Monitor,4,14620.12,0.15,49708.41,1702.48,Debit Card,Consumer,4.0
ORD100397,2025-10-20,CUST1371,Arjun Mehta,North,Chandigarh,Office Supplies,Calculator,Calculator,1,668.52,0.0,668.52,177.16,UPI,Small Business,4.4
ORD100398,2025-05-12,CUST1065,Aarav Singh,North,Chandigarh,Electronics,Mouse,Mouse,6,824.66,0.05,4700.56,865.78,UPI,Consumer,4.1
ORD100399,2024-05-17,CUST1199,Rohan Verma,South,Kochi,Office Supplies,Pen Set,Pen Set,3,277.71,0.1,749.82,107.09,UPI,Small Business,2.7
ORD100400,2025-01-16,CUST1196,Diya Verma,South,Chennai,Furniture,Bookshelf,Bookshelf,7,6769.8,0.05,45019.17,5873.23,Debit Card,Small Business,3.2
ORD100401,2024-03-20,CUST1123,Rahul Mehta,West,,Furniture,Meeting Table,Meeting Table,1,17621.53,0.1,15859.38,708.0,Credit Card,Corporate,3.6
ORD100402,2025-08-10,CUST1386,Ananya Rao,West,Surat,Office Supplies,Pen Set,Pen Set,3,259.3,0.1,700.11,107.94,Net Banking,Consumer,4.7
ORD100403,2024-05-23,CUST1194,Ananya Verma,South,Kochi,Electronics,Keyboard,Keyboard,1,1994.29,0.0,1994.29,314.44,UPI,Consumer,3.0
ORD100404,2025-03-19,CUST1352,Pooja Nair,West,Ahmedabad,Office Supplies,Pen Set,Pen Set,3,261.45,0.15,666.7,77.95,UPI,Small Business,3.4
ORD100405,2024-02-27,CUST1088,Meera Nair,South,Hyderabad,Furniture,Meeting Table,Meeting Table,8,19980.9,0.1,143862.48,-1997.09,Net Banking,Consumer,4.1
ORD100406,2024-04-25,CUST1140,Priya Rao,East,Patna,Office Supplies,Pen Set,Pen Set,4,235.32,0.1,847.15,130.99,Cash on Delivery,Consumer,4.4
ORD100407,2025-12-17,CUST1192,Pooja Menon,South,Hyderabad,Office Supplies,Pen Set,Pen Set,4,259.03,0.0,1036.12,252.22,Credit Card,Small Business,4.3
ORD100408,2024-10-09,CUST1226,Ananya Bose,North,Lucknow,Electronics,Headphones,Headphones,3,3788.24,0.1,10228.25,696.95,Net Banking,Corporate,3.3
ORD100409,2024-03-30,CUST1092,Priya Nair,West,Mumbai,Office Supplies,File Folder,File Folder,3,121.44,0.05,346.1,78.29,Net Banking,Corporate,2.8
ORD100410,2025-05-26,CUST1126,Sneha Mehta,North,Jaipur,Furniture,Office Chair,Office Chair,6,8327.26,0.1,44967.2,1327.92,Cash on Delivery,Consumer,4.4
ORD100411,2024-05-26,CUST1249,Vikram Kumar,North,Delhi,Office Supplies,Stapler,Stapler,8,245.66,0.05,1867.02,357.73,Credit Card,Consumer,5.0
ORD100412,2025-03-06,CUST1112,Pooja Gupta,North,Delhi,Electronics,Laptop,Laptop,6,60516.12,0.3,254167.7,-21129.81,UPI,Small Business,3.7
ORD100413,2025-08-14,CUST1304,Pooja Iyer,South,Bengaluru,Furniture,Meeting Table,Meeting Table,6,17827.28,0.05,101615.5,8777.31,UPI,Consumer,3.1
ORD100414,2025-05-14,CUST1191,Karan Menon,North,Delhi,Office Supplies,Notebook,Notebook,4,196.59,0.2,629.09,51.48,Net Banking,Consumer,3.7
ORD100415,2024-06-29,CUST1388,Diya Rao,North,Jaipur,Furniture,Desk,Desk,1,13177.27,0.2,10541.82,-711.83,Net Banking,Consumer,4.3
ORD100416,2024-06-22,CUST1096,Pooja Nair,East,Bhubaneswar,Electronics,Printer,Printer,6,13388.21,0.1,72296.33,7095.26,Credit Card,Corporate,3.8
ORD100417,2024-06-11,CUST1338,Ananya Nair,West,Ahmedabad,Electronics,Smartphone,Smartphone,7,30650.66,0.05,203826.89,27767.97,UPI,Consumer,5.0
ORD100418,2025-04-06,CUST1197,Ishaan Verma,North,Lucknow,Office Supplies,Notebook,Notebook,5,164.02,0.05,779.1,139.47,UPI,Small Business,4.7
ORD100419,2025-05-06,CUST1035,Arjun Iyer,South,Kochi,Electronics,Mouse,Mouse,1,994.09,0.3,695.86,-57.21,Credit Card,Consumer,4.1
ORD100420,2025-01-15,CUST1283,Rahul Patel,East,Bhubaneswar,Office Supplies,Notebook,Notebook,6,178.96,0.1,966.38,173.45,Cash on Delivery,Consumer,2.5
ORD100421,2024-10-18,CUST1085,Ishaan Nair,West,Pune,Office Supplies,Printer Paper,Printer Paper,8,469.51,0.1,3380.47,606.13,Credit Card,Small Business,3.5
ORD100422,2024-02-15,CUST1056,Meera Reddy,East,Patna,Electronics,Headphones,Headphones,2,3453.59,0.0,6907.18,1203.58,Debit Card,Small Business,3.6
ORD100423,2025-09-02,CUST1213,Ishaan Das,West,Mumbai,Electronics,Printer,Printer,2,12948.08,0.2,20716.93,557.69,Credit Card,Corporate,3.4
ORD100424,2025-04-27,CUST1315,Rahul Reddy,East,Guwahati,Office Supplies,Pen Set,Pen Set,6,256.68,0.0,1540.08,347.29,Net Banking,Small Business,4.1
ORD100425,2025-04-11,CUST1104,Meera Gupta,South,Bengaluru,Electronics,Laptop,Laptop,3,70591.29,0.0,211773.87,33095.03,Net Banking,Consumer,4.2
ORD100426,2024-03-16,CUST1250,Nisha Kumar,North,Delhi,Furniture,Meeting Table,Meeting Table,6,16967.34,0.05,96713.84,6887.83,UPI,Consumer,2.7
ORD100427,2024-07-29,CUST1006,Kavya Sharma,West,Ahmedabad,Office Supplies,Calculator,Calculator,6,611.45,0.1,3301.83,668.42,Debit Card,Consumer,4.6
ORD100428,2024-08-10,CUST1074,Nisha Singh,West,Pune,Furniture,Meeting Table,Meeting Table,3,17943.89,0.2,43065.34,-1977.5,Net Banking,Consumer,4.0
ORD100429,2025-03-13,CUST1302,Sneha Iyer,North,Delhi,Furniture,Desk,Desk,1,10812.54,0.15,9190.66,-132.2,Cash on Delivery,Corporate,
ORD100430,2025-07-29,CUST1006,Kavya Sharma,East,Guwahati,Office Supplies,File Folder,File Folder,5,126.29,0.05,599.88,147.63,Credit Card,Small Business,
ORD100431,2025-09-25,CUST1144,Pooja Rao,North,Delhi,Furniture,Bookshelf,Bookshelf,4,6755.92,0.05,25672.5,1805.46,UPI,Consumer,3.4
ORD100432,2025-01-16,CUST1204,Priya Verma,East,Guwahati,Electronics,Headphones,Headphones,7,3579.12,0.15,21295.76,2307.79,Credit Card,Consumer,4.9
ORD100433,2024-09-23,CUST1027,Rahul Patel,West,Mumbai,Furniture,Desk,Desk,3,10984.81,0.1,29658.99,658.96,Debit Card,Small Business,3.9
ORD100434,2024-10-25,CUST1392,Meera Rao,North,Jaipur,Office Supplies,File Folder,File Folder,2,112.51,0.0,225.02,50.56,UPI,Corporate,5.0
ORD100435,2025-06-22,CUST1204,Priya Verma,South,Kochi,Office Supplies,Stapler,Stapler,7,228.15,0.05,1517.2,308.51,Cash on Delivery,Consumer,3.3
ORD100436,2024-08-20,CUST1136,Meera Rao,North,Delhi,Furniture,Office Chair,Office Chair,6,8221.59,0.1,44396.59,1277.42,UPI,Consumer,5.0
ORD100437,2024-10-30,CUST1391,Rohan Rao,East,Patna,Electronics,Monitor,Monitor,5,13261.34,0.3,46414.69,-4418.35,Cash on Delivery,Consumer,3.3
ORD100438,2025-07-28,CUST1224,Pooja Das,West,Ahmedabad,Electronics,Monitor,Monitor,8,13304.85,0.15,90472.98,10635.04,Credit Card,Consumer,5.0
ORD100439,2025-01-31,CUST1272,Pooja Sharma,North,Lucknow,Electronics,Laptop,Laptop,7,61571.92,0.0,431003.44,81013.85,UPI,Consumer,3.3
ORD100440,2024-12-07,CUST1037,Ishaan Iyer,South,Chennai,Electronics,Laptop,Laptop,7,67406.77,0.15,401070.28,25711.11,Credit Card,Consumer,4.8
ORD100441,2025-06-20,CUST1064,Pooja Reddy,West,Ahmedabad,office supplies,File Folder,File Folder,7,112.43,0.05,747.66,146.51,Debit Card,Consumer,3.7
ORD100442,2024-07-29,CUST1019,Arjun Patel,South,Kochi,Electronics,Laptop,Laptop,4,63686.7,0.2,203797.44,-905.21,Net Banking,Consumer,4.5
ORD100443,2024-02-14,CUST1206,Sneha Verma,North,Lucknow,Office Supplies,File Folder,File Folder,1,126.16,0.05,119.85,27.94,Credit Card,Consumer,4.0
ORD100444,2025-07-30,CUST1335,Karan Singh,South,Chennai,Electronics,Headphones,Headphones,5,3545.53,0.05,16841.27,1610.09,UPI,Consumer,3.2
ORD100445,2024-11-28,CUST1361,Vikram Gupta,East,Patna,Electronics,Printer,Printer,7,12376.82,0.1,77973.97,5179.68,Cash on Delivery,Consumer,1.9
ORD100446,2024-08-25,CUST1230,Kavya Bose,East,Kolkata,Furniture,Office Chair,Office Chair,8,8119.2,0.05,61705.92,4400.7,Credit Card,Small Business,5.0
ORD100447,2024-03-10,CUST1022,Kavya Patel,South,Hyderabad,Electronics,Headphones,Headphones,6,3868.19,0.05,22048.68,3776.41,UPI,Corporate,4.1
ORD100448,2025-11-08,CUST1251,Rahul Kumar,West,Pune,Office Supplies,Notebook,Notebook,5,178.39,0.1,802.76,124.94,Net Banking,Consumer,1.8
ORD100449,2025-06-13,CUST1256,Pooja Kumar,East,Guwahati,Office Supplies,File Folder,File Folder,5,115.58,0.15,491.22,65.28,UPI,Consumer,
ORD100450,2024-07-19,CUST1239,Karan Bose,South,Hyderabad,Office Supplies,File Folder,File Folder,1,131.87,0.2,105.5,8.51,UPI,Corporate,4.5
ORD100451,2025-03-20,CUST1289,Aarav Iyer,West,Mumbai,Electronics,Mouse,Mouse,1,939.75,0.05,892.76,151.69,Credit Card,Consumer,3.5
ORD100452,2024-12-05,CUST1223,Karan Das,West,Ahmedabad,Office Supplies,File Folder,File Folder,1,124.21,0.0,124.21,26.13,Debit Card,Corporate,3.5
ORD100453,2024-08-26,CUST1282,Nisha Patel,South,Kochi,Electronics,Printer,Printer,8,13140.98,0.1,94615.06,10729.26,Credit Card,Small Business,4.0
ORD100454,2024-08-15,CUST1195,Arjun Verma,North,Jaipur,Office Supplies,Notebook,Notebook,7,164.32,0.1,1035.22,165.66,Cash on Delivery,Consumer,4.9
ORD100455,2024-02-25,CUST1061,Aditya Reddy,East,Bhubaneswar,Furniture,Office Chair,Office Chair,3,9216.46,0.05,26266.91,2643.03,UPI,Consumer,4.1
ORD100456,2025-12-13,CUST1032,Pooja Patel,East,Patna,Electronics,Laptop,Laptop,4,68193.46,0.2,218219.07,-2287.38,Cash on Delivery,Consumer,5.0
ORD100457,2025-11-07,CUST1363,Rahul Gupta,North,Delhi,Electronics,Monitor,Monitor,4,13708.78,0.3,38384.58,-2855.44,UPI,Corporate,4.8
ORD100458,2025-09-28,CUST1177,Aarav Menon,East,Bhubaneswar,Electronics,Smartphone,Smartphone,2,26779.12,0.0,53558.24,9503.23,UPI,Consumer,3.8
ORD100459,2024-08-18,CUST1129,Aarav Rao,West,Ahmedabad,Electronics,Laptop,Laptop,4,59998.72,0.15,203995.65,5597.46,UPI,Corporate,2.8
ORD100460,2025-12-29,CUST1118,Kavya Mehta,North,Jaipur,Office Supplies,Pen Set,Pen Set,3,276.76,0.1,747.25,99.38,UPI,Consumer,3.8
ORD100461,2024-07-20,CUST1021,Ishaan Patel,East,Patna,Office Supplies,Printer Paper,Printer Paper,6,419.05,0.05,2388.58,460.97,Credit Card,Corporate,4.4
ORD100462,2025-08-25,CUST1379,Rahul Mehta,North,Jaipur,Office Supplies,Calculator,Calculator,7,622.1,0.1,3919.23,659.4,Net Banking,Corporate,4.0
ORD100463,2024-03-14,CUST1034,Ananya Iyer,East,Patna,Electronics,Laptop,Laptop,1,68382.83,0.0,68382.83,11014.91,Net Banking,Consumer,4.5
ORD100464,2024-08-14,CUST1088,Meera Nair,South,Chennai,Furniture,Meeting Table,Meeting Table,4,19012.2,0.0,76048.8,8498.31,Debit Card,Small Business,4.6
ORD100465,2025-02-26,CUST1184,Meera Menon,North,Chandigarh,Electronics,Smartphone,Smartphone,8,26190.34,0.3,146665.9,-17914.5,UPI,Small Business,4.4
ORD100466,2025-12-08,CUST1144,Pooja Rao,West,Ahmedabad,Furniture,Bookshelf,Bookshelf,7,7553.76,0.1,47588.69,1224.64,Net Banking,Consumer,3.8
ORD100467,2024-07-13,CUST1016,Pooja Sharma,North,Delhi,Electronics,Monitor,Monitor,7,14171.68,0.05,94241.67,15369.84,Credit Card,Small Business,4.4
ORD100468,2024-11-12,CUST1132,Diya Rao,East,Kolkata,Electronics,Monitor,Monitor,6,15213.25,0.1,82151.55,9252.69,Debit Card,Small Business,5.0
ORD100469,2025-09-08,CUST1312,Meera Reddy,North,Chandigarh,Furniture,Sofa,Sofa,1,22060.87,0.3,15442.61,-2118.31,Debit Card,Consumer,2.9
ORD100470,2024-12-11,CUST1101,Ishaan Gupta,West,Ahmedabad,Electronics,Keyboard,Keyboard,8,1636.96,0.1,11786.11,1191.47,UPI,Corporate,4.4
ORD100471,2025-05-14,CUST1347,Rahul Nair,East,Guwahati,Furniture,Bookshelf,Bookshelf,6,7280.97,0.2,34948.66,-2471.1,Credit Card,Corporate,5.0
ORD100472,2024-11-01,CUST1145,Aarav Kapoor,West,Mumbai,Office Supplies,Stapler,Stapler,8,205.26,0.2,1313.66,158.44,Cash on Delivery,Corporate,3.1
ORD100473,2024-01-03,CUST1006,Kavya Sharma,South,Hyderabad,Electronics,Mouse,Mouse,8,913.94,0.05,6945.94,1314.13,UPI,Small Business,4.8
ORD100474,2024-07-25,CUST1044,Priya Iyer,South,Kochi,Office Supplies,Pen Set,Pen Set,3,225.78,0.15,575.74,72.9,Debit Card,Consumer,4.9
ORD100475,2025-02-17,CUST1325,Ishaan Singh,East,Kolkata,Furniture,Desk,Desk,1,12859.01,0.15,10930.16,625.94,Cash on Delivery,Consumer,2.9
ORD100476,2024-01-15,CUST1163,Arjun Joshi,West,Pune,Office Supplies,Notebook,Notebook,6,197.62,0.15,1007.86,106.32,Credit Card,Consumer,4.5
ORD100477,2024-06-18,CUST1393,Vikram Rao,West,Pune,Office Supplies,Calculator,Calculator,4,704.96,0.05,2678.85,472.07,Credit Card,Corporate,3.8
ORD100478,2025-11-27,CUST1316,Priya Reddy,North,Lucknow,Office Supplies,File Folder,File Folder,1,133.3,0.0,133.3,30.96,Credit Card,Consumer,4.0
ORD100479,2024-01-12,CUST1013,Aditya Sharma,East,Bhubaneswar,Office Supplies,Stapler,Stapler,3,241.71,0.0,725.13,177.3,Net Banking,Consumer,3.8
ORD100480,2024-06-29,CUST1125,Aditya Mehta,North,Jaipur,Office Supplies,Stapler,Stapler,8,219.49,0.1,1580.33,352.1,Credit Card,Consumer,5.0
ORD100481,2025-03-28,CUST1290,Ananya Iyer,South,Hyderabad,Office Supplies,Pen Set,Pen Set,3,246.91,0.15,629.62,72.7,Credit Card,Corporate,3.9
ORD100482,2025-02-15,CUST1026,Nisha Patel,West,Mumbai,Electronics,Laptop,Laptop,3,71315.43,0.15,181854.35,5639.05,UPI,Consumer,3.7
ORD100483,2024-05-29,CUST1400,Pooja Rao,South,Kochi,Electronics,Printer,Printer,6,13247.12,0.1,71534.45,5189.0,Cash on Delivery,Consumer,3.7
ORD100484,2024-02-13,CUST1067,Arjun Singh,West,Surat,Office Supplies,Pen Set,Pen Set,6,278.51,0.0,1671.06,465.39,Net Banking,Consumer,3.7
ORD100485,2025-10-19,CUST1319,Karan Reddy,South,Hyderabad,Electronics,Laptop,Laptop,3,69486.94,0.0,208460.82,42720.41,Debit Card,Consumer,3.2
ORD100486,2025-02-06,CUST1337,Aarav Nair,North,Chandigarh,Electronics,Monitor,Monitor,7,13222.13,0.15,78671.67,3175.43,Cash on Delivery,Consumer,3.6
ORD100487,2025-02-23,CUST1203,Rahul Verma,South,Hyderabad,Electronics,Printer,Printer,5,13294.68,0.1,59826.06,2877.96,Debit Card,Consumer,4.1
ORD100488,2024-02-12,CUST1322,Ananya Singh,East,Patna,Furniture,Desk,Desk,2,13300.45,0.15,22610.76,-807.54,Cash on Delivery,Corporate,4.3
ORD100489,2024-06-01,CUST1354,Ananya Gupta,West,Surat,Electronics,Printer,Printer,3,12558.59,0.0,37675.77,8402.87,UPI,Consumer,4.9
ORD100490,2024-02-23,CUST1294,Kavya Iyer,East,Bhubaneswar,Office Supplies,File Folder,File Folder,7,130.63,0.1,822.97,149.96,UPI,Consumer,4.2
ORD100491,2025-12-16,CUST1284,Priya Patel,West,Pune,Office Supplies,Printer Paper,Printer Paper,1,460.56,0.2,368.45,30.08,Net Banking,Corporate,3.6
ORD100492,2025-07-16,CUST1156,Priya Kapoor,West,Ahmedabad,Office Supplies,Stapler,Stapler,1,243.7,0.0,243.7,72.31,Credit Card,Consumer,3.2
ORD100493,2025-02-03,CUST1117,Ishaan Mehta,West,Mumbai,Electronics,Laptop,Laptop,6,59843.29,0.0,359059.74,82209.66,Credit Card,Consumer,4.2
ORD100494,2025-05-12,CUST1348,Priya Nair,East,Patna,Furniture,Bookshelf,Bookshelf,4,7630.5,0.15,25943.7,-217.89,Net Banking,Consumer,3.9
ORD100495,2024-04-30,CUST1090,Nisha Nair,South,Kochi,Furniture,Bookshelf,Bookshelf,3,6385.48,0.1,17240.8,595.85,Debit Card,Consumer,3.9
ORD100496,2025-12-23,CUST1166,Kavya Joshi,South,Hyderabad,Furniture,Desk,Desk,4,11695.24,0.3,32746.67,-4897.3,UPI,Consumer,4.2
ORD100497,2025-01-13,CUST1206,Sneha Verma,North,Jaipur,Office Supplies,Stapler,Stapler,2,204.55,0.2,327.28,23.85,Credit Card,Small Business,4.4
ORD100498,2025-01-12,CUST1157,Aditya Kapoor,South,Bengaluru,Electronics,Laptop,Laptop,3,65351.63,0.15,166646.66,2556.67,Credit Card,Consumer,4.2
ORD100499,2025-12-02,CUST1150,Kavya Kapoor,West,Pune,Office Supplies,Calculator,Calculator,2,618.21,0.0,1236.42,263.04,UPI,Corporate,3.9
ORD100500,2024-03-11,CUST1240,Pooja Bose,South,Hyderabad,Electronics,Mouse,Mouse,5,998.51,0.1,4493.3,233.35,UPI,Small Business,3.4
ORD100501,2024-11-06,CUST1132,Diya Rao,North,Lucknow,Office Supplies,Notebook,Notebook,6,184.15,0.2,883.92,94.68,Credit Card,Consumer,3.5
ORD100502,2024-03-05,CUST1396,Priya Rao,East,Guwahati,Furniture,Bookshelf,Bookshelf,8,7682.51,0.1,55314.07,-223.2,Net Banking,Corporate,4.6
ORD100503,2024-11-06,CUST1072,Meera Singh,West,Surat,Electronics,Keyboard,Keyboard,1,1730.11,0.3,1211.08,-31.79,Credit Card,Consumer,3.7
ORD100504,2024-07-14,CUST1156,Priya Kapoor,West,,Office Supplies,Notebook,Notebook,3,163.03,0.15,415.73,43.34,Credit Card,Corporate,3.0
ORD100505,2024-12-03,CUST1339,Arjun Nair,South,Hyderabad,Electronics,Monitor,Monitor,3,14989.02,0.0,44967.06,10047.16,Debit Card,Small Business,4.9
ORD100506,2025-05-28,CUST1191,Karan Menon,South,Bengaluru,Office Supplies,Pen Set,Pen Set,5,488.43,0.1,2197.94,342.6,UPI,Consumer,3.3
ORD100507,2024-07-23,CUST1283,Rahul Patel,East,Guwahati,Furniture,Office Chair,Office Chair,5,8670.07,0.15,36847.8,-1719.12,Credit Card,Small Business,4.0
ORD100508,2024-02-07,CUST1259,Arjun Sharma,North,Jaipur,Electronics,Mouse,Mouse,8,971.44,0.0,7771.52,1648.3,UPI,Consumer,4.4
ORD100509,2024-04-28,CUST1133,Ishaan Rao,South,Hyderabad,Electronics,Headphones,Headphones,8,3796.86,0.05,28856.14,4979.03,Debit Card,Corporate,4.0
ORD100510,2025-06-07,CUST1298,Nisha Iyer,North,Lucknow,Office Supplies,Calculator,Calculator,7,669.07,0.15,3980.97,397.49,UPI,Consumer,2.1
ORD100511,2025-02-27,CUST1096,Pooja Nair,West,Pune,Electronics,Keyboard,Keyboard,2,2002.51,0.0,4005.02,687.7,Credit Card,Consumer,4.3
ORD100512,2025-12-16,CUST1300,Priya Iyer,East,Guwahati,Office Supplies,Printer Paper,Printer Paper,1,476.25,0.05,452.44,83.64,Credit Card,Consumer,5.0
ORD100513,2025-10-15,CUST1052,Diya Reddy,West,Mumbai,Office Supplies,Printer Paper,Printer Paper,8,472.01,0.15,3209.67,383.51,Net Banking,Small Business,4.6
ORD100514,2024-04-27,CUST1278,Kavya Patel,West,Ahmedabad,Office Supplies,Stapler,Stapler,8,215.49,0.15,1465.33,183.45,Debit Card,Corporate,2.4
ORD100515,2025-06-21,CUST1046,Sneha Iyer,West,Pune,Electronics,Monitor,Monitor,3,12606.96,0.1,34038.79,2934.67,Cash on Delivery,Small Business,5.0
ORD100516,2024-03-07,CUST1348,Priya Nair,North,Jaipur,Office Supplies,File Folder,File Folder,1,114.36,0.3,80.05,-4.04,Debit Card,Consumer,3.0
ORD100517,2024-03-11,CUST1251,Rahul Kumar,West,Ahmedabad,Office Supplies,Calculator,Calculator,6,694.24,0.2,3332.35,218.2,UPI,Consumer,3.2
ORD100518,2025-08-02,CUST1017,Aarav Patel,North,Delhi,Electronics,Monitor,Monitor,5,14786.4,0.1,66538.8,7491.47,UPI,Consumer,4.6
ORD100519,2024-10-20,CUST1044,Priya Iyer,South,Hyderabad,Electronics,Headphones,Headphones,8,3404.89,0.0,27239.12,4760.79,UPI,Consumer,4.3
ORD100520,2025-12-30,CUST1075,Rahul Singh,East,Guwahati,Electronics,Smartphone,Smartphone,5,29053.59,0.15,123477.76,5471.79,UPI,Consumer,4.1
ORD100521,2024-01-04,CUST1385,Aarav Rao,South,Bengaluru,Furniture,Meeting Table,Meeting Table,7,16973.34,0.05,112872.71,6121.15,UPI,Small Business,3.6
ORD100522,2025-01-02,CUST1236,Priya Bose,North,Delhi,Office Supplies,Stapler,Stapler,7,210.76,0.2,1180.26,76.42,Credit Card,Small Business,5.0
ORD100523,2024-08-13,CUST1112,Pooja Gupta,North,Jaipur,Furniture,Desk,Desk,1,13301.16,0.1,11971.04,840.65,Debit Card,Consumer,4.0
ORD100524,2025-12-21,CUST1111,Karan Gupta,West,Mumbai,Furniture,Bookshelf,Bookshelf,2,6936.3,0.05,13178.97,645.84,Debit Card,Consumer,2.8
ORD100525,2025-05-04,CUST1011,Rahul Sharma,South,Bengaluru,Electronics,Monitor,Monitor,7,13354.56,0.1,84133.73,9508.84,UPI,Corporate,
ORD100526,2025-07-18,CUST1082,Ananya Nair,South,Hyderabad,Electronics,Smartphone,Smartphone,2,28200.59,0.1,50761.06,4882.02,Credit Card,Corporate,4.2
ORD100527,2024-07-31,CUST1343,Rohan Nair,West,Mumbai,Electronics,Printer,Printer,2,11821.72,0.2,18914.75,304.91,UPI,Corporate,4.8
ORD100528,2025-10-15,CUST1240,Pooja Bose,North,Chandigarh,Office Supplies,Printer Paper,Printer Paper,7,477.22,0.05,3173.51,600.4,Credit Card,Consumer,4.4
ORD100529,2025-09-06,CUST1148,Diya Kapoor,West,Mumbai,Office Supplies,Printer Paper,Printer Paper,2,500.25,0.2,800.4,56.99,Credit Card,Consumer,5.0
ORD100530,2025-07-27,CUST1009,Vikram Sharma,West,Surat,Furniture,Desk,Desk,2,12362.19,0.0,24724.38,2963.39,UPI,Consumer,3.8
ORD100531,2024-12-14,CUST1138,Nisha Rao,East,Guwahati,Office Supplies,Pen Set,Pen Set,1,257.51,0.15,218.88,23.96,UPI,Small Business,4.0
ORD100532,2025-11-04,CUST1154,Nisha Kapoor,North,Jaipur,Electronics,Laptop,Laptop,4,63717.12,0.2,203894.78,3728.38,Cash on Delivery,Corporate,4.5
ORD100533,2025-05-04,CUST1048,Pooja Iyer,North,Chandigarh,Electronics,Mouse,Mouse,6,1974.22,0.05,11253.05,1675.98,Credit Card,Small Business,3.8
ORD100534,2024-02-18,CUST1243,Arjun Kumar,South,Chennai,Electronics,Monitor,Monitor,6,13583.53,0.0,81501.18,19097.17,Credit Card,Consumer,4.6
ORD100535,2025-10-08,CUST1265,Vikram Sharma,East,Kolkata,Office Supplies,Printer Paper,Printer Paper,8,405.11,0.15,2754.75,356.62,UPI,Consumer,1.8
ORD100536,2024-01-16,CUST1400,Pooja Rao,North,Lucknow,Office Supplies,Printer Paper,Printer Paper,6,490.74,0.2,2355.55,75.83,UPI,Consumer,3.9
ORD100537,2025-05-14,CUST1144,Pooja Rao,South,Kochi,Office Supplies,Notebook,Notebook,7,179.01,0.05,1190.42,281.62,Credit Card,Small Business,3.9
ORD100538,2024-07-01,CUST1111,Karan Gupta,North,Delhi,Electronics,Printer,Printer,2,12099.11,0.1,21778.4,1957.95,Cash on Delivery,Consumer,3.9
ORD100539,2025-10-17,CUST1330,Nisha Singh,East,Bhubaneswar,Electronics,Laptop,Laptop,3,59694.06,0.15,152219.85,15647.92,UPI,Corporate,3.3
ORD100540,2025-06-17,CUST1141,Aditya Rao,North,Delhi,Office Supplies,File Folder,File Folder,3,130.1,0.05,370.78,90.57,UPI,Consumer,4.7
ORD100541,2025-08-13,CUST1253,Aditya Kumar,East,Bhubaneswar,Furniture,Bookshelf,Bookshelf,1,6562.32,0.1,5906.09,132.11,Cash on Delivery,Consumer,3.6
ORD100542,2025-05-26,CUST1296,Meera Iyer,North,Jaipur,Office Supplies,Printer Paper,Printer Paper,8,445.65,0.1,3208.68,587.34,Credit Card,Consumer,4.2
ORD100543,2025-02-18,CUST1352,Pooja Nair,North,Jaipur,Office Supplies,Stapler,Stapler,2,238.67,0.0,477.34,112.25,UPI,Consumer,4.0
ORD100544,2025-09-23,CUST1128,Pooja Mehta,North,Chandigarh,Furniture,Meeting Table,Meeting Table,4,18012.82,0.2,57641.02,-2878.17,Debit Card,Small Business,4.4
ORD100545,2024-08-05,CUST1250,Nisha Kumar,West,Mumbai,Office Supplies,Stapler,Stapler,3,243.07,0.05,692.75,155.45,Credit Card,Small Business,5.0
ORD100546,2025-01-21,CUST1053,Ishaan Reddy,North,Lucknow,Office Supplies,Calculator,Calculator,1,614.93,0.2,491.94,53.04,Cash on Delivery,Corporate,4.1
ORD100547,2024-08-05,CUST1312,Meera Reddy,South,Hyderabad,Furniture,Meeting Table,Meeting Table,8,19032.32,0.1,137032.7,7862.96,UPI,Consumer,4.6
ORD100548,2024-03-24,CUST1019,Arjun Patel,East,Patna,Office Supplies,Printer Paper,Printer Paper,2,501.82,0.1,903.28,150.73,Net Banking,Corporate,4.1
ORD100549,2025-10-01,CUST1279,Rohan Patel,East,Kolkata,Office Supplies,File Folder,File Folder,1,122.51,0.1,110.26,25.04,UPI,Consumer,3.6
ORD100550,2024-12-29,CUST1084,Diya Nair,East,Guwahati,Electronics,Monitor,Monitor,3,14731.93,0.1,39776.21,3415.76,Net Banking,Small Business,3.9
ORD100551,2024-02-09,CUST1186,Nisha Menon,West,Surat,Office Supplies,Printer Paper,Printer Paper,2,443.93,0.15,754.68,62.13,Net Banking,Corporate,3.8
ORD100552,2025-08-26,CUST1031,Karan Patel,South,Chennai,Electronics,Mouse,Mouse,8,958.76,0.15,6519.57,111.7,Net Banking,Consumer,4.4
ORD100553,2025-11-19,CUST1276,Diya Patel,West,Surat,Office Supplies,Printer Paper,Printer Paper,2,494.98,0.15,841.47,134.09,Net Banking,Consumer,4.1
ORD100554,2025-04-28,CUST1193,Aarav Verma,South,Bengaluru,Office Supplies,Stapler,Stapler,3,232.03,0.1,626.48,102.17,Debit Card,Consumer,3.4
ORD100555,2024-08-27,CUST1266,Nisha Sharma,West,Surat,Office Supplies,Printer Paper,Printer Paper,3,497.66,0.05,1418.33,299.94,UPI,Consumer,3.8
ORD100556,2025-09-20,CUST1140,Priya Rao,East,Bhubaneswar,Furniture,Sofa,Sofa,1,24708.09,0.0,24708.09,2629.85,UPI,Small Business,2.9
ORD100557,2025-06-24,CUST1003,Arjun Sharma,East,Patna,Office Supplies,Calculator,Calculator,1,667.53,0.15,567.4,63.08,UPI,Corporate,3.9
ORD100558,2024-07-27,CUST1233,Vikram Bose,West,Mumbai,Electronics,Smartphone,Smartphone,5,27076.5,0.1,121844.25,9177.63,Credit Card,Consumer,4.0
ORD100559,2024-08-29,CUST1280,Meera Patel,West,Pune,Electronics,Headphones,Headphones,2,3696.41,0.1,6653.54,710.46,UPI,Consumer,5.0
ORD100560,2025-12-23,CUST1266,Nisha Sharma,West,Pune,Electronics,Mouse,Mouse,1,984.63,0.1,886.17,82.03,Debit Card,Corporate,5.0
ORD100561,2025-11-27,CUST1105,Vikram Gupta,East,Kolkata,Furniture,Sofa,Sofa,3,25012.55,0.1,67533.88,3098.13,Debit Card,Consumer,3.2
ORD100562,2025-05-09,CUST1287,Karan Patel,North,Jaipur,Furniture,Meeting Table,Meeting Table,3,17122.84,0.15,43663.24,43.05,Cash on Delivery,Consumer,4.2
ORD100563,2024-01-27,CUST1217,Vikram Das,South,Bengaluru,Electronics,Monitor,Monitor,4,14275.86,0.1,51393.1,4335.16,Credit Card,Corporate,4.2
ORD100564,2024-06-16,CUST1085,Ishaan Nair,North,Delhi,Office Supplies,Pen Set,Pen Set,8,266.58,0.3,1492.85,-61.91,Net Banking,Consumer,3.8
ORD100565,2024-09-15,CUST1045,Aditya Iyer,West,Ahmedabad,Furniture,Meeting Table,Meeting Table,3,19919.88,0.0,59759.64,4861.75,Debit Card,Consumer,3.9
ORD100566,2025-01-26,CUST1131,Arjun Rao,North,Chandigarh,Furniture,Meeting Table,Meeting Table,6,16820.12,0.1,90828.65,10051.67,Cash on Delivery,Consumer,3.7
ORD100567,2025-09-26,CUST1010,Nisha Sharma,North,Lucknow,Furniture,Office Chair,Office Chair,7,7888.42,0.0,55218.94,8666.85,Net Banking,Consumer,5.0
ORD100568,2025-09-12,CUST1287,Karan Patel,North,Chandigarh,Electronics,Monitor,Monitor,1,13871.87,0.15,11791.09,1014.09,UPI,Small Business,3.7
ORD100569,2024-07-19,CUST1007,Rohan Sharma,East,Kolkata,Office Supplies,Printer Paper,Printer Paper,5,417.44,0.1,1878.48,278.27,UPI,Small Business,4.3
ORD100570,2024-03-20,CUST1020,Diya Patel,East,Kolkata,Furniture,Office Chair,Office Chair,4,9483.4,0.1,34140.24,1203.03,Cash on Delivery,Small Business,2.1
ORD100571,2024-07-20,CUST1064,Pooja Reddy,West,Pune,Electronics,Mouse,Mouse,5,894.01,0.15,3799.54,122.03,Debit Card,Small Business,4.6
ORD100572,2024-06-21,CUST1131,Arjun Rao,South,Bengaluru,Office Supplies,Notebook,Notebook,2,183.13,0.1,329.63,43.58,Net Banking,Consumer,4.9
ORD100573,2025-10-18,CUST1008,Meera Sharma,South,Chennai,office supplies,Pen Set,Pen Set,4,237.49,0.05,902.46,173.98,Net Banking,Consumer,3.2
ORD100574,2024-01-11,CUST1252,Priya Kumar,North,Lucknow,Office Supplies,Calculator,Calculator,1,649.23,0.1,584.31,115.78,Debit Card,Corporate,3.6
ORD100575,2025-08-30,CUST1053,Ishaan Reddy,North,Chandigarh,Office Supplies,Stapler,Stapler,8,245.66,0.0,1965.28,532.63,Net Banking,Consumer,4.3
ORD100576,2025-04-25,CUST1322,Ananya Singh,South,Hyderabad,Office Supplies,Stapler,Stapler,5,221.65,0.2,886.6,49.43,Cash on Delivery,Small Business,4.0
ORD100577,2024-03-18,CUST1224,Pooja Das,West,Mumbai,Electronics,Mouse,Mouse,1,811.75,0.15,689.99,30.79,Cash on Delivery,Consumer,4.3
ORD100578,2025-05-15,CUST1034,Ananya Iyer,East,Patna,Office Supplies,Pen Set,Pen Set,5,238.34,0.15,1012.94,143.06,Credit Card,Consumer,
ORD100579,2025-02-28,CUST1161,Aarav Joshi,West,Mumbai,Office Supplies,Stapler,Stapler,8,245.36,0.2,1570.3,103.21,UPI,Corporate,5.0
ORD100580,2024-01-03,CUST1057,Vikram Reddy,North,Jaipur,Electronics,Keyboard,Keyboard,6,2011.67,0.15,10259.52,559.04,UPI,Small Business,3.5
ORD100581,2024-06-12,CUST1393,Vikram Rao,North,Jaipur,Electronics,Mouse,Mouse,3,851.68,0.1,2299.54,241.56,Credit Card,Corporate,5.0
ORD100582,2024-09-11,CUST1238,Sneha Bose,West,Surat,Electronics,Monitor,Monitor,8,14495.01,0.0,115960.08,22006.12,Net Banking,Corporate,4.9
ORD100583,2024-06-06,CUST1324,Diya Singh,North,Jaipur,Office Supplies,Stapler,Stapler,2,201.72,0.05,383.27,81.96,Net Banking,Consumer,4.6
ORD100584,2025-02-27,CUST1150,Kavya Kapoor,North,Delhi,Office Supplies,File Folder,File Folder,2,123.24,0.2,197.18,12.55,Credit Card,Corporate,3.2
ORD100585,2025-03-25,CUST1059,Rahul Reddy,South,Bengaluru,Office Supplies,Stapler,Stapler,2,204.09,0.2,326.54,21.63,UPI,Corporate,4.7
ORD100586,2024-05-04,CUST1094,Sneha Nair,West,Pune,Electronics,Printer,Printer,8,12961.27,0.15,88136.64,2129.27,Credit Card,Consumer,4.5
ORD100587,2024-03-31,CUST1167,Rohan Joshi,East,Kolkata,Electronics,Monitor,Monitor,6,15493.89,0.05,88315.17,8696.09,Net Banking,Corporate,2.4
ORD100588,2025-04-24,CUST1309,Ishaan Reddy,North,Delhi,Furniture,Sofa,Sofa,5,22513.37,0.05,106938.51,7980.96,Debit Card,Consumer,2.9
ORD100589,2024-12-09,CUST1173,Aditya Joshi,West,Mumbai,Furniture,Meeting Table,Meeting Table,6,18032.34,0.2,86555.23,-2561.47,UPI,Consumer,4.3
ORD100590,2024-07-12,CUST1372,Diya Mehta,West,Pune,Office Supplies,Calculator,Calculator,3,599.59,0.0,1798.77,387.62,Credit Card,Small Business,3.9
ORD100591,2024-07-06,CUST1145,Aarav Kapoor,West,Pune,Office Supplies,Printer Paper,Printer Paper,1,438.57,0.1,394.71,67.82,Credit Card,Consumer,3.6
ORD100592,2024-01-29,CUST1094,Sneha Nair,West,Pune,Office Supplies,Stapler,Stapler,7,201.15,0.05,1337.65,303.8,Credit Card,Corporate,4.8
ORD100593,2025-09-16,CUST1199,Rohan Verma,North,Chandigarh,Office Supplies,Pen Set,Pen Set,8,239.55,0.05,1820.58,294.17,Net Banking,Consumer,3.3
ORD100594,2025-09-07,CUST1045,Aditya Iyer,West,Mumbai,Office Supplies,Printer Paper,Printer Paper,1,503.03,0.15,427.58,49.49,Cash on Delivery,Small Business,3.7
ORD100595,2025-02-09,CUST1268,Priya Sharma,South,Kochi,Furniture,Sofa,Sofa,1,21835.51,0.3,15284.86,-1434.4,UPI,Consumer,3.5
ORD100596,2024-09-12,CUST1041,Vikram Iyer,West,Surat,Electronics,Smartphone,Smartphone,5,30491.24,0.15,129587.77,8591.48,UPI,Consumer,4.4
ORD100597,2024-06-06,CUST1257,Aarav Sharma,East,Kolkata,Electronics,Monitor,Monitor,1,12838.55,0.1,11554.7,557.38,Credit Card,Small Business,2.7
ORD100598,2024-08-12,CUST1154,Nisha Kapoor,West,Pune,Furniture,Desk,Desk,6,12196.55,0.1,65861.37,3389.13,UPI,Corporate,3.6
ORD100599,2025-11-08,CUST1143,Karan Rao,East,Kolkata,Electronics,Mouse,Mouse,8,899.52,0.2,5756.93,-50.05,Credit Card,Consumer,2.7
ORD100600,2024-03-05,CUST1245,Ishaan Kumar,East,Bhubaneswar,Electronics,Laptop,Laptop,3,71821.23,0.1,193917.32,21773.56,UPI,Consumer,3.8
ORD100601,2025-08-24,CUST1283,Rahul Patel,East,Bhubaneswar,Office Supplies,Calculator,Calculator,3,613.46,0.1,1656.34,244.72,UPI,Consumer,4.5
ORD100602,2024-08-10,CUST1372,Diya Mehta,West,Mumbai,Electronics,Headphones,Headphones,7,3288.36,0.15,19565.74,1001.26,Net Banking,Small Business,4.6
ORD100603,2024-07-12,CUST1116,Diya Mehta,East,Kolkata,Office Supplies,Notebook,Notebook,3,191.65,0.05,546.2,106.0,UPI,Corporate,3.5
ORD100604,2025-08-14,CUST1325,Ishaan Singh,North,Jaipur,Office Supplies,Stapler,Stapler,2,233.12,0.0,466.24,116.6,Net Banking,Small Business,4.4
ORD100605,2025-12-03,CUST1335,Karan Singh,West,Ahmedabad,Office Supplies,Calculator,Calculator,1,684.98,0.2,547.98,36.07,UPI,Small Business,3.9
ORD100606,2025-12-25,CUST1399,Karan Rao,East,Bhubaneswar,Office Supplies,Calculator,Calculator,7,588.74,0.1,3709.06,591.27,UPI,Consumer,5.0
ORD100607,2024-07-14,CUST1386,Ananya Rao,South,Kochi,Electronics,Headphones,Headphones,8,3350.17,0.0,26801.36,4036.55,UPI,Corporate,3.9
ORD100608,2025-03-08,CUST1317,Aditya Reddy,East,Bhubaneswar,Office Supplies,File Folder,File Folder,1,130.17,0.05,123.66,27.18,UPI,Corporate,1.8
ORD100609,2024-08-01,CUST1118,Kavya Mehta,West,Surat,Electronics,Smartphone,Smartphone,7,28901.29,0.3,141616.32,-10000.64,Credit Card,Small Business,
ORD100610,2024-05-21,CUST1278,Kavya Patel,West,Mumbai,Office Supplies,Notebook,Notebook,2,185.85,0.1,334.53,41.68,Net Banking,Corporate,3.7
ORD100611,2024-10-09,CUST1314,Nisha Reddy,West,Ahmedabad,Electronics,Monitor,Monitor,2,13511.42,0.1,24320.56,2914.16,Cash on Delivery,Consumer,3.8
ORD100612,2024-02-15,CUST1117,Ishaan Mehta,South,Kochi,Electronics,Keyboard,Keyboard,4,1723.03,0.0,6892.12,1210.21,UPI,Small Business,4.3
ORD100613,2024-04-30,CUST1326,Kavya Singh,West,Mumbai,Office Supplies,Notebook,Notebook,4,199.48,0.3,558.54,-0.53,UPI,Corporate,2.9
ORD100614,2025-03-11,CUST1281,Vikram Patel,South,Kochi,Office Supplies,Printer Paper,Printer Paper,7,477.05,0.2,2671.48,264.78,UPI,Small Business,4.1
ORD100615,2025-05-17,CUST1197,Ishaan Verma,East,Bhubaneswar,FURNITURE,Bookshelf,Bookshelf,6,6495.37,0.1,35075.0,1515.45,Net Banking,Consumer,4.4
ORD100616,2024-07-16,CUST1345,Vikram Nair,East,Bhubaneswar,Office Supplies,Pen Set,Pen Set,2,276.57,0.05,525.48,124.35,UPI,Consumer,4.3
ORD100617,2025-02-11,CUST1036,Diya Iyer,North,Chandigarh,Electronics,Printer,Printer,5,12337.46,0.15,52434.2,2368.33,UPI,Corporate,3.6
ORD100618,2025-07-12,CUST1274,Ananya Patel,South,Hyderabad,Office Supplies,Pen Set,Pen Set,8,243.33,0.2,1557.31,164.86,Net Banking,Corporate,4.7
ORD100619,2025-10-15,CUST1315,Rahul Reddy,North,Delhi,Electronics,Printer,Printer,6,11848.45,0.15,60427.1,3358.12,Net Banking,Consumer,3.3
ORD100620,2025-02-19,CUST1017,Aarav Patel,North,Lucknow,Electronics,Smartphone,Smartphone,2,29668.49,0.3,41535.89,-2588.07,Debit Card,Consumer,3.5
ORD100621,2024-06-25,CUST1163,Arjun Joshi,South,Hyderabad,Electronics,Monitor,Monitor,2,13758.92,0.1,24766.06,2602.68,UPI,Corporate,3.9
ORD100622,2025-06-04,CUST1207,Karan Verma,South,Kochi, electronics,Monitor,Monitor,4,14382.53,0.05,54653.61,9210.13,Credit Card,Small Business,4.2
ORD100623,2024-05-04,CUST1084,Diya Nair,North,Jaipur,Electronics,Printer,Printer,4,12675.72,0.1,45632.59,5158.09,UPI,Consumer,3.8
ORD100624,2024-04-11,CUST1352,Pooja Nair,South,Hyderabad,Furniture,Desk,Desk,3,11315.79,0.15,28855.26,-535.95,Debit Card,Consumer,4.9
ORD100625,2024-09-19,CUST1251,Rahul Kumar,East,Bhubaneswar,Electronics,Printer,Printer,1,13292.8,0.05,12628.16,1533.92,Net Banking,Consumer,4.2
ORD100626,2024-08-28,CUST1111,Karan Gupta,North,Lucknow,Electronics,Monitor,Monitor,1,13697.01,0.05,13012.16,1772.99,UPI,Consumer,4.1
ORD100627,2024-04-16,CUST1175,Karan Joshi,South,Kochi,Furniture,Desk,Desk,5,11907.15,0.15,50605.39,-1341.17,Net Banking,Consumer,4.2
ORD100628,2024-02-08,CUST1045,Aditya Iyer,South,Kochi,Electronics,Keyboard,Keyboard,8,1896.61,0.1,13655.59,938.07,Credit Card,Consumer,4.5
ORD100629,2025-11-22,CUST1036,Diya Iyer,East,Guwahati,Office Supplies,Calculator,Calculator,5,672.06,0.15,2856.25,197.93,Net Banking,Corporate,4.2
ORD100630,2025-05-10,CUST1299,Rahul Iyer,South,Kochi,Office Supplies,File Folder,File Folder,4,119.62,0.0,478.48,101.09,UPI,Consumer,2.6
ORD100631,2025-06-08,CUST1394,Nisha Rao,East,Bhubaneswar,Furniture,Office Chair,Office Chair,8,8865.02,0.05,67374.15,8565.62,Credit Card,Consumer,4.8
ORD100632,2024-02-18,CUST1111,Karan Gupta,South,Bengaluru,Office Supplies,File Folder,File Folder,6,131.83,0.05,751.43,143.59,UPI,Small Business,4.1
ORD100633,2025-08-05,CUST1098,Ananya Gupta,South,Kochi,Electronics,Headphones,Headphones,6,3766.22,0.15,19207.72,1922.43,Debit Card,Consumer,4.5
ORD100634,2024-09-23,CUST1274,Ananya Patel,South,Chennai,Electronics,Laptop,Laptop,5,70286.9,0.15,298719.32,18693.52,UPI,Corporate,3.7
ORD100635,2025-06-30,CUST1205,Aditya Verma,North,Chandigarh,Office Supplies,Notebook,Notebook,7,172.23,0.1,1085.05,177.68,UPI,Consumer,2.6
ORD100636,2024-12-24,CUST1056,Meera Reddy,East,Kolkata,Office Supplies,Printer Paper,Printer Paper,5,446.52,0.1,2009.34,256.16,Net Banking,Small Business,2.3
ORD100637,2024-06-26,CUST1267,Rahul Sharma,North,Chandigarh,Office Supplies,Notebook,Notebook,5,183.93,0.0,919.65,230.02,Debit Card,Small Business,3.3
ORD100638,2024-07-10,CUST1084,Diya Nair,South,Bengaluru,Electronics,Monitor,Monitor,5,12736.11,0.15,54128.47,5402.27,Debit Card,Consumer,4.4
ORD100639,2024-04-12,CUST1047,Karan Iyer,West,Pune,Office Supplies,Calculator,Calculator,7,695.08,0.3,3405.89,115.6,Debit Card,Corporate,
ORD100640,2025-08-29,CUST1186,Nisha Menon,West,Pune,Furniture,Desk,Desk,8,11653.94,0.15,79246.79,-51.04,Debit Card,Corporate,4.2
ORD100641,2024-11-09,CUST1296,Meera Iyer,East,Bhubaneswar,Electronics,Headphones,Headphones,3,3367.6,0.05,9597.66,1044.07,Debit Card,Consumer,3.2
ORD100642,2025-07-24,CUST1209,Aarav Das,West,Pune,Electronics,Laptop,Laptop,6,62207.88,0.1,335922.55,23874.31,UPI,Corporate,3.4
ORD100643,2025-08-29,CUST1260,Diya Sharma,West,Pune,Office Supplies,Calculator,Calculator,1,625.52,0.05,594.24,110.64,UPI,Consumer,5.0
ORD100644,2024-05-02,CUST1096,Pooja Nair,South,Hyderabad,Electronics,Keyboard,Keyboard,5,1753.85,0.0,8769.25,1858.68,Credit Card,Consumer,3.0
ORD100645,2024-08-29,CUST1198,Kavya Verma,West,Surat,Office Supplies,Printer Paper,Printer Paper,8,464.88,0.0,3719.04,1081.47,UPI,Small Business,5.0
ORD100646,2024-03-31,CUST1286,Sneha Patel,South,Hyderabad,Office Supplies,Printer Paper,Printer Paper,6,462.77,0.0,2776.62,707.75,Credit Card,Consumer,5.0
ORD100647,2024-01-07,CUST1212,Diya Das,South,Hyderabad,Office Supplies,File Folder,File Folder,3,114.75,0.05,327.04,65.38,Credit Card,Consumer,5.0
ORD100648,2025-12-22,CUST1096,Pooja Nair,East,Patna,Office Supplies,Notebook,Notebook,5,170.17,0.15,723.22,116.6,UPI,Consumer,4.3
ORD100649,2025-04-27,CUST1382,Sneha Mehta,West,Surat,Office Supplies,File Folder,File Folder,3,129.82,0.05,369.99,67.72,Net Banking,Small Business,3.7
ORD100650,2024-11-26,CUST1027,Rahul Patel,West,Mumbai,Electronics,Smartphone,Smartphone,4,25771.18,0.15,87622.01,4713.68,Debit Card,Consumer,4.3
ORD100651,2024-05-26,CUST1365,Aditya Gupta,South,Hyderabad,Electronics,Headphones,Headphones,2,3544.87,0.2,5671.79,122.36,Credit Card,Consumer,4.7
ORD100652,2025-03-07,CUST1290,Ananya Iyer,East,Kolkata,Furniture,Office Chair,Office Chair,5,8623.45,0.1,38805.52,521.16,Cash on Delivery,Corporate,3.5
ORD100653,2025-01-31,CUST1045,Aditya Iyer,North,Delhi,Furniture,Meeting Table,Meeting Table,2,18473.58,0.1,33252.44,635.19,UPI,Corporate,3.2
ORD100654,2024-06-11,CUST1103,Rohan Gupta,West,Surat,Electronics,Keyboard,Keyboard,4,1970.72,0.15,6700.45,232.21,UPI,Consumer,3.8
ORD100655,2024-01-11,CUST1148,Diya Kapoor,East,Kolkata,Electronics,Smartphone,Smartphone,8,29043.31,0.0,232346.48,50051.65,UPI,Small Business,3.4
ORD100656,2024-12-08,CUST1384,Pooja Mehta,East,Patna,Electronics,Printer,Printer,7,13370.39,0.1,84233.46,12033.52,Credit Card,Consumer,4.9
ORD100657,2025-01-06,CUST1207,Karan Verma,West,Surat,Electronics,Mouse,Mouse,4,982.53,0.1,3537.11,346.18,UPI,Corporate,3.5
ORD100658,2025-08-06,CUST1104,Meera Gupta,East,Patna,Electronics,Headphones,Headphones,8,3315.35,0.2,21218.24,69.9,Net Banking,Corporate,4.1
ORD100659,2024-10-14,CUST1368,Pooja Gupta,North,Chandigarh,Office Supplies,Notebook,Notebook,1,171.55,,145.82,15.68,UPI,Consumer,4.7
ORD100660,2024-03-11,CUST1048,Pooja Iyer,South,Kochi,Electronics,Monitor,Monitor,8,13661.9,0.2,87436.16,878.18,Credit Card,Small Business,5.0
ORD100661,2025-10-05,CUST1327,Rohan Singh,North,Delhi,Office Supplies,Stapler,Stapler,3,216.95,0.15,553.22,60.16,Credit Card,Corporate,4.2
ORD100662,2024-10-29,CUST1333,Aditya Singh,East,Patna,Office Supplies,Calculator,Calculator,7,664.08,0.1,4183.7,680.16,UPI,Consumer,4.3
ORD100663,2025-06-11,CUST1155,Rahul Kapoor,North,Delhi,Electronics,Smartphone,Smartphone,8,26632.28,0.15,181099.5,11378.63,Debit Card,Consumer,3.2
ORD100664,2024-02-01,CUST1018,Ananya Patel,North,Jaipur,Office Supplies,Calculator,Calculator,5,616.8,0.2,2467.2,172.38,Debit Card,Consumer,4.8
ORD100665,2024-01-27,CUST1355,Arjun Gupta,East,Kolkata,Office Supplies,Pen Set,Pen Set,5,245.98,0.1,1106.91,177.39,Net Banking,Small Business,4.9
ORD100666,2024-01-18,CUST1387,Arjun Rao,East,Bhubaneswar,Office Supplies,Pen Set,Pen Set,6,261.96,0.3,1100.23,-10.6,Debit Card,Consumer,2.6
ORD100667,2025-07-31,CUST1152,Meera Kapoor,East,Guwahati,Electronics,Headphones,Headphones,2,3679.86,0.2,5887.78,12.13,Credit Card,Small Business,5.0
ORD100668,2024-06-25,CUST1075,Rahul Singh,West,Pune,Electronics,Smartphone,Smartphone,2,31212.88,0.1,56183.18,4717.35,Credit Card,Consumer,3.5
ORD100669,2025-08-01,CUST1109,Aditya Gupta,West,Surat,Electronics,Monitor,Monitor,3,13223.44,0.0,39670.32,7896.57,Debit Card,Small Business,4.4
ORD100670,2025-11-21,CUST1055,Rohan Reddy,North,Chandigarh,Office Supplies,File Folder,File Folder,4,118.37,0.05,449.81,73.42,Credit Card,Small Business,4.1
ORD100671,2025-04-29,CUST1244,Diya Kumar,West,Ahmedabad,Office Supplies,Pen Set,Pen Set,6,278.06,0.15,1418.11,229.53,Credit Card,Consumer,4.0
ORD100672,2025-12-21,CUST1208,Pooja Verma,East,Patna,Office Supplies,Calculator,Calculator,3,683.67,0.0,2051.01,519.7,UPI,Consumer,3.8
ORD100673,2025-11-10,CUST1143,Karan Rao,East,Bhubaneswar,Office Supplies,Pen Set,Pen Set,5,257.58,0.1,1159.11,208.93,Debit Card,Small Business,3.3
ORD100674,2025-06-12,CUST1261,Ishaan Sharma,North,Jaipur,Office Supplies,Calculator,Calculator,1,662.17,0.1,595.95,109.14,UPI,Consumer,4.4
ORD100675,2025-08-10,CUST1249,Vikram Kumar,East,Patna,Office Supplies,Calculator,Calculator,1,595.8,0.2,476.64,29.69,Cash on Delivery,Consumer,3.8
ORD100676,2025-03-17,CUST1005,Ishaan Sharma,East,Guwahati,Electronics,Keyboard,Keyboard,8,1973.78,0.2,12632.19,-162.44,UPI,Small Business,3.0
ORD100677,2024-06-09,CUST1164,Diya Joshi,East,Guwahati,Office Supplies,Pen Set,Pen Set,7,259.4,0.15,1543.43,149.24,Credit Card,Small Business,3.2
ORD100678,2024-03-16,CUST1346,Nisha Nair,North,Jaipur,Furniture,Meeting Table,Meeting Table,7,18463.8,0.1,116321.94,3352.78,UPI,Corporate,3.0
ORD100679,2024-10-05,CUST1319,Karan Reddy,East,Kolkata,Electronics,Smartphone,Smartphone,3,28523.32,0.0,85569.96,16898.37,UPI,Small Business,3.6
ORD100680,2024-12-13,CUST1342,Kavya Nair,West,Mumbai,Furniture,Desk,Desk,5,11834.65,0.15,50297.26,-1111.27,UPI,Corporate,4.4
ORD100681,2024-09-12,CUST1382,Sneha Mehta,East,Kolkata,Office Supplies,Printer Paper,Printer Paper,6,430.21,0.05,2452.2,546.1,Debit Card,Corporate,3.5
ORD100682,2024-03-15,CUST1025,Vikram Patel,North,Delhi,Electronics,Monitor,Monitor,3,14926.39,,40301.25,1442.86,UPI,Consumer,4.7
ORD100683,2025-01-04,CUST1109,Aditya Gupta,West,Ahmedabad,Furniture,Sofa,Sofa,6,24290.52,0.3,102020.18,-14756.12,UPI,Corporate,3.9
ORD100684,2024-12-30,CUST1184,Meera Menon,West,Mumbai,Electronics,Laptop,Laptop,6,58985.34,0.1,318520.84,39553.42,UPI,Corporate,3.8
ORD100685,2025-11-28,CUST1205,Aditya Verma,North,Chandigarh,Electronics,Keyboard,Keyboard,4,1778.04,0.1,6400.94,580.73,UPI,Corporate,4.0
ORD100686,2025-11-28,CUST1315,Rahul Reddy,West,Surat,Electronics,Printer,Printer,4,13251.51,0.15,45055.13,1431.47,Cash on Delivery,Small Business,5.0
ORD100687,2025-03-26,CUST1290,Ananya Iyer,South,Kochi,Office Supplies,Calculator,Calculator,3,638.47,0.2,1532.33,97.42,Credit Card,Consumer,3.0
ORD100688,2025-09-13,CUST1283,Rahul Patel,East,Bhubaneswar,Office Supplies,Stapler,Stapler,7,218.0,0.1,1373.4,122.64,Net Banking,Corporate,5.0
ORD100689,2024-08-16,CUST1064,Pooja Reddy,South,Chennai,Electronics,Mouse,Mouse,8,933.54,0.1,6721.49,468.52,Credit Card,Consumer,
ORD100690,2025-12-09,CUST1272,Pooja Sharma,West,Surat,Electronics,Monitor,Monitor,8,15069.16,0.0,120553.28,24885.94,Credit Card,Consumer,4.0
ORD100691,2025-11-19,CUST1319,Karan Reddy,West,Mumbai,Electronics,Monitor,Monitor,7,14658.86,0.1,92350.82,7428.23,Net Banking,Consumer,4.9
ORD100692,2024-04-01,CUST1301,Aditya Iyer,West,Ahmedabad,Electronics,Laptop,Laptop,3,70655.78,0.05,201368.97,25349.61,UPI,Small Business,3.8
ORD100693,2025-05-26,CUST1234,Nisha Bose,West,Ahmedabad,Furniture,Sofa,Sofa,7,22201.76,0.1,139871.09,-3258.34,Net Banking,Consumer,4.2
ORD100694,2024-11-30,CUST1036,Diya Iyer,West,Mumbai,Office Supplies,Calculator,Calculator,2,717.22,0.15,1219.27,99.65,Credit Card,Corporate,3.6
ORD100695,2024-07-13,CUST1060,Priya Reddy,North,Chandigarh,Office Supplies,Calculator,Calculator,8,714.26,0.0,5714.08,1598.52,Credit Card,Corporate,4.7
ORD100696,2024-10-28,CUST1298,Nisha Iyer,South,Chennai,Furniture,Sofa,Sofa,3,24341.1,0.1,65720.97,3314.46,Cash on Delivery,Small Business,3.5
ORD100697,2025-10-24,CUST1348,Priya Nair,East,Kolkata,Furniture,Office Chair,Office Chair,4,8818.27,0.0,35273.08,3088.65,UPI,Corporate,4.0
ORD100698,2025-11-06,CUST1331,Rahul Singh,East,Patna,Electronics,Keyboard,Keyboard,1,1704.27,0.05,1619.06,197.1,Cash on Delivery,Consumer,4.5
ORD100699,2024-09-08,CUST1171,Rahul Joshi,North,Lucknow,Electronics,Mouse,Mouse,1,898.69,0.0,898.69,161.11,Cash on Delivery,Consumer,4.8
ORD100700,2024-12-03,CUST1235,Rahul Bose,North,Jaipur,Office Supplies,Pen Set,Pen Set,4,236.15,0.0,944.6,207.9,UPI,Corporate,3.4
ORD100701,2025-01-12,CUST1071,Rohan Singh,East,Patna,Office Supplies,File Folder,File Folder,5,108.58,0.3,380.03,-20.94,UPI,Consumer,4.6
ORD100702,2025-06-20,CUST1237,Aditya Bose,East,Patna,Office Supplies,Printer Paper,Printer Paper,1,502.11,0.3,351.48,-3.16,Net Banking,Consumer,3.3
ORD100703,2024-12-16,CUST1079,Karan Singh,North,Lucknow,Office Supplies,File Folder,File Folder,7,114.84,0.15,683.3,93.49,UPI,Consumer,2.4
ORD100704,2024-10-16,CUST1319,Karan Reddy,North,Delhi,Office Supplies,Calculator,Calculator,1,669.81,0.1,602.83,108.39,Debit Card,Consumer,3.4
ORD100705,2025-11-06,CUST1315,Rahul Reddy,North,Jaipur,Office Supplies,Stapler,Stapler,8,212.53,0.15,1445.2,208.66,UPI,Small Business,4.6
ORD100706,2024-09-29,CUST1021,Ishaan Patel,East,Guwahati,Furniture,Sofa,Sofa,3,23556.88,0.2,56536.51,-5022.64,UPI,Small Business,4.0
ORD100707,2024-07-13,CUST1375,Rohan Mehta,North,Lucknow,Electronics,Keyboard,Keyboard,4,1777.51,0.1,6399.04,617.17,Credit Card,Corporate,3.6
ORD100708,2024-08-27,CUST1319,Karan Reddy,East,Patna,Electronics,Keyboard,Keyboard,2,1752.68,0.0,3505.36,607.44,Debit Card,Consumer,4.0
ORD100709,2024-08-31,CUST1152,Meera Kapoor,South,Bengaluru,Electronics,Mouse,Mouse,7,936.21,0.15,5570.45,280.3,Debit Card,Small Business,4.0
ORD100710,2025-02-09,CUST1181,Ishaan Menon,South,Chennai,Electronics,Printer,Printer,6,13336.87,0.3,56014.85,-4497.69,Debit Card,Corporate,4.5
ORD100711,2025-04-27,CUST1032,Pooja Patel,East,Patna,Furniture,Desk,Desk,1,11931.6,0.05,11335.02,691.31,UPI,Small Business,2.8
ORD100712,2024-04-08,CUST1375,Rohan Mehta,East,Bhubaneswar,Office Supplies,Printer Paper,Printer Paper,1,501.36,0.1,451.22,40.41,Credit Card,Consumer,3.9
ORD100713,2025-10-10,CUST1041,Vikram Iyer,East,Bhubaneswar,Office Supplies,Stapler,Stapler,5,230.32,0.05,1094.02,258.79,UPI,Consumer,4.1
ORD100714,2024-07-04,CUST1369,Aarav Mehta,West,Surat,Furniture,Bookshelf,Bookshelf,7,7234.99,0.05,48112.68,4125.65,UPI,Corporate,3.0
ORD100715,2024-03-24,CUST1262,Kavya Sharma,West,Ahmedabad,Electronics,Monitor,Monitor,1,13330.28,0.15,11330.74,174.41,UPI,Small Business,3.0
ORD100716,2025-05-03,CUST1368,Pooja Gupta,West,Pune,Office Supplies,File Folder,File Folder,2,109.66,0.05,208.35,45.7,Credit Card,Consumer,3.7
ORD100717,2024-06-02,CUST1149,Ishaan Kapoor,East,Kolkata,Furniture,Sofa,Sofa,5,26098.22,0.2,104392.88,-6387.03,UPI,Consumer,4.0
ORD100718,2025-07-02,CUST1359,Rohan Gupta,South,Bengaluru,Electronics,Monitor,Monitor,1,14367.86,0.15,12212.68,513.25,UPI,Corporate,4.0
ORD100719,2025-11-24,CUST1171,Rahul Joshi,North,Lucknow,Electronics,Monitor,Monitor,3,13876.39,0.0,41629.17,6693.54,Debit Card,Small Business,3.6
ORD100720,2025-05-21,CUST1141,Aditya Rao,East,Bhubaneswar,Electronics,Mouse,Mouse,1,970.77,0.15,825.15,54.4,UPI,Corporate,3.6
ORD100721,2025-07-22,CUST1135,Rohan Rao,North,Chandigarh,Electronics,Monitor,Monitor,4,13556.59,0.15,46092.41,1498.21,Cash on Delivery,Small Business,3.7
ORD100722,2024-12-27,CUST1381,Aditya Mehta,West,Pune,Office Supplies,Stapler,Stapler,6,235.93,0.1,1274.02,175.28,Credit Card,Corporate,4.2
ORD100723,2024-09-09,CUST1187,Rahul Menon,West,Surat,Office Supplies,Notebook,Notebook,4,174.99,0.1,629.96,121.77,UPI,Small Business,4.9
ORD100724,2025-03-24,CUST1192,Pooja Menon,North,Lucknow,Office Supplies,Notebook,Notebook,3,198.47,0.2,476.33,35.98,Net Banking,Consumer,2.3
ORD100725,2024-09-18,CUST1258,Ananya Sharma,West,Ahmedabad,Electronics,Mouse,Mouse,4,863.06,0.1,3107.02,283.71,Credit Card,Consumer,4.5
ORD100726,2025-10-02,CUST1223,Karan Das,North,Lucknow,Office Supplies,Notebook,Notebook,5,167.45,0.0,837.25,223.81,Net Banking,Corporate,3.9
ORD100727,2024-12-09,CUST1217,Vikram Das,East,Guwahati,Office Supplies,Calculator,Calculator,2,684.83,0.05,1301.18,248.28,Credit Card,Corporate,4.4
ORD100728,2024-12-30,CUST1152,Meera Kapoor,North,Jaipur,Electronics,Printer,Printer,1,11229.92,0.05,10668.42,1342.05,Credit Card,Consumer,
ORD100729,2025-05-07,CUST1066,Ananya Singh,South,Hyderabad,Office Supplies,File Folder,File Folder,2,133.06,0.15,226.2,29.44,Debit Card,Consumer,3.4
ORD100730,2024-05-18,CUST1398,Sneha Rao,East,Patna,Furniture,Meeting Table,Meeting Table,8,18796.0,0.0,150368.0,12249.81,Credit Card,Corporate,4.7
ORD100731,2025-02-14,CUST1197,Ishaan Verma,East,Patna,Furniture,Bookshelf,Bookshelf,6,6655.53,0.1,35939.86,1456.55,Credit Card,Small Business,3.1
ORD100732,2025-07-05,CUST1389,Ishaan Rao,South,Chennai,Electronics,Printer,Printer,2,11351.28,0.1,20432.3,1555.05,UPI,Consumer,4.1
ORD100733,2025-07-21,CUST1185,Vikram Menon,West,Ahmedabad,Furniture,Desk,Desk,3,13239.03,0.2,31773.67,-909.15,UPI,Small Business,3.8
ORD100734,2024-06-13,CUST1240,Pooja Bose,West,Mumbai,Electronics,Monitor,Monitor,4,14472.2,0.1,52099.92,5661.52,UPI,Consumer,4.0
ORD100735,2024-02-09,CUST1219,Rahul Das,North,Chandigarh,Electronics,Monitor,Monitor,2,15352.71,0.2,24564.34,500.22,Net Banking,Consumer,3.3
ORD100736,2024-05-21,CUST1387,Arjun Rao,East,Guwahati,Electronics,Mouse,Mouse,7,831.82,0.2,4658.19,-140.56,UPI,Consumer,4.3
ORD100737,2025-08-21,CUST1045,Aditya Iyer,East,Bhubaneswar,Office Supplies,Notebook,Notebook,8,198.65,0.05,1509.74,309.37,Cash on Delivery,Consumer,5.0
ORD100738,2024-07-13,CUST1208,Pooja Verma,South,Kochi,Electronics,Mouse,Mouse,2,912.97,0.15,1552.05,35.8,UPI,Consumer,3.3
ORD100739,2024-02-12,CUST1062,Sneha Reddy,East,Patna,Furniture,Office Chair,Office Chair,1,8899.95,0.05,8454.95,647.47,Credit Card,Corporate,4.1
ORD100740,2025-03-12,CUST1348,Priya Nair,West,Mumbai,Electronics,Monitor,Monitor,3,13748.46,0.15,35058.57,-188.68,UPI,Corporate,4.6
ORD100741,2025-10-05,CUST1213,Ishaan Das,West,Mumbai,Office Supplies,Stapler,Stapler,5,200.86,0.1,903.87,114.32,Debit Card,Consumer,3.8
ORD100742,2024-06-13,CUST1370,Ananya Mehta,West,Mumbai,Furniture,Office Chair,Office Chair,7,9441.41,0.05,62785.38,6732.21,Net Banking,Small Business,5.0
ORD100743,2024-02-01,CUST1111,Karan Gupta,East,Patna,Office Supplies,File Folder,File Folder,3,134.26,0.05,382.64,82.93,Credit Card,Small Business,3.7
ORD100744,2024-04-12,CUST1066,Ananya Singh,South,Hyderabad,Electronics,Printer,Printer,3,11762.4,0.1,31758.48,2736.14,Credit Card,Consumer,3.9
ORD100745,2024-04-03,CUST1252,Priya Kumar,West,Ahmedabad,Electronics,Mouse,Mouse,2,996.89,0.15,1694.71,50.47,Debit Card,Consumer,3.3
ORD100746,2024-05-29,CUST1059,Rahul Reddy,South,Kochi,Furniture,Office Chair,Office Chair,1,7963.65,0.15,6769.1,-234.25,UPI,Consumer,4.1
ORD100747,2024-05-11,CUST1150,Kavya Kapoor,East,Patna,Electronics,Keyboard,Keyboard,1,1681.26,0.0,1681.26,311.04,Credit Card,Corporate,4.0
ORD100748,2025-04-10,CUST1126,Sneha Mehta,South,Chennai,Office Supplies,Stapler,Stapler,4,201.54,0.05,765.85,152.34,Debit Card,Consumer,4.5
ORD100749,2024-06-12,CUST1089,Vikram Nair,South,Chennai,Office Supplies,Notebook,Notebook,5,177.49,0.1,798.7,162.67,UPI,Corporate,3.5
ORD100750,2025-02-04,CUST1053,Ishaan Reddy,North,Jaipur,Furniture,Sofa,Sofa,1,21876.16,0.1,19688.54,598.16,Debit Card,Corporate,3.5
ORD100751,2024-10-20,CUST1263,Rohan Sharma,West,Pune,Office Supplies,Stapler,Stapler,2,217.1,0.0,434.2,109.19,Debit Card,Corporate,4.3
ORD100752,2025-04-23,CUST1304,Pooja Iyer,North,Chandigarh,Furniture,Sofa,Sofa,8,22330.7,0.05,169713.32,7261.59,UPI,Consumer,5.0
ORD100753,2025-04-24,CUST1158,Sneha Kapoor,North,Delhi,Electronics,Monitor,Monitor,8,14850.03,0.2,95040.19,93.38,UPI,Consumer,4.5
ORD100754,2025-03-09,CUST1113,Aarav Mehta,West,Pune,Furniture,Desk,Desk,6,13000.08,0.1,70200.43,2767.64,Credit Card,Consumer,5.0
ORD100755,2025-10-14,CUST1064,Pooja Reddy,East,Kolkata,Electronics,Mouse,Mouse,5,946.19,0.15,4021.31,173.64,Net Banking,Small Business,4.4
ORD100756,2024-05-23,CUST1271,Karan Sharma,South,Chennai,Office Supplies,Calculator,Calculator,5,613.67,0.1,2761.52,422.12,Credit Card,Corporate,4.4
ORD100757,2025-01-18,CUST1324,Diya Singh,East,Kolkata,Electronics,Smartphone,Smartphone,3,29923.78,0.1,80794.21,8335.76,Credit Card,Corporate,4.5
ORD100758,2024-10-15,CUST1220,Priya Das,South,Chennai,Electronics,Smartphone,Smartphone,2,26736.92,0.1,48126.46,6394.59,UPI,Corporate,5.0
ORD100759,2025-01-24,CUST1173,Aditya Joshi,North,Chandigarh,Furniture,Bookshelf,Bookshelf,4,19944.56,0.05,75789.33,6148.35,UPI,Consumer,4.9
ORD100760,2024-04-12,CUST1260,Diya Sharma,East,Bhubaneswar,Electronics,Mouse,Mouse,6,922.34,0.05,5257.34,873.27,UPI,Consumer,3.2
ORD100761,2024-08-21,CUST1367,Karan Gupta,North,Jaipur,Electronics,Smartphone,Smartphone,6,27458.95,0.3,115327.59,-6857.37,UPI,Consumer,4.6
ORD100762,2025-11-18,CUST1396,Priya Rao,East,Bhubaneswar,Office Supplies,Pen Set,Pen Set,6,229.59,0.2,1102.03,118.04,UPI,Consumer,4.2
ORD100763,2025-08-08,CUST1078,Sneha Singh,West,Ahmedabad,Electronics,Mouse,Mouse,5,973.85,0.15,4138.86,154.2,UPI,Consumer,3.9
ORD100764,2024-11-07,CUST1191,Karan Menon,West,Surat,Furniture,Sofa,Sofa,1,26561.37,0.0,26561.37,3049.96,Debit Card,Consumer,2.7
ORD100765,2024-03-21,CUST1351,Karan Nair,South,Hyderabad,Electronics,Printer,Printer,6,12558.02,0.0,75348.12,13180.7,Debit Card,Corporate,2.8
ORD100766,2025-04-19,CUST1254,Sneha Kumar,West,Ahmedabad,Electronics,Mouse,Mouse,8,1000.98,0.0,8007.84,1550.77,UPI,Consumer,3.7
ORD100767,2024-08-08,CUST1327,Rohan Singh,East,Guwahati,Electronics,Printer,Printer,6,13266.05,0.2,63677.04,1898.23,Credit Card,Consumer,2.9
ORD100768,2024-08-28,CUST1399,Karan Rao,South,Hyderabad,Office Supplies,Pen Set,Pen Set,5,235.7,0.15,1001.72,125.84,UPI,Consumer,3.7
ORD100769,2024-03-11,CUST1042,Nisha Iyer,North,Delhi,Office Supplies,Pen Set,Pen Set,2,265.22,0.1,477.4,89.23,Credit Card,Consumer,4.5
ORD100770,2024-07-30,CUST1245,Ishaan Kumar,South,Kochi,Electronics,Smartphone,Smartphone,7,27351.72,0.3,134023.43,-11939.25,Cash on Delivery,Consumer,3.6
ORD100771,2024-06-05,CUST1213,Ishaan Das,East,Kolkata,Office Supplies,Notebook,Notebook,4,181.31,0.0,725.24,197.36,Credit Card,Consumer,4.1
ORD100772,2024-01-25,CUST1114,Ananya Mehta,West,Pune,Furniture,Sofa,Sofa,3,22428.78,0.1,60557.71,3657.4,UPI,Consumer,3.2
ORD100773,2025-03-04,CUST1262,Kavya Sharma,North,Chandigarh,Office Supplies,Stapler,Stapler,4,245.18,0.05,931.68,209.1,UPI,Small Business,4.2
ORD100774,2025-12-09,CUST1042,Nisha Iyer,East,Bhubaneswar,Office Supplies,Notebook,Notebook,1,190.76,0.05,181.22,38.21,Debit Card,Consumer,4.4
ORD100775,2024-04-02,CUST1199,Rohan Verma,West,Mumbai,Office Supplies,Pen Set,Pen Set,8,239.68,,1533.95,150.07,UPI,Consumer,2.9
ORD100776,2024-02-08,CUST1166,Kavya Joshi,West,Surat,Office Supplies,Pen Set,Pen Set,6,245.43,0.2,1178.06,67.92,Cash on Delivery,Consumer,3.4
ORD100777,2024-03-14,CUST1157,Aditya Kapoor,South,Chennai,Furniture,Bookshelf,Bookshelf,3,6950.62,0.0,20851.86,2605.63,Credit Card,Consumer,3.0
ORD100778,2025-02-03,CUST1246,Kavya Kumar,North,Delhi,Furniture,Bookshelf,Bookshelf,7,7451.2,0.05,49550.48,4212.42,UPI,Corporate,4.4
ORD100779,2025-08-26,CUST1378,Nisha Mehta,South,Kochi,Electronics,Monitor,Monitor,1,15451.15,0.1,13906.04,858.87,Credit Card,Consumer,4.1
ORD100780,2024-08-14,CUST1379,Rahul Mehta,West,Ahmedabad,Electronics,Printer,Printer,4,11648.6,0.0,46594.4,8939.82,Debit Card,Small Business,4.0
ORD100781,2024-03-27,CUST1281,Vikram Patel,West,Mumbai,Office Supplies,Pen Set,Pen Set,6,250.99,0.1,1355.35,181.32,Credit Card,Small Business,3.9
ORD100782,2024-03-11,CUST1133,Ishaan Rao,East,Patna,Electronics,Headphones,Headphones,1,3606.77,0.1,3246.09,273.65,Cash on Delivery,Corporate,4.2
ORD100783,2025-03-20,CUST1387,Arjun Rao,North,Lucknow,Electronics,Headphones,Headphones,6,3452.87,0.05,19681.36,2725.75,Cash on Delivery,Consumer,4.3
ORD100784,2024-09-17,CUST1400,Pooja Rao,North,Delhi,Electronics,Monitor,Monitor,7,14152.88,0.05,94116.65,11221.68,UPI,Consumer,3.6
ORD100785,2024-09-14,CUST1339,Arjun Nair,South,Bengaluru,Electronics,Mouse,Mouse,5,830.93,0.05,3946.92,550.85,UPI,Consumer,3.5
ORD100786,2024-06-23,CUST1350,Sneha Nair,East,Bhubaneswar,Office Supplies,Printer Paper,Printer Paper,2,421.6,0.2,674.56,55.09,UPI,Corporate,4.0
ORD100787,2025-10-17,CUST1327,Rohan Singh,North,Delhi,Office Supplies,Notebook,Notebook,6,177.88,0.05,1013.92,189.6,Debit Card,Consumer,3.9
ORD100788,2024-10-01,CUST1305,Aarav Reddy,East,Kolkata,Furniture,Bookshelf,Bookshelf,3,7709.01,0.1,20814.33,1024.05,Debit Card,Corporate,5.0
ORD100789,2025-06-01,CUST1291,Arjun Iyer,East,Kolkata,Electronics,Laptop,Laptop,6,63495.82,0.05,361926.17,42850.64,UPI,Consumer,3.7
ORD100790,2025-06-26,CUST1256,Pooja Kumar,North,Delhi,Furniture,Bookshelf,Bookshelf,6,6684.68,0.15,34091.87,1694.34,Cash on Delivery,Consumer,4.2
ORD100791,2024-02-13,CUST1259,Arjun Sharma,North,Jaipur,Furniture,Sofa,Sofa,1,25522.31,0.0,25522.31,2992.82,UPI,Consumer,4.3
ORD100792,2024-06-30,CUST1156,Priya Kapoor,South,Bengaluru,Office Supplies,File Folder,File Folder,1,133.06,0.0,133.06,29.37,Net Banking,Consumer,5.0
ORD100793,2025-10-16,CUST1355,Arjun Gupta,East,Kolkata,Furniture,Desk,Desk,1,12012.09,0.15,10210.28,-327.84,Net Banking,Corporate,3.4
ORD100794,2025-10-07,CUST1254,Sneha Kumar,West,Pune,Furniture,Desk,Desk,1,10822.72,0.15,9199.31,194.93,UPI,Corporate,5.0
ORD100795,2024-10-29,CUST1246,Kavya Kumar,South,Chennai,Furniture,Desk,Desk,3,12616.71,0.05,35957.62,2418.91,UPI,Consumer,3.9
ORD100796,2024-04-24,CUST1297,Vikram Iyer,South,Kochi,Office Supplies,Pen Set,Pen Set,1,247.83,0.05,235.44,40.83,UPI,Consumer,5.0
ORD100797,2024-08-06,CUST1031,Karan Patel,West,Mumbai,Office Supplies,File Folder,File Folder,8,125.78,0.3,704.37,11.51,Cash on Delivery,Small Business,4.3
ORD100798,2025-11-24,CUST1368,Pooja Gupta,South,Kochi,Furniture,Sofa,Sofa,8,23066.34,0.0,184530.72,20226.53,Credit Card,Consumer,3.1
ORD100799,2025-05-06,CUST1234,Nisha Bose,South,Hyderabad,Furniture,Office Chair,Office Chair,2,7654.5,0.05,14543.55,1364.7,Net Banking,Corporate,3.9
ORD100800,2024-02-25,CUST1378,Nisha Mehta,South,Kochi,Electronics,Laptop,Laptop,3,63426.3,0.1,171251.01,20274.26,Credit Card,Consumer,5.0
ORD100801,2025-06-08,CUST1042,Nisha Iyer,North,Chandigarh,Office Supplies,Stapler,Stapler,6,232.11,0.05,1323.03,283.61,Credit Card,Corporate,4.1
ORD100802,2024-04-17,CUST1094,Sneha Nair,South,Bengaluru, electronics,Keyboard,Keyboard,6,1775.67,0.1,9588.62,1485.25,Cash on Delivery,Corporate,4.0
ORD100803,2024-08-09,CUST1380,Priya Mehta,East,Guwahati,Electronics,Smartphone,Smartphone,5,26550.11,0.15,112837.97,1058.58,Credit Card,Consumer,4.5
ORD100804,2024-12-18,CUST1278,Kavya Patel,West,Pune,Office Supplies,Pen Set,Pen Set,8,250.52,0.1,1803.74,260.73,Debit Card,Consumer,3.7
ORD100805,2024-09-14,CUST1259,Arjun Sharma,East,Kolkata,Office Supplies,Stapler,Stapler,6,234.41,0.1,1265.81,200.76,Credit Card,Consumer,3.8
ORD100806,2025-05-25,CUST1162,Ananya Joshi,West,Pune,Electronics,Monitor,Monitor,6,12967.85,0.1,70026.39,10611.05,UPI,Consumer,3.3
ORD100807,2024-04-24,CUST1223,Karan Das,East,Bhubaneswar,Electronics,Mouse,Mouse,5,946.97,0.15,4024.62,392.2,UPI,Corporate,5.0
ORD100808,2025-10-03,CUST1219,Rahul Das,North,Delhi,Electronics,Smartphone,Smartphone,5,29310.84,0.0,146554.2,31101.33,UPI,Consumer,3.1
ORD100809,2025-03-09,CUST1080,Pooja Singh,South,Chennai,Furniture,Office Chair,Office Chair,3,8343.28,0.05,23778.35,1370.75,Debit Card,Consumer,4.1
ORD100810,2024-08-11,CUST1227,Arjun Bose,West,Surat,Electronics,Headphones,Headphones,5,3897.16,0.15,16562.93,589.01,Credit Card,Small Business,4.4
ORD100811,2025-11-30,CUST1207,Karan Verma,North,Chandigarh,Office Supplies,File Folder,File Folder,8,131.62,0.05,1000.31,186.84,Credit Card,Small Business,4.0
ORD100812,2024-12-15,CUST1126,Sneha Mehta,West,Pune,Office Supplies,Calculator,Calculator,4,630.21,0.0,2520.84,580.84,UPI,Consumer,3.1
ORD100813,2024-10-31,CUST1138,Nisha Rao,East,Patna,Furniture,Bookshelf,Bookshelf,2,6347.88,0.05,12060.97,1384.81,Debit Card,Corporate,
ORD100814,2024-01-16,CUST1308,Diya Reddy,South,Chennai,Office Supplies,File Folder,File Folder,5,116.14,0.15,493.6,57.46,Net Banking,Consumer,
ORD100815,2025-12-29,CUST1271,Karan Sharma,West,Pune,Electronics,Smartphone,Smartphone,7,26461.09,0.0,185227.63,32824.66,Debit Card,Corporate,3.4
ORD100816,2025-09-10,CUST1188,Priya Menon,West,Surat,Electronics,Smartphone,Smartphone,8,28571.07,0.15,194283.28,13961.13,Cash on Delivery,Consumer,2.4
ORD100817,2024-05-08,CUST1242,Ananya Kumar,North,Chandigarh,Office Supplies,Calculator,Calculator,5,716.38,0.15,3044.62,246.35,UPI,Corporate,4.3
ORD100818,2025-11-23,CUST1097,Aarav Gupta,North,Jaipur,Electronics,Smartphone,Smartphone,7,30561.28,0.1,192536.06,18544.33,UPI,Consumer,3.3
ORD100819,2025-08-04,CUST1200,Meera Verma,East,Bhubaneswar,Electronics,Headphones,Headphones,3,3385.49,0.05,9648.65,1062.11,Credit Card,Consumer,4.5
ORD100820,2024-11-03,CUST1225,Aarav Bose,West,Mumbai,Electronics,Mouse,Mouse,4,894.86,0.15,3042.52,137.34,UPI,Small Business,3.8
ORD100821,2025-11-09,CUST1102,Kavya Gupta,North,Delhi,Electronics,Printer,Printer,4,10896.47,0.05,41406.59,5086.36,Debit Card,Consumer,3.8
ORD100822,2025-02-12,CUST1068,Diya Singh,East,Kolkata,Furniture,Desk,Desk,3,12236.59,0.2,29367.82,-1936.79,Net Banking,Consumer,4.0
ORD100823,2025-05-17,CUST1211,Arjun Das,North,Lucknow,Office Supplies,Notebook,Notebook,6,164.51,0.15,839.0,107.51,UPI,Consumer,3.1
ORD100824,2024-05-13,CUST1377,Vikram Mehta,East,Guwahati,Office Supplies,Calculator,Calculator,8,719.22,0.0,5753.76,1470.26,Cash on Delivery,Corporate,3.4
ORD100825,2024-03-20,CUST1185,Vikram Menon,East,Bhubaneswar,Office Supplies,Calculator,Calculator,3,708.97,0.15,1807.87,211.53,UPI,Consumer,3.8
ORD100826,2025-01-20,CUST1361,Vikram Gupta,North,Lucknow,Office Supplies,Pen Set,Pen Set,2,236.78,0.1,426.2,74.27,Debit Card,Corporate,3.1
ORD100827,2024-08-26,CUST1341,Ishaan Nair,East,Kolkata,Furniture,Bookshelf,Bookshelf,7,7377.03,0.1,46475.29,617.41,Credit Card,Consumer,4.5
ORD100828,2025-12-18,CUST1298,Nisha Iyer,West,Mumbai,Office Supplies,Pen Set,Pen Set,7,256.24,0.1,1614.31,293.87,Debit Card,Corporate,3.8
ORD100829,2024-03-03,CUST1358,Kavya Gupta,West,Pune,Furniture,Sofa,Sofa,8,25831.17,0.1,185984.42,5550.71,UPI,Small Business,2.9
ORD100830,2025-07-11,CUST1165,Ishaan Joshi,North,Lucknow,Electronics,Mouse,Mouse,3,904.18,0.15,2305.66,93.17,Cash on Delivery,Consumer,3.6
ORD100831,2025-03-15,CUST1304,Pooja Iyer,North,Chandigarh,Office Supplies,Pen Set,Pen Set,6,235.55,0.2,1130.64,67.99,Cash on Delivery,Corporate,4.1
ORD100832,2025-10-04,CUST1058,Nisha Reddy,North,Lucknow,Electronics,Headphones,Headphones,6,3642.68,0.05,20763.28,2729.65,Credit Card,Consumer,3.7
ORD100833,2025-12-30,CUST1128,Pooja Mehta,South,Chennai,Electronics,Monitor,Monitor,7,12847.26,0.1,80937.74,11474.22,Credit Card,Consumer,4.3
ORD100834,2025-09-28,CUST1227,Arjun Bose,North,Lucknow,Electronics,Laptop,Laptop,7,66859.61,0.15,397814.68,20255.59,Debit Card,Corporate,4.4
ORD100835,2024-09-30,CUST1016,Pooja Sharma,West,Mumbai,Furniture,Office Chair,Office Chair,8,8047.76,0.15,54724.77,-1976.12,Credit Card,Small Business,5.0
ORD100836,2025-05-23,CUST1307,Arjun Reddy,West,,Furniture,Meeting Table,Meeting Table,4,18912.35,0.1,68084.46,3946.89,Credit Card,Small Business,4.9
ORD100837,2024-04-29,CUST1371,Arjun Mehta,West,Ahmedabad,Furniture,Bookshelf,Bookshelf,1,7575.19,0.05,7196.43,472.82,Credit Card,Small Business,2.8
ORD100838,2024-12-21,CUST1043,Rahul Iyer,North,Delhi,Office Supplies,Notebook,Notebook,2,166.34,0.15,282.78,36.65,Net Banking,Consumer,3.7
ORD100839,2024-07-15,CUST1397,Aditya Rao,North,Lucknow,Electronics,Laptop,Laptop,8,64223.84,0.05,488101.18,59723.32,Debit Card,Corporate,3.8
ORD100840,2024-07-01,CUST1036,Diya Iyer,West,Surat,Furniture,Desk,Desk,7,12736.5,0.05,84697.72,9276.04,UPI,Consumer,4.4
ORD100841,2025-02-21,CUST1051,Arjun Reddy,South,Hyderabad,Electronics,Printer,Printer,1,11232.18,0.1,10108.96,811.05,Cash on Delivery,Small Business,3.3
ORD100842,2024-04-02,CUST1305,Aarav Reddy,East,Bhubaneswar,Office Supplies,File Folder,File Folder,3,122.96,0.05,350.44,84.96,UPI,Corporate,3.6
ORD100843,2025-02-19,CUST1275,Arjun Patel,West,Mumbai,Electronics,Printer,Printer,2,12573.65,0.0,25147.3,3866.86,UPI,Consumer,3.1
ORD100844,2024-10-20,CUST1375,Rohan Mehta,North,Chandigarh,Electronics,Headphones,Headphones,3,3423.19,0.0,10269.57,1773.32,Cash on Delivery,Small Business,3.5
ORD100845,2024-06-16,CUST1171,Rahul Joshi,North,Chandigarh,Furniture,Sofa,Sofa,6,25992.87,0.15,132563.64,3645.49,UPI,Corporate,3.6
ORD100846,2025-02-14,CUST1230,Kavya Bose,North,Lucknow,Office Supplies,Calculator,Calculator,5,658.02,0.3,2303.07,-1.83,UPI,Small Business,3.8
ORD100847,2025-07-02,CUST1060,Priya Reddy,North,Chandigarh,Office Supplies,Notebook,Notebook,4,186.83,0.1,672.59,149.17,Credit Card,Corporate,3.1
ORD100848,2025-03-21,CUST1277,Ishaan Patel,North,Delhi,Furniture,Office Chair,Office Chair,4,7913.43,0.0,31653.72,3585.46,Net Banking,Small Business,4.7
ORD100849,2024-03-05,CUST1400,Pooja Rao,West,Mumbai,Office Supplies,Printer Paper,Printer Paper,6,407.29,0.15,2077.18,267.8,UPI,Consumer,4.4
ORD100850,2025-02-14,CUST1239,Karan Bose,East,Patna,Furniture,Meeting Table,Meeting Table,6,16400.96,0.05,93485.47,11697.72,Credit Card,Consumer,2.9
ORD100851,2025-03-31,CUST1374,Kavya Mehta,West,Mumbai,Electronics,Laptop,Laptop,1,71426.06,0.3,49998.24,-5642.21,UPI,Corporate,4.0
ORD100852,2025-05-14,CUST1158,Sneha Kapoor,West,Surat,Electronics,Keyboard,Keyboard,2,1969.53,0.1,3545.15,191.64,Credit Card,Consumer,2.8
ORD100853,2024-11-07,CUST1394,Nisha Rao,West,Mumbai,Electronics,Printer,Printer,3,12932.04,0.05,36856.31,4334.76,UPI,Consumer,5.0
ORD100854,2024-03-10,CUST1215,Rohan Das,North,Chandigarh,Electronics,Printer,Printer,4,11326.98,0.1,40777.13,4703.0,UPI,Small Business,5.0
ORD100855,2024-04-02,CUST1058,Nisha Reddy,South,Kochi,Furniture,Desk,Desk,8,12187.21,0.05,92622.8,3450.54,Cash on Delivery,Small Business,4.0
ORD100856,2024-08-30,CUST1146,Ananya Kapoor,West,Pune,Furniture,Meeting Table,Meeting Table,8,19352.62,0.15,131597.82,977.28,Debit Card,Small Business,3.4
ORD100857,2025-04-08,CUST1197,Ishaan Verma,North,Delhi,Furniture,Sofa,Sofa,6,25162.25,0.0,150973.5,20104.79,Net Banking,Consumer,3.5
ORD100858,2025-06-24,CUST1027,Rahul Patel,North,Lucknow,Furniture,Meeting Table,Meeting Table,1,16657.46,0.2,13325.97,4.79,Cash on Delivery,Consumer,3.7
ORD100859,2025-05-06,CUST1359,Rohan Gupta,East,Kolkata,Office Supplies,Notebook,Notebook,1,197.46,0.15,167.84,24.95,Cash on Delivery,Small Business,3.9
ORD100860,2024-08-16,CUST1096,Pooja Nair,West,Ahmedabad,Office Supplies,Stapler,Stapler,4,205.78,0.2,658.5,58.67,Debit Card,Consumer,5.0
ORD100861,2024-11-17,CUST1271,Karan Sharma,West,Surat,Electronics,Laptop,Laptop,5,60956.68,0.2,243826.72,10723.09,UPI,Consumer,4.7
ORD100862,2024-02-04,CUST1368,Pooja Gupta,West,Ahmedabad,Electronics,Monitor,Monitor,6,15375.11,0.05,87638.13,13230.96,Net Banking,Consumer,4.7
ORD100863,2025-08-06,CUST1174,Sneha Joshi,North,Delhi,Furniture,Office Chair,Office Chair,2,8556.23,0.1,15401.21,361.9,Credit Card,Small Business,4.1
ORD100864,2024-09-15,CUST1244,Diya Kumar,West,Surat,Furniture,Bookshelf,Bookshelf,8,6874.25,0.2,43995.2,-3458.69,UPI,Consumer,3.1
ORD100865,2025-01-07,CUST1207,Karan Verma,West,Mumbai,Electronics,Mouse,Mouse,4,919.62,0.05,3494.56,430.76,Credit Card,Consumer,3.4
ORD100866,2024-11-24,CUST1306,Ananya Reddy,East,Guwahati,Electronics,Keyboard,Keyboard,5,2008.63,0.0,10043.15,1797.71,UPI,Consumer,4.0
ORD100867,2024-07-27,CUST1016,Pooja Sharma,West,Ahmedabad,Office Supplies,Pen Set,Pen Set,1,231.58,0.05,220.0,46.61,Credit Card,Consumer,3.1
ORD100868,2024-05-02,CUST1144,Pooja Rao,West,Pune,Office Supplies,File Folder,File Folder,7,127.98,0.05,851.07,131.17,Net Banking,Corporate,4.2
ORD100869,2025-11-28,CUST1245,Ishaan Kumar,South,Bengaluru,Electronics,Monitor,Monitor,5,13629.72,0.2,54518.88,245.93,Credit Card,Corporate,4.6
ORD100870,2024-03-28,CUST1037,Ishaan Iyer,North,Delhi,Furniture,Sofa,Sofa,2,22218.02,,39992.44,1428.31,UPI,Corporate,4.4
ORD100871,2025-11-21,CUST1344,Meera Nair,South,Kochi,Office Supplies,Pen Set,Pen Set,3,248.21,0.15,632.94,86.2,UPI,Consumer,4.4
ORD100872,2024-03-23,CUST1253,Aditya Kumar,North,Delhi,Electronics,Laptop,Laptop,3,66347.17,0.3,139329.06,-4783.16,Net Banking,Consumer,2.6
ORD100873,2024-03-10,CUST1002,Ananya Sharma,North,Jaipur,Office Supplies,Stapler,Stapler,1,207.97,0.05,197.57,41.91,Credit Card,Consumer,5.0
ORD100874,2025-10-22,CUST1005,Ishaan Sharma,North,Chandigarh,Electronics,Mouse,Mouse,8,890.24,0.15,6053.63,180.16,Credit Card,Small Business,2.8
ORD100875,2025-11-22,CUST1064,Pooja Reddy,East,Guwahati,Furniture,Bookshelf,Bookshelf,7,7278.94,0.0,50952.58,3798.41,Net Banking,Consumer,3.9
ORD100876,2025-10-16,CUST1266,Nisha Sharma,East,Guwahati,Furniture,Desk,Desk,8,12321.82,0.0,98574.56,13521.99,Net Banking,Consumer,4.5
ORD100877,2025-07-20,CUST1208,Pooja Verma,East,Guwahati,Electronics,Laptop,Laptop,3,68841.2,0.0,206523.6,32687.07,Credit Card,Consumer,4.3
ORD100878,2024-12-26,CUST1193,Aarav Verma,East,Guwahati,Office Supplies,Printer Paper,Printer Paper,5,487.8,0.05,2317.05,531.0,Debit Card,Small Business,3.0
ORD100879,2024-03-18,CUST1225,Aarav Bose,East,Patna,Furniture,Sofa,Sofa,4,23760.26,0.1,85536.94,5982.07,UPI,Corporate,3.2
ORD100880,2025-03-08,CUST1198,Kavya Verma,East,Bhubaneswar,Office Supplies,Notebook,Notebook,4,178.75,0.1,643.5,81.34,Cash on Delivery,Consumer,4.2
ORD100881,2025-01-14,CUST1138,Nisha Rao,North,Lucknow,Electronics,Laptop,Laptop,5,65602.7,0.05,311612.82,47161.76,Credit Card,Corporate,4.4
ORD100882,2025-06-21,CUST1003,Arjun Sharma,West,Surat,Office Supplies,Notebook,Notebook,4,184.43,0.0,737.72,208.27,Debit Card,Consumer,3.2
ORD100883,2024-01-26,CUST1012,Priya Sharma,South,Kochi,Office Supplies,File Folder,File Folder,7,110.86,0.15,659.62,97.61,UPI,Corporate,4.3
ORD100884,2024-02-26,CUST1276,Diya Patel,North,Lucknow,Furniture,Meeting Table,Meeting Table,1,17438.04,0.0,17438.04,1178.65,Debit Card,Small Business,2.9
ORD100885,2025-03-06,CUST1298,Nisha Iyer,West,Surat,Electronics,Smartphone,Smartphone,2,26258.85,0.15,44640.04,1390.93,Credit Card,Corporate,4.5
ORD100886,2025-09-17,CUST1096,Pooja Nair,East,Kolkata,Office Supplies,Calculator,Calculator,8,640.18,0.2,4097.15,196.64,Credit Card,Small Business,3.3
ORD100887,2025-11-13,CUST1098,Ananya Gupta,North,Lucknow,Furniture,Office Chair,Office Chair,8,9470.17,0.15,64397.16,359.78,Debit Card,Consumer,4.1
ORD100888,2025-02-19,CUST1164,Diya Joshi,North,Chandigarh,Office Supplies,Calculator,Calculator,7,668.33,0.1,4210.48,738.24,Net Banking,Consumer,3.9
ORD100889,2024-09-26,CUST1258,Ananya Sharma,North,Jaipur,Furniture,Desk,Desk,3,11933.57,0.15,30430.6,-2280.69,UPI,Corporate,4.9
ORD100890,2024-12-11,CUST1238,Sneha Bose,South,Hyderabad,Electronics,Printer,Printer,4,12294.07,0.15,41799.84,1880.12,Net Banking,Corporate,4.2
ORD100891,2025-01-06,CUST1224,Pooja Das,North,Jaipur,Electronics,Headphones,Headphones,1,3665.19,0.2,2932.15,88.02,UPI,Consumer,3.6
ORD100892,2025-03-28,CUST1015,Karan Sharma,East,Guwahati,Office Supplies,Pen Set,Pen Set,3,248.92,0.3,522.73,-0.68,Credit Card,Consumer,4.3
ORD100893,2024-06-15,CUST1173,Aditya Joshi,East,Patna,office supplies,Pen Set,Pen Set,6,249.62,0.1,1347.95,227.34,UPI,Consumer,5.0
ORD100894,2024-10-11,CUST1302,Sneha Iyer,West,Mumbai,Electronics,Mouse,Mouse,3,948.88,0.1,2561.98,220.01,UPI,Consumer,4.6
ORD100895,2025-01-30,CUST1237,Aditya Bose,East,Bhubaneswar,Office Supplies,File Folder,File Folder,4,109.61,0.15,372.67,35.79,Net Banking,Small Business,4.0
ORD100896,2025-09-13,CUST1323,Arjun Singh,East,Patna,Office Supplies,File Folder,File Folder,1,122.26,0.0,122.26,30.51,UPI,Consumer,3.4
ORD100897,2025-08-09,CUST1279,Rohan Patel,East,Bhubaneswar,Electronics,Mouse,Mouse,4,918.37,0.1,3306.13,318.39,Cash on Delivery,Small Business,3.5
ORD100898,2025-07-05,CUST1360,Meera Gupta,North,Lucknow,Electronics,Headphones,Headphones,6,3732.7,0.15,19036.77,1292.24,UPI,Consumer,4.5
ORD100899,2024-06-06,CUST1229,Ishaan Bose,North,Delhi,Office Supplies,Stapler,Stapler,5,245.56,0.15,1043.63,146.02,Debit Card,Corporate,3.3
ORD100900,2024-10-24,CUST1228,Diya Bose,East,Guwahati,Office Supplies,File Folder,File Folder,5,129.01,0.05,612.8,128.47,UPI,Small Business,4.0
ORD100901,2025-02-08,CUST1224,Pooja Das,North,Lucknow,Electronics,Laptop,Laptop,8,65704.18,0.05,499351.77,82329.48,Debit Card,Corporate,5.0
ORD100902,2025-12-08,CUST1106,Nisha Gupta,North,Lucknow,Office Supplies,Notebook,Notebook,2,168.71,0.05,320.55,63.51,Cash on Delivery,Small Business,4.1
ORD100903,2024-09-16,CUST1175,Karan Joshi,North,Delhi,Furniture,Office Chair,Office Chair,3,8750.05,0.1,23625.14,-26.0,Credit Card,Consumer,3.2
ORD100904,2025-11-02,CUST1068,Diya Singh,West,,Office Supplies,Stapler,Stapler,5,238.38,0.2,953.52,87.65,Credit Card,Consumer,5.0
ORD100905,2025-06-30,CUST1173,Aditya Joshi,South,Bengaluru,Office Supplies,Stapler,Stapler,4,243.13,0.2,778.02,64.7,Net Banking,Corporate,5.0
ORD100906,2025-04-08,CUST1060,Priya Reddy,East,Bhubaneswar,Office Supplies,Calculator,Calculator,8,703.02,0.05,5342.95,1175.04,Debit Card,Corporate,4.4
ORD100907,2025-05-28,CUST1197,Ishaan Verma,South,Bengaluru,Furniture,Meeting Table,Meeting Table,1,16948.32,0.05,16100.9,738.85,UPI,Corporate,5.0
ORD100908,2025-08-02,CUST1382,Sneha Mehta,North,Chandigarh,Electronics,Smartphone,Smartphone,1,29589.47,0.15,25151.05,2446.44,Debit Card,Corporate,3.8
ORD100909,2025-05-25,CUST1181,Ishaan Menon,South,Hyderabad,FURNITURE,Meeting Table,Meeting Table,3,19685.41,0.15,50197.8,515.16,Debit Card,Consumer,4.5
ORD100910,2025-05-06,CUST1296,Meera Iyer,North,Jaipur,Electronics,Printer,Printer,4,12597.88,0.1,45352.37,3981.94,Net Banking,Consumer,3.7
ORD100911,2024-10-03,CUST1176,Pooja Joshi,West,Mumbai,Office Supplies,Stapler,Stapler,8,231.19,0.05,1757.04,323.5,UPI,Small Business,3.0
ORD100912,2024-11-08,CUST1363,Rahul Gupta,North,Lucknow,Electronics,Headphones,Headphones,4,3535.12,0.0,14140.48,2926.07,Credit Card,Corporate,5.0
ORD100913,2025-03-14,CUST1085,Ishaan Nair,South,Chennai,Furniture,Office Chair,Office Chair,4,8841.15,0.15,30059.91,-1053.43,Cash on Delivery,Corporate,2.9
ORD100914,2025-09-08,CUST1334,Sneha Singh,West,,Electronics,Smartphone,Smartphone,2,27013.39,0.1,48624.1,7368.21,Credit Card,Corporate,4.2
ORD100915,2025-04-20,CUST1290,Ananya Iyer,East,Guwahati,Electronics,Laptop,Laptop,4,59769.98,0.05,227125.92,27747.95,Credit Card,Small Business,4.2
ORD100916,2025-12-23,CUST1356,Diya Gupta,South,Bengaluru,Electronics,Keyboard,Keyboard,5,1947.78,0.2,7791.12,413.03,Cash on Delivery,Small Business,4.4
ORD100917,2025-05-12,CUST1054,Kavya Reddy,East,Guwahati,Office Supplies,File Folder,File Folder,5,132.9,0.15,564.82,66.59,UPI,Consumer,3.9
ORD100918,2024-10-24,CUST1358,Kavya Gupta,West,Surat,Office Supplies,Pen Set,Pen Set,5,272.13,0.2,1088.52,130.1,Credit Card,Small Business,3.9
ORD100919,2025-02-24,CUST1364,Priya Gupta,South,Chennai,Electronics,Laptop,Laptop,4,63274.96,0.1,227789.86,17455.15,Net Banking,Consumer,4.1
ORD100920,2025-03-31,CUST1119,Rohan Mehta,East,Bhubaneswar,Office Supplies,Notebook,Notebook,2,165.7,0.1,298.26,49.35,Debit Card,Consumer,4.4
ORD100921,2025-09-25,CUST1250,Nisha Kumar,West,Ahmedabad,Office Supplies,Stapler,Stapler,2,211.56,0.2,338.5,33.89,Cash on Delivery,Small Business,4.0
ORD100922,2024-07-06,CUST1235,Rahul Bose,East,Patna,Electronics,Keyboard,Keyboard,2,1953.76,0.3,2735.26,-159.87,Debit Card,Consumer,3.9
ORD100923,2024-06-30,CUST1020,Diya Patel,South,Hyderabad,Office Supplies,Stapler,Stapler,5,229.74,0.3,804.09,18.11,UPI,Consumer,3.0
ORD100924,2024-05-27,CUST1211,Arjun Das,North,Jaipur,Furniture,Office Chair,Office Chair,7,9457.72,0.15,56273.43,-1107.84,Credit Card,Corporate,5.0
ORD100925,2024-02-10,CUST1264,Meera Sharma,North,Chandigarh,Electronics,Laptop,Laptop,8,63400.34,0.1,456482.45,44333.67,UPI,Small Business,4.4
ORD100926,2025-05-08,CUST1083,Arjun Nair,West,Surat,Furniture,Office Chair,Office Chair,3,8681.25,0.05,24741.56,2689.65,Cash on Delivery,Consumer,4.2
ORD100927,2025-12-04,CUST1145,Aarav Kapoor,East,Bhubaneswar,Electronics,Mouse,Mouse,1,966.43,0.05,918.11,110.05,UPI,Corporate,3.5
ORD100928,2025-03-24,CUST1235,Rahul Bose,South,Kochi,Office Supplies,Calculator,Calculator,6,618.46,0.2,2968.61,279.98,Credit Card,Consumer,3.2
ORD100929,2024-02-14,CUST1372,Diya Mehta,South,Kochi,Office Supplies,Pen Set,Pen Set,1,278.02,0.05,264.12,53.36,Credit Card,Consumer,4.6
ORD100930,2024-09-23,CUST1025,Vikram Patel,East,Bhubaneswar,Office Supplies,Notebook,Notebook,6,185.46,0.15,945.85,120.73,UPI,Corporate,3.9
ORD100931,2025-10-22,CUST1375,Rohan Mehta,East,Kolkata,Furniture,Desk,Desk,4,10820.85,0.2,34626.72,-1658.14,UPI,Corporate,4.5
ORD100932,2024-02-07,CUST1327,Rohan Singh,East,Patna,Furniture,Meeting Table,Meeting Table,7,16299.61,0.3,79868.09,-12356.16,Debit Card,Corporate,3.0
ORD100933,2025-03-23,CUST1339,Arjun Nair,South,Chennai,Office Supplies,Notebook,Notebook,6,196.94,0.2,945.31,69.46,UPI,Corporate,5.0
ORD100934,2024-11-18,CUST1020,Diya Patel,East,Bhubaneswar,Electronics,Mouse,Mouse,6,937.77,0.1,5063.96,499.42,Cash on Delivery,Small Business,4.7
ORD100935,2025-11-02,CUST1228,Diya Bose,South,Chennai,Electronics,Headphones,Headphones,4,3737.57,0.1,13455.25,1243.69,Cash on Delivery,Small Business,3.9
ORD100936,2025-01-10,CUST1148,Diya Kapoor,West,Ahmedabad,Furniture,Office Chair,Office Chair,7,9116.11,0.3,44668.94,-4274.0,UPI,Consumer,4.4
ORD100937,2025-02-16,CUST1368,Pooja Gupta,North,Jaipur,Electronics,Printer,Printer,5,11910.01,0.05,56572.55,9207.12,Net Banking,Corporate,4.6
ORD100938,2025-06-11,CUST1297,Vikram Iyer,North,Chandigarh,Electronics,Headphones,Headphones,6,3764.93,0.05,21460.1,3106.34,UPI,Corporate,3.0
ORD100939,2025-08-23,CUST1260,Diya Sharma,South,Kochi,Electronics,Keyboard,Keyboard,3,1991.26,0.3,4181.65,-393.4,UPI,Consumer,5.0
ORD100940,2025-01-11,CUST1012,Priya Sharma,East,Patna,Furniture,Office Chair,Office Chair,4,7971.96,0.15,27104.66,-761.66,UPI,Corporate,4.4
ORD100941,2025-06-11,CUST1351,Karan Nair,East,Patna,Electronics,Monitor,Monitor,7,14953.54,0.1,94207.3,13598.38,Net Banking,Corporate,3.5
ORD100942,2025-08-11,CUST1196,Diya Verma,South,Chennai,Electronics,Keyboard,Keyboard,4,1741.89,0.0,6967.56,1078.25,Debit Card,Consumer,
ORD100943,2025-01-18,CUST1065,Aarav Singh,West,Pune,Electronics,Keyboard,Keyboard,1,1747.31,0.1,1572.58,153.87,UPI,Consumer,4.7
ORD100944,2025-06-07,CUST1350,Sneha Nair,South,Chennai,Furniture,Office Chair,Office Chair,4,8421.85,0.2,26949.92,-1104.31,Debit Card,Consumer,4.2
ORD100945,2024-09-22,CUST1362,Nisha Gupta,North,Lucknow,Office Supplies,Stapler,Stapler,4,239.8,0.1,863.28,135.72,Debit Card,Consumer,4.4
ORD100946,2024-09-16,CUST1199,Rohan Verma,North,Chandigarh,Electronics,Printer,Printer,4,10858.23,0.1,39089.63,2734.12,Debit Card,Small Business,4.0
ORD100947,2024-01-03,CUST1265,Vikram Sharma,West,Pune,Office Supplies,Calculator,Calculator,1,647.05,0.1,582.34,84.66,Credit Card,Consumer,3.2
ORD100948,2025-05-04,CUST1245,Ishaan Kumar,North,Chandigarh,Office Supplies,Pen Set,Pen Set,2,262.4,0.2,419.84,27.85,Net Banking,Corporate,4.4
ORD100949,2024-07-02,CUST1122,Nisha Mehta,West,Ahmedabad,Electronics,Printer,Printer,3,11091.5,0.2,26619.6,-205.96,Debit Card,Corporate,
ORD100950,2025-08-17,CUST1300,Priya Iyer,South,Bengaluru,Office Supplies,Calculator,Calculator,4,698.29,0.1,2513.84,498.23,UPI,Consumer,4.0
ORD100951,2025-11-26,CUST1400,Pooja Rao,North,Jaipur,Office Supplies,Notebook,Notebook,1,199.3,0.1,179.37,29.56,Net Banking,Consumer,5.0
ORD100952,2025-10-02,CUST1374,Kavya Mehta,South,Chennai,Furniture,Office Chair,Office Chair,4,7820.05,0.05,29716.19,1913.87,UPI,Consumer,4.7
ORD100953,2024-07-20,CUST1275,Arjun Patel,East,Bhubaneswar,Electronics,Printer,Printer,3,11203.78,0.1,30250.21,2954.66,Debit Card,Consumer,4.7
ORD100954,2025-04-21,CUST1145,Aarav Kapoor,South,Bengaluru,Electronics,Smartphone,Smartphone,1,31200.44,0.05,29640.42,4570.52,Debit Card,Consumer,5.0
ORD100955,2025-07-03,CUST1364,Priya Gupta,West,Surat,Office Supplies,Notebook,Notebook,3,169.84,0.1,458.57,71.71,UPI,Consumer,4.3
ORD100956,2025-01-04,CUST1371,Arjun Mehta,East,Patna,Office Supplies,File Folder,File Folder,3,110.08,0.1,297.22,55.74,UPI,Small Business,4.1
ORD100957,2025-01-06,CUST1003,Arjun Sharma,South,Kochi,Office Supplies,Stapler,Stapler,2,244.09,0.05,463.77,81.49,Debit Card,Corporate,3.5
ORD100958,2024-11-16,CUST1136,Meera Rao,East,Kolkata,Office Supplies,Stapler,Stapler,7,241.2,0.05,1603.98,379.79,Net Banking,Consumer,3.7
ORD100959,2024-08-13,CUST1221,Aditya Das,West,Surat,Electronics,Keyboard,Keyboard,1,3616.11,0.0,3616.11,650.09,Net Banking,Consumer,2.5
ORD100960,2025-02-23,CUST1232,Meera Bose,South,Bengaluru,Office Supplies,Printer Paper,Printer Paper,5,459.59,0.0,2297.95,571.73,Debit Card,Small Business,4.6
ORD100961,2025-12-25,CUST1286,Sneha Patel,North,Jaipur,Furniture,Sofa,Sofa,6,26453.55,0.15,134913.1,-3349.27,UPI,Consumer,3.0
ORD100962,2024-06-09,CUST1206,Sneha Verma,South,Kochi,Office Supplies,Notebook,Notebook,7,187.96,0.05,1249.93,220.99,UPI,Corporate,4.7
ORD100963,2024-02-04,CUST1006,Kavya Sharma,West,Surat,Electronics,Laptop,Laptop,5,67915.07,0.0,339575.35,46974.55,Net Banking,Consumer,4.0
ORD100964,2024-02-11,CUST1067,Arjun Singh,North,Delhi,Electronics,Laptop,Laptop,5,70564.7,0.3,246976.45,-23232.93,Credit Card,Small Business,4.1
ORD100965,2025-03-01,CUST1306,Ananya Reddy,West,Pune,Office Supplies,File Folder,File Folder,7,125.25,0.05,832.91,185.07,Debit Card,Consumer,4.0
ORD100966,2024-07-16,CUST1278,Kavya Patel,East,Guwahati,Office Supplies,File Folder,File Folder,7,121.3,0.2,679.28,38.02,UPI,Consumer,5.0
ORD100967,2024-12-03,CUST1261,Ishaan Sharma,East,Guwahati,Office Supplies,Printer Paper,Printer Paper,2,443.58,0.1,798.44,100.83,UPI,Corporate,4.9
ORD100968,2025-11-25,CUST1177,Aarav Menon,South,Bengaluru,Electronics,Monitor,Monitor,7,14149.65,0.15,84190.42,2506.63,Debit Card,Consumer,4.0
ORD100969,2024-02-25,CUST1110,Sneha Gupta,West,Ahmedabad,Electronics,Laptop,Laptop,4,65971.44,0.1,237497.18,20277.31,Debit Card,Corporate,3.3
ORD100970,2024-05-07,CUST1124,Priya Mehta,North,Lucknow,Office Supplies,Printer Paper,Printer Paper,1,440.72,0.05,418.68,83.26,Debit Card,Consumer,4.7
ORD100971,2024-06-05,CUST1276,Diya Patel,South,Chennai,Furniture,Desk,Desk,5,11983.03,0.2,47932.12,-2551.06,UPI,Consumer,3.3
ORD100972,2024-11-30,CUST1202,Nisha Verma,South,Hyderabad,Furniture,Meeting Table,Meeting Table,8,19375.41,0.15,131752.79,2413.07,Net Banking,Consumer,2.8
ORD100973,2025-05-22,CUST1053,Ishaan Reddy,South,Hyderabad,Furniture,Sofa,Sofa,2,23799.19,0.05,45218.46,4916.66,Credit Card,Corporate,4.4
ORD100974,2024-05-13,CUST1160,Pooja Kapoor,South,Kochi,Furniture,Meeting Table,Meeting Table,1,16301.22,0.15,13856.04,590.77,Net Banking,Small Business,4.9
ORD100975,2024-03-20,CUST1330,Nisha Singh,North,,Furniture,Meeting Table,Meeting Table,8,17320.76,0.1,124709.47,-701.2,Debit Card,Consumer,3.7
ORD100976,2024-03-03,CUST1240,Pooja Bose,North,Delhi,FURNITURE,Office Chair,Office Chair,5,8083.36,0.2,32333.44,-2308.51,Credit Card,Small Business,4.3
ORD100977,2025-08-08,CUST1347,Rahul Nair,North,Chandigarh,Office Supplies,Stapler,Stapler,2,236.41,0.15,401.9,56.25,Debit Card,Small Business,3.7
ORD100978,2024-01-22,CUST1204,Priya Verma,East,Guwahati,Office Supplies,File Folder,File Folder,7,119.86,0.0,839.02,200.23,Credit Card,Consumer,4.5
ORD100979,2025-04-01,CUST1195,Arjun Verma,South,Bengaluru,Office Supplies,Stapler,Stapler,4,211.57,0.2,677.02,68.73,Credit Card,Consumer,4.8
ORD100980,2025-02-26,CUST1380,Priya Mehta,East,Patna,Furniture,Sofa,Sofa,3,25880.52,0.3,54349.09,-7055.72,Debit Card,Consumer,3.8
ORD100981,2024-03-14,CUST1203,Rahul Verma,East,Patna,Furniture,Bookshelf,Bookshelf,3,6329.59,0.15,16140.45,516.17,UPI,Consumer,3.2
ORD100982,2025-02-07,CUST1055,Rohan Reddy,East,Kolkata,Office Supplies,Pen Set,Pen Set,5,234.58,0.0,1172.9,323.8,Cash on Delivery,Corporate,2.9
ORD100983,2024-07-28,CUST1161,Aarav Joshi,East,Patna,Office Supplies,Printer Paper,Printer Paper,2,486.87,0.15,827.68,123.35,UPI,Consumer,4.7
ORD100984,2025-01-11,CUST1260,Diya Sharma,East,Kolkata,Furniture,Sofa,Sofa,3,24507.44,0.1,66170.09,1634.61,UPI,Consumer,3.1
ORD100985,2024-04-10,CUST1139,Rahul Rao,East,Bhubaneswar,Office Supplies,Printer Paper,Printer Paper,3,481.59,0.05,1372.53,281.46,Net Banking,Corporate,4.3
ORD100986,2025-05-03,CUST1165,Ishaan Joshi,East,Kolkata,Office Supplies,Pen Set,Pen Set,1,271.1,0.2,216.88,15.7,UPI,Consumer,4.6
ORD100987,2025-08-06,CUST1350,Sneha Nair,East,Bhubaneswar,Office Supplies,Printer Paper,Printer Paper,7,498.25,0.1,3138.98,399.76,Cash on Delivery,Small Business,3.6
ORD100988,2024-01-03,CUST1175,Karan Joshi,South,Kochi,Office Supplies,Pen Set,Pen Set,1,228.49,0.2,182.79,21.35,Credit Card,Corporate,3.9
ORD100989,2025-01-24,CUST1122,Nisha Mehta,North,Jaipur,Electronics,Headphones,Headphones,8,3765.41,0.15,25604.79,1821.39,UPI,Consumer,4.7
ORD100990,2025-04-18,CUST1044,Priya Iyer,West,Ahmedabad,Furniture,Meeting Table,Meeting Table,1,19006.71,0.05,18056.37,1243.62,UPI,Consumer,3.4
ORD100991,2024-01-03,CUST1162,Ananya Joshi,South,,Furniture,Desk,Desk,3,11346.55,0.3,23827.75,-2439.61,UPI,Consumer,3.3
ORD100992,2025-06-13,CUST1307,Arjun Reddy,East,Guwahati,Electronics,Smartphone,Smartphone,1,30939.29,0.1,27845.36,2206.49,UPI,Small Business,3.8
ORD100993,2025-01-31,CUST1120,Meera Mehta,North,Jaipur,Office Supplies,Printer Paper,Printer Paper,3,445.02,0.1,1201.55,143.04,UPI,Consumer,5.0
ORD100994,2024-08-11,CUST1189,Aditya Menon,South,Hyderabad,Office Supplies,Printer Paper,Printer Paper,5,492.87,0.1,2217.92,421.81,UPI,Small Business,5.0
ORD100995,2024-12-18,CUST1263,Rohan Sharma,East,Patna,Electronics,Monitor,Monitor,1,14463.75,0.0,14463.75,2141.16,UPI,Small Business,3.9
ORD100996,2025-05-13,CUST1372,Diya Mehta,East,Guwahati,Office Supplies,Pen Set,Pen Set,5,253.97,0.15,1079.37,126.94,Credit Card,Consumer,3.5
ORD100997,2025-04-15,CUST1326,Kavya Singh,East,Kolkata,Office Supplies,Pen Set,Pen Set,7,233.77,0.1,1472.75,250.59,UPI,Corporate,4.8
ORD100998,2025-07-21,CUST1115,Arjun Mehta,South,Bengaluru,Office Supplies,Notebook,Notebook,4,198.21,0.2,634.27,56.85,UPI,Corporate,2.7
ORD100999,2024-01-26,CUST1066,Ananya Singh,West,Mumbai,Furniture,Bookshelf,Bookshelf,1,7157.26,0.3,5010.08,-570.1,UPI,Consumer,4.2
ORD101000,2025-07-29,CUST1269,Aditya Sharma,East,Bhubaneswar,Office Supplies,Pen Set,Pen Set,6,225.34,0.15,1149.23,157.47,UPI,Small Business,4.0
ORD101001,2024-01-26,CUST1102,Kavya Gupta,West,Mumbai,Furniture,Meeting Table,Meeting Table,2,16272.41,0.05,30917.58,2821.15,UPI,Consumer,5.0
ORD101002,2025-04-20,CUST1157,Aditya Kapoor,East,Guwahati,Furniture,Office Chair,Office Chair,1,9104.17,0.15,7738.54,-211.02,UPI,Small Business,5.0
ORD101003,2024-09-12,CUST1042,Nisha Iyer,East,Bhubaneswar,Electronics,Keyboard,Keyboard,4,1684.13,0.0,6736.52,1262.13,Credit Card,Corporate,3.3
ORD101004,2024-02-16,CUST1310,Kavya Reddy,West,Mumbai,Office Supplies,Stapler,Stapler,3,226.98,0.15,578.8,49.12,Cash on Delivery,Consumer,4.1
ORD101005,2025-05-18,CUST1065,Aarav Singh,North,Delhi,Office Supplies,Stapler,Stapler,1,230.96,0.1,207.86,42.42,UPI,Consumer,3.6
ORD101006,2025-02-07,CUST1153,Vikram Kapoor,West,Surat,Furniture,Office Chair,Office Chair,7,8172.41,0.2,45765.5,-3893.0,UPI,Consumer,3.8
ORD101007,2025-05-02,CUST1163,Arjun Joshi,West,Surat,Furniture,Bookshelf,Bookshelf,5,7176.74,0.05,34089.51,2346.69,Debit Card,Consumer,4.5
ORD101008,2024-10-01,CUST1018,Ananya Patel,East,Patna,Office Supplies,Stapler,Stapler,8,209.63,0.05,1593.19,278.06,Credit Card,Corporate,3.7
ORD101009,2024-07-22,CUST1311,Rohan Reddy,East,Kolkata,Office Supplies,File Folder,File Folder,4,132.98,0.3,372.34,-8.66,UPI,Consumer,4.1
ORD101010,2025-04-01,CUST1248,Meera Kumar,East,Bhubaneswar,Electronics,Printer,Printer,4,13070.85,0.1,47055.06,4486.03,Net Banking,Small Business,4.7
ORD101011,2024-06-06,CUST1217,Vikram Das,South,Kochi,Office Supplies,Stapler,Stapler,7,211.94,0.2,1186.86,79.26,Debit Card,Consumer,5.0
ORD101012,2025-08-16,CUST1072,Meera Singh,West,Ahmedabad,Office Supplies,File Folder,File Folder,1,121.96,0.2,97.57,10.6,Cash on Delivery,Consumer,4.2
ORD101013,2025-05-14,CUST1022,Kavya Patel,North,Delhi,Office Supplies,Notebook,Notebook,3,181.83,0.1,490.94,83.79,Cash on Delivery,Consumer,4.1
ORD101014,2025-12-31,CUST1023,Rohan Patel,South,Chennai,Office Supplies,Pen Set,Pen Set,7,277.8,0.1,1750.14,268.52,Credit Card,Consumer,3.2
ORD101015,2024-01-20,CUST1251,Rahul Kumar,East,Bhubaneswar,Office Supplies,File Folder,File Folder,3,118.4,0.1,319.68,51.68,Debit Card,Corporate,5.0
ORD101016,2025-03-04,CUST1300,Priya Iyer,West,Surat,Office Supplies,File Folder,File Folder,8,122.84,0.2,786.18,86.87,Credit Card,Consumer,4.4
ORD101017,2025-02-11,CUST1319,Karan Reddy,South,Chennai,Office Supplies,Printer Paper,Printer Paper,3,496.94,0.3,1043.57,18.49,Net Banking,Corporate,4.1
ORD101018,2025-09-18,CUST1321,Aarav Singh,South,Kochi,Electronics,Mouse,Mouse,4,842.24,0.05,3200.51,348.95,Credit Card,Corporate,4.1
ORD101019,2024-11-06,CUST1158,Sneha Kapoor,North,Chandigarh,Furniture,Office Chair,Office Chair,8,8679.41,0.15,59019.99,-1446.95,UPI,Consumer,4.3
ORD101020,2025-11-15,CUST1001,Aarav Sharma,North,Lucknow,Office Supplies,Stapler,Stapler,2,203.11,0.05,385.91,84.66,UPI,Consumer,4.6
ORD101021,2024-06-23,CUST1099,Arjun Gupta,North,Lucknow,Furniture,Bookshelf,Bookshelf,8,7250.95,0.1,52206.84,2288.44,Credit Card,Consumer,4.7
ORD101022,2025-09-16,CUST1315,Rahul Reddy,North,Jaipur,Office Supplies,Notebook,Notebook,1,176.48,0.15,150.01,14.44,Credit Card,Consumer,5.0
ORD101023,2025-01-15,CUST1306,Ananya Reddy,West,Surat,Electronics,Keyboard,Keyboard,3,2003.18,0.2,4807.63,138.11,Net Banking,Corporate,4.2
ORD101024,2025-11-20,CUST1204,Priya Verma,West,Mumbai,Furniture,Bookshelf,Bookshelf,5,6939.73,0.1,31228.78,397.48,UPI,Consumer,5.0
ORD101025,2024-06-07,CUST1010,Nisha Sharma,West,Pune,Furniture,Office Chair,Office Chair,5,7904.67,0.05,37547.18,4133.78,Net Banking,Consumer,4.8
ORD101026,2024-07-09,CUST1311,Rohan Reddy,North,Delhi,Furniture,Bookshelf,Bookshelf,8,7584.36,0.05,57641.14,5230.14,UPI,Consumer,4.0
ORD101027,2025-02-16,CUST1327,Rohan Singh,North,Delhi,Electronics,Mouse,Mouse,8,972.53,0.0,7780.24,1180.28,Credit Card,Consumer,2.7
ORD101028,2025-02-07,CUST1091,Rahul Nair,South,,Electronics,Monitor,Monitor,6,14740.17,0.05,84018.97,10441.3,Credit Card,Small Business,4.1
ORD101029,2024-04-18,CUST1322,Ananya Singh,East,Kolkata,Office Supplies,File Folder,File Folder,6,127.77,0.2,613.3,40.69,UPI,Small Business,5.0
ORD101030,2025-04-21,CUST1256,Pooja Kumar,South,Chennai,Furniture,Office Chair,Office Chair,3,8145.02,0.1,21991.55,857.6,Credit Card,Corporate,3.4
ORD101031,2024-10-23,CUST1356,Diya Gupta,South,,Electronics,Smartphone,Smartphone,7,29155.05,0.05,193881.08,25669.97,UPI,Consumer,4.1
ORD101032,2024-04-20,CUST1251,Rahul Kumar,North,Delhi,Electronics,Printer,Printer,6,10900.37,0.15,55591.89,1326.58,UPI,Consumer,4.1
ORD101033,2025-01-08,CUST1036,Diya Iyer,East,Kolkata,Furniture,Sofa,Sofa,1,22639.58,0.05,21507.6,917.16,Net Banking,Consumer,4.7
ORD101034,2025-05-25,CUST1259,Arjun Sharma,South,Kochi,Electronics,Smartphone,Smartphone,7,30942.84,0.05,205769.89,31117.67,UPI,Small Business,3.7
ORD101035,2024-01-24,CUST1044,Priya Iyer,North,Delhi,Office Supplies,File Folder,File Folder,3,127.52,0.2,306.05,26.67,Debit Card,Consumer,3.3
ORD101036,2025-11-03,CUST1104,Meera Gupta,East,Kolkata,Office Supplies,Pen Set,Pen Set,4,237.69,0.0,950.76,240.2,Debit Card,Consumer,4.4
ORD101037,2025-03-22,CUST1350,Sneha Nair,West,Mumbai,Electronics,Headphones,Headphones,4,3235.76,0.1,11648.74,1185.47,UPI,Corporate,3.4
ORD101038,2024-07-09,CUST1388,Diya Rao,North,Delhi,Furniture,Office Chair,Office Chair,7,9424.48,0.1,59374.22,1159.4,Net Banking,Corporate,2.6
ORD101039,2025-07-02,CUST1191,Karan Menon,South,Hyderabad,Electronics,Keyboard,Keyboard,3,1664.43,0.05,4743.63,674.07,Net Banking,Consumer,5.0
ORD101040,2025-09-08,CUST1117,Ishaan Mehta,West,Surat,Electronics,Headphones,Headphones,4,3347.94,0.05,12722.17,2556.68,Net Banking,Consumer,4.7
ORD101041,2025-11-29,CUST1157,Aditya Kapoor,East,Guwahati,Office Supplies,Stapler,Stapler,1,206.84,0.05,196.5,46.54,Net Banking,Small Business,5.0
ORD101042,2025-07-31,CUST1097,Aarav Gupta,West,Ahmedabad,Furniture,Bookshelf,Bookshelf,3,6311.49,0.05,17987.75,1264.35,Credit Card,Consumer,4.7
ORD101043,2024-05-28,CUST1230,Kavya Bose,South,Chennai,Office Supplies,Pen Set,Pen Set,1,242.28,0.2,193.82,12.97,Cash on Delivery,Small Business,4.5
ORD101044,2024-04-29,CUST1169,Vikram Joshi,South,Kochi,Electronics,Smartphone,Smartphone,5,31200.94,0.1,140404.23,3297.96,UPI,Consumer,
ORD101045,2024-06-01,CUST1024,Meera Patel,East,Kolkata,Electronics,Smartphone,Smartphone,8,27306.12,0.1,196604.06,23930.13,UPI,Small Business,3.9
ORD101046,2025-10-02,CUST1245,Ishaan Kumar,North,Chandigarh,Furniture,Bookshelf,Bookshelf,4,7076.63,0.05,26891.19,2612.89,Debit Card,Small Business,4.4
ORD101047,2024-08-10,CUST1258,Ananya Sharma,North,Jaipur,Furniture,Bookshelf,Bookshelf,8,7448.74,0.3,41712.94,-6198.36,UPI,Consumer,3.6
ORD101048,2024-08-29,CUST1267,Rahul Sharma,East,Patna,Office Supplies,Calculator,Calculator,8,663.8,0.0,5310.4,1137.53,Debit Card,Small Business,3.2
ORD101049,2025-10-13,CUST1379,Rahul Mehta,East,Bhubaneswar,Electronics,Laptop,Laptop,1,69133.36,0.2,55306.69,-1044.28,Credit Card,Consumer,3.8
ORD101050,2024-05-29,CUST1282,Nisha Patel,North,Chandigarh,Office Supplies,Pen Set,Pen Set,5,261.39,0.05,1241.6,271.43,UPI,Consumer,5.0
ORD101051,2024-10-24,CUST1271,Karan Sharma,East,Bhubaneswar,Office Supplies,Printer Paper,Printer Paper,5,465.25,0.3,1628.38,-11.78,Net Banking,Consumer,3.1
ORD101052,2024-08-04,CUST1085,Ishaan Nair,South,Hyderabad,Furniture,Meeting Table,Meeting Table,4,18772.61,0.05,71335.92,6761.92,UPI,Corporate,3.1
ORD101053,2024-08-08,CUST1186,Nisha Menon,East,Patna,Electronics,Printer,Printer,7,12909.79,0.0,90368.53,16461.63,UPI,Consumer,4.4
ORD101054,2025-03-11,CUST1174,Sneha Joshi,West,Ahmedabad,Furniture,Desk,Desk,4,12674.91,0.1,45629.68,2699.86,Debit Card,Consumer,3.7
ORD101055,2025-06-25,CUST1385,Aarav Rao,North,Jaipur,Electronics,Laptop,Laptop,1,69822.38,0.05,66331.26,9733.41,Net Banking,Small Business,4.4
ORD101056,2024-07-12,CUST1190,Sneha Menon,West,Pune,Office Supplies,Pen Set,Pen Set,5,233.01,0.15,990.29,141.83,Net Banking,Small Business,4.7
ORD101057,2024-01-28,CUST1276,Diya Patel,South,Hyderabad,Furniture,Office Chair,Office Chair,2,8917.25,0.15,15159.32,-905.65,UPI,Consumer,4.3
ORD101058,2025-04-12,CUST1217,Vikram Das,West,Pune,Office Supplies,Printer Paper,Printer Paper,3,477.97,0.15,1218.82,111.69,Net Banking,Consumer,3.5
ORD101059,2025-02-05,CUST1023,Rohan Patel,South,Chennai,Office Supplies,Printer Paper,Printer Paper,5,434.7,0.05,2064.82,409.64,Debit Card,Consumer,5.0
ORD101060,2025-04-26,CUST1375,Rohan Mehta,South,Bengaluru,Furniture,Meeting Table,Meeting Table,6,19663.33,0.15,100282.98,1954.44,Net Banking,Consumer,4.6
ORD101061,2024-11-25,CUST1269,Aditya Sharma,West,Mumbai,Office Supplies,Calculator,Calculator,3,628.57,0.05,1791.42,455.94,UPI,Small Business,4.0
ORD101062,2025-07-21,CUST1093,Aditya Nair,East,Kolkata,Furniture,Desk,Desk,4,11443.72,0.3,32042.42,-4457.29,Credit Card,Small Business,4.0
ORD101063,2025-04-01,CUST1024,Meera Patel,North,Jaipur,Office Supplies,File Folder,File Folder,1,130.89,0.15,111.26,11.93,Credit Card,Consumer,4.3
ORD101064,2025-07-07,CUST1375,Rohan Mehta,East,Patna,Electronics,Mouse,Mouse,4,858.91,0.1,3092.08,142.62,Credit Card,Consumer,3.8
ORD101065,2025-06-18,CUST1123,Rahul Mehta,West,Surat,Office Supplies,Calculator,Calculator,5,644.42,0.2,2577.68,261.86,UPI,Consumer,2.8
ORD101066,2024-12-29,CUST1007,Rohan Sharma,South,Bengaluru,Office Supplies,Stapler,Stapler,5,215.81,0.1,971.14,146.88,Credit Card,Consumer,4.6
ORD101067,2024-08-25,CUST1247,Rohan Kumar,West,Pune,Office Supplies,Printer Paper,Printer Paper,3,493.91,0.1,1333.56,318.66,Debit Card,Consumer,4.5
ORD101068,2025-03-01,CUST1007,Rohan Sharma,East,Kolkata,Furniture,Desk,Desk,1,12001.82,0.05,11401.73,672.87,Credit Card,Consumer,2.3
ORD101069,2025-04-10,CUST1087,Rohan Nair,South,Kochi,Office Supplies,File Folder,File Folder,5,126.33,0.15,536.9,94.03,Credit Card,Consumer,4.4
ORD101070,2025-02-21,CUST1358,Kavya Gupta,North,Delhi,Electronics,Mouse,Mouse,6,967.22,0.05,5513.15,861.21,UPI,Consumer,5.0
ORD101071,2025-01-18,CUST1016,Pooja Sharma,East,Patna,Office Supplies,File Folder,File Folder,1,124.58,0.0,124.58,27.94,Net Banking,Small Business,3.2
ORD101072,2024-09-07,CUST1301,Aditya Iyer,North,Lucknow,Electronics,Mouse,Mouse,5,996.85,0.15,4236.61,247.01,Credit Card,Corporate,3.9
ORD101073,2024-04-07,CUST1248,Meera Kumar,West,Ahmedabad,Electronics,Headphones,Headphones,1,3767.93,0.0,3767.93,750.89,Credit Card,Consumer,3.9
ORD101074,2024-11-08,CUST1123,Rahul Mehta,East,Bhubaneswar,Furniture,Desk,Desk,4,11856.55,0.15,40312.27,-529.35,Cash on Delivery,Consumer,5.0
ORD101075,2025-10-06,CUST1115,Arjun Mehta,South,Kochi,Electronics,Smartphone,Smartphone,6,31057.0,0.0,186342.0,37445.34,Debit Card,Small Business,4.8
ORD101076,2025-06-07,CUST1190,Sneha Menon,North,Chandigarh,Furniture,Sofa,Sofa,6,24369.76,0.1,131596.7,7290.32,UPI,Consumer,3.3
ORD101077,2025-07-05,CUST1214,Kavya Das,East,Guwahati,Office Supplies,File Folder,File Folder,6,108.6,0.2,521.28,49.47,Debit Card,Small Business,4.3
ORD101078,2025-06-22,CUST1357,Ishaan Gupta,North,Lucknow,Electronics,Monitor,Monitor,7,13400.84,0.0,93805.88,16846.43,Cash on Delivery,Consumer,5.0
ORD101079,2025-11-04,CUST1105,Vikram Gupta,South,Kochi,Office Supplies,Calculator,Calculator,2,673.91,0.15,1145.65,106.69,UPI,Small Business,3.5
ORD101080,2024-06-14,CUST1237,Aditya Bose,West,Mumbai,Electronics,Laptop,Laptop,7,60742.45,0.1,382677.44,35619.76,Debit Card,Consumer,4.0
ORD101081,2025-06-10,CUST1275,Arjun Patel,West,Surat,Office Supplies,Notebook,Notebook,3,185.13,0.2,444.31,37.5,UPI,Small Business,4.4
ORD101082,2024-02-20,CUST1006,Kavya Sharma,West,Surat,Office Supplies,Printer Paper,Printer Paper,3,440.8,0.0,1322.4,268.58,Net Banking,Consumer,3.5
ORD101083,2024-06-27,CUST1359,Rohan Gupta,West,Mumbai,Furniture,Sofa,Sofa,7,24421.56,0.15,145308.28,-475.03,Debit Card,Small Business,5.0
ORD101084,2024-01-22,CUST1397,Aditya Rao,East,Bhubaneswar,Office Supplies,Stapler,Stapler,3,198.09,0.1,534.84,86.95,Cash on Delivery,Corporate,3.6
ORD101085,2024-11-10,CUST1035,Arjun Iyer,North,Lucknow,Office Supplies,Notebook,Notebook,1,195.6,0.1,176.04,23.34,Debit Card,Consumer,3.0
ORD101086,2024-04-12,CUST1105,Vikram Gupta,West,Mumbai,Office Supplies,Stapler,Stapler,6,215.52,0.05,1228.46,244.68,UPI,Corporate,3.6
ORD101087,2024-10-09,CUST1315,Rahul Reddy,West,Pune,Furniture,Bookshelf,Bookshelf,6,6515.84,0.05,37140.29,2588.82,Credit Card,Consumer,4.5
ORD101088,2024-04-08,CUST1324,Diya Singh,West,Ahmedabad,Furniture,Bookshelf,Bookshelf,5,6974.39,0.1,31384.76,2612.86,Cash on Delivery,Consumer,3.4
ORD101089,2024-01-27,CUST1063,Karan Reddy,East,Guwahati,Office Supplies,Notebook,Notebook,2,181.25,0.0,362.5,92.62,UPI,Consumer,4.2
ORD101090,2024-12-15,CUST1367,Karan Gupta,North,Lucknow,Electronics,Headphones,Headphones,6,3640.8,0.1,19660.32,2376.95,UPI,Corporate,4.4
ORD101091,2024-10-27,CUST1132,Diya Rao,East,Kolkata,Office Supplies,Stapler,Stapler,2,223.39,0.15,379.76,45.4,Debit Card,Small Business,3.1
ORD101092,2024-10-31,CUST1118,Kavya Mehta,South,Bengaluru,Electronics,Monitor,Monitor,5,12734.05,0.1,57303.22,2759.27,Credit Card,Consumer,3.6
ORD101093,2024-09-09,CUST1143,Karan Rao,West,Surat,Office Supplies,Notebook,Notebook,5,196.51,0.0,982.55,262.15,UPI,Corporate,4.3
ORD101094,2024-10-26,CUST1269,Aditya Sharma,South,Hyderabad,Electronics,Printer,Printer,7,12005.18,0.05,79834.45,9663.59,UPI,Small Business,4.5
ORD101095,2024-01-03,CUST1083,Arjun Nair,South,Chennai,Electronics,Keyboard,Keyboard,8,1650.49,0.1,11883.53,1029.23,UPI,Corporate,3.6
ORD101096,2024-12-15,CUST1218,Nisha Das,North,Jaipur,Office Supplies,Stapler,Stapler,2,235.4,0.15,400.18,38.49,Debit Card,Consumer,4.1
ORD101097,2025-09-11,CUST1031,Karan Patel,West,Pune,Office Supplies,Calculator,Calculator,1,679.4,0.2,543.52,44.47,Credit Card,Consumer,3.8
ORD101098,2024-04-11,CUST1059,Rahul Reddy,West,Ahmedabad,Office Supplies,Calculator,Calculator,5,677.87,0.1,3050.42,584.55,Credit Card,Consumer,4.5
ORD101099,2024-04-15,CUST1308,Diya Reddy,North,Jaipur,Office Supplies,Notebook,Notebook,8,178.91,0.15,1216.59,177.4,Net Banking,Consumer,4.4
ORD101100,2025-07-24,CUST1154,Nisha Kapoor,South,Hyderabad,Furniture,Bookshelf,Bookshelf,2,6932.17,0.0,13864.34,2213.51,UPI,Consumer,3.7
ORD101101,2025-01-01,CUST1318,Sneha Reddy,South,Bengaluru,Electronics,Printer,Printer,4,12215.93,0.3,34204.6,-1087.74,Debit Card,Small Business,4.4
ORD101102,2024-07-07,CUST1296,Meera Iyer,South,Hyderabad,Electronics,Monitor,Monitor,4,12755.83,0.05,48472.15,4185.72,Credit Card,Corporate,3.7
ORD101103,2025-07-27,CUST1399,Karan Rao,West,Mumbai,Furniture,Meeting Table,Meeting Table,3,17383.87,0.05,49544.03,2361.24,Credit Card,Corporate,4.3
ORD101104,2024-08-25,CUST1056,Meera Reddy,North,Chandigarh,Electronics,Laptop,Laptop,6,72626.89,0.05,413973.27,38207.75,Credit Card,Consumer,4.4
ORD101105,2025-03-17,CUST1374,Kavya Mehta,South,Kochi,Office Supplies,Pen Set,Pen Set,3,261.42,0.0,784.26,208.45,Debit Card,Consumer,5.0
ORD101106,2025-02-10,CUST1357,Ishaan Gupta,North,Delhi,Electronics,Monitor,Monitor,4,13890.32,0.15,47227.09,1661.12,Cash on Delivery,Corporate,3.7
ORD101107,2024-05-03,CUST1174,Sneha Joshi,North,Jaipur,Electronics,Keyboard,Keyboard,7,1708.06,0.05,11358.6,1422.9,UPI,Consumer,3.9
ORD101108,2025-07-05,CUST1055,Rohan Reddy,West,Ahmedabad,Electronics,Smartphone,Smartphone,4,29790.49,0.05,113203.86,14952.54,UPI,Small Business,3.5
ORD101109,2025-03-27,CUST1054,Kavya Reddy,West,Ahmedabad,Electronics,Smartphone,Smartphone,1,26803.39,0.05,25463.22,3744.73,Credit Card,Consumer,3.2
ORD101110,2024-06-01,CUST1205,Aditya Verma,North,Chandigarh,Electronics,Keyboard,Keyboard,8,1684.3,0.3,9432.08,-1057.65,Credit Card,Consumer,3.7
ORD101111,2025-07-07,CUST1005,Ishaan Sharma,East,Guwahati,Office Supplies,Pen Set,Pen Set,3,233.5,0.15,595.42,54.2,UPI,Corporate,4.5
ORD101112,2025-03-29,CUST1039,Rohan Iyer,North,Chandigarh,Electronics,Printer,Printer,7,12725.26,0.2,71261.46,714.92,Net Banking,Corporate,4.6
ORD101113,2025-09-16,CUST1213,Ishaan Das,North,Chandigarh,Office Supplies,Printer Paper,Printer Paper,7,468.64,0.2,2624.38,288.6,Net Banking,Consumer,4.2
ORD101114,2025-08-22,CUST1226,Ananya Bose,South,Chennai,Office Supplies,Pen Set,Pen Set,5,228.84,0.2,915.36,72.65,Credit Card,Corporate,3.8
ORD101115,2024-08-20,CUST1345,Vikram Nair,North,Lucknow,Office Supplies,Stapler,Stapler,1,203.57,0.1,183.21,26.6,Credit Card,Consumer,3.6
ORD101116,2025-11-15,CUST1390,Kavya Rao,South,Bengaluru,Office Supplies,Pen Set,Pen Set,8,259.86,0.0,2078.88,408.07,UPI,Consumer,3.3
ORD101117,2024-01-25,CUST1108,Priya Gupta,West,Mumbai,Furniture,Desk,Desk,6,12307.75,0.05,70154.18,7107.8,Credit Card,Consumer,3.6
ORD101118,2024-09-01,CUST1133,Ishaan Rao,East,Bhubaneswar,Electronics,Keyboard,Keyboard,4,1891.66,0.05,7188.31,856.14,Credit Card,Corporate,
ORD101119,2025-03-20,CUST1080,Pooja Singh,East,Bhubaneswar,Electronics,Monitor,Monitor,7,13148.36,0.15,78232.74,1863.04,Net Banking,Corporate,5.0
ORD101120,2025-01-25,CUST1090,Nisha Nair,South,Chennai,Office Supplies,Notebook,Notebook,7,190.77,0.0,1335.39,276.58,Credit Card,Consumer,5.0
ORD101121,2024-06-14,CUST1176,Pooja Joshi,North,Lucknow,Office Supplies,Pen Set,Pen Set,7,276.49,0.0,1935.43,414.23,UPI,Corporate,2.5
ORD101122,2024-05-25,CUST1398,Sneha Rao,North,Delhi,Electronics,Printer,Printer,2,12386.77,0.15,21057.51,599.5,UPI,Corporate,4.2
ORD101123,2025-07-24,CUST1358,Kavya Gupta,South,Bengaluru,Furniture,Desk,Desk,6,11317.78,0.0,67906.68,7743.32,UPI,Consumer,4.2
ORD101124,2025-10-02,CUST1366,Sneha Gupta,North,Jaipur,Office Supplies,File Folder,File Folder,3,125.94,0.0,377.82,83.04,Cash on Delivery,Consumer,4.2
ORD101125,2025-05-11,CUST1181,Ishaan Menon,West,Surat,Office Supplies,Stapler,Stapler,1,214.61,0.0,214.61,54.65,Net Banking,Consumer,3.6
ORD101126,2025-01-22,CUST1263,Rohan Sharma,West,Ahmedabad,Furniture,Office Chair,Office Chair,3,7742.17,0.15,19742.53,-269.71,Net Banking,Consumer,4.8
ORD101127,2025-07-19,CUST1290,Ananya Iyer,West,Surat,Office Supplies,Pen Set,Pen Set,1,241.63,0.0,241.63,73.83,Net Banking,Small Business,4.3
ORD101128,2024-06-24,CUST1098,Ananya Gupta,East,Kolkata,Office Supplies,Pen Set,Pen Set,1,274.81,0.0,274.81,56.99,UPI,Small Business,4.8
ORD101129,2025-12-08,CUST1186,Nisha Menon,East,Patna,Office Supplies,Printer Paper,Printer Paper,6,445.7,0.05,2540.49,537.41,Debit Card,Consumer,3.4
ORD101130,2024-04-01,CUST1221,Aditya Das,East,Patna,Electronics,Printer,Printer,5,13082.72,0.15,55601.56,3160.96,Debit Card,Consumer,3.0
ORD101131,2025-03-03,CUST1150,Kavya Kapoor,South,Bengaluru,Electronics,Mouse,Mouse,4,910.71,0.05,3460.7,386.68,UPI,Consumer,4.3
ORD101132,2024-09-06,CUST1190,Sneha Menon,East,Guwahati,Office Supplies,Pen Set,Pen Set,2,253.43,0.0,506.86,127.92,Credit Card,Consumer,3.3
ORD101133,2025-10-23,CUST1177,Aarav Menon,West,Mumbai,Furniture,Sofa,Sofa,7,21627.54,0.2,121114.22,-3725.49,Debit Card,Consumer,4.8
ORD101134,2024-06-27,CUST1025,Vikram Patel,West,Surat,Furniture,Sofa,Sofa,6,24963.91,0.2,119826.77,-5702.28,Net Banking,Consumer,2.4
ORD101135,2025-04-14,CUST1308,Diya Reddy,East,Patna,Furniture,Meeting Table,Meeting Table,5,16626.94,0.05,78977.96,8854.34,UPI,Consumer,
ORD101136,2024-04-24,CUST1361,Vikram Gupta,North,Jaipur,Electronics,Smartphone,Smartphone,2,28149.09,0.05,53483.27,4442.2,Net Banking,Consumer,3.5
ORD101137,2024-05-12,CUST1302,Sneha Iyer,East,Guwahati,Office Supplies,Calculator,Calculator,1,622.23,0.05,591.12,110.21,Cash on Delivery,Consumer,3.8
ORD101138,2024-10-31,CUST1374,Kavya Mehta,South,Bengaluru,Electronics,Smartphone,Smartphone,1,27617.08,0.15,23474.52,2098.07,Cash on Delivery,Consumer,4.2
ORD101139,2025-08-07,CUST1173,Aditya Joshi,East,Kolkata,Office Supplies,Stapler,Stapler,1,223.99,0.05,212.79,49.01,UPI,Consumer,4.3
ORD101140,2024-07-22,CUST1023,Rohan Patel,East,Guwahati,Furniture,Meeting Table,Meeting Table,8,16257.28,0.2,104046.59,-3796.37,UPI,Consumer,4.5
ORD101141,2025-05-22,CUST1108,Priya Gupta,West,Ahmedabad,Electronics,Laptop,Laptop,3,62569.55,0.15,159552.35,13295.56,Debit Card,Consumer,4.6
ORD101142,2025-02-21,CUST1342,Kavya Nair,South,,Electronics,Smartphone,Smartphone,6,31296.01,0.1,168998.45,7957.47,UPI,Consumer,3.9
ORD101143,2025-12-15,CUST1056,Meera Reddy,West,Surat,Office Supplies,Calculator,Calculator,8,593.21,0.0,4745.68,1280.81,UPI,Small Business,5.0
ORD101144,2024-08-07,CUST1219,Rahul Das,West,Pune,Electronics,Laptop,Laptop,8,63067.33,0.2,403630.91,14776.63,Net Banking,Consumer,5.0
ORD101145,2024-06-26,CUST1001,Aarav Sharma,South,Kochi,Electronics,Keyboard,Keyboard,3,1747.28,0.15,4455.56,160.55,UPI,Corporate,3.8
ORD101146,2025-10-21,CUST1130,Ananya Rao,South,Hyderabad,Office Supplies,Stapler,Stapler,4,216.36,0.15,735.62,138.47,Credit Card,Consumer,3.9
ORD101147,2024-08-31,CUST1046,Sneha Iyer,East,Guwahati,Furniture,Desk,Desk,4,12607.82,0.0,50431.28,6299.31,Cash on Delivery,Consumer,3.8
ORD101148,2024-06-05,CUST1046,Sneha Iyer,West,Ahmedabad,Furniture,Meeting Table,Meeting Table,1,17181.07,0.15,14603.91,-910.1,Credit Card,Consumer,4.3
ORD101149,2025-08-23,CUST1066,Ananya Singh,East,Patna,Electronics,Mouse,Mouse,7,901.13,0.15,5361.72,332.6,Cash on Delivery,Corporate,3.3
ORD101150,2025-08-17,CUST1216,Meera Das,West,Ahmedabad,Office Supplies,Pen Set,Pen Set,5,260.47,0.3,911.64,-20.96,Credit Card,Small Business,3.4
ORD101151,2024-02-15,CUST1276,Diya Patel,South,Chennai,Electronics,Laptop,Laptop,3,63109.21,0.1,170394.87,21150.24,UPI,Consumer,2.4
ORD101152,2025-09-17,CUST1116,Diya Mehta,East,Kolkata,Electronics,Laptop,Laptop,5,72067.45,0.1,324303.53,35251.34,UPI,Consumer,3.7
ORD101153,2025-04-07,CUST1328,Meera Singh,South,Bengaluru,Electronics,Laptop,Laptop,6,72509.32,0.1,391550.33,31344.37,Credit Card,Corporate,4.8
ORD101154,2024-07-22,CUST1157,Aditya Kapoor,West,Ahmedabad,Electronics,Printer,Printer,1,11115.94,0.15,9448.55,850.95,UPI,Consumer,3.9
ORD101155,2025-01-26,CUST1295,Rohan Iyer,South,Hyderabad,Electronics,Keyboard,Keyboard,6,1756.15,0.2,8429.52,282.27,Net Banking,Consumer,3.9
ORD101156,2024-06-23,CUST1212,Diya Das,East,Bhubaneswar,Electronics,Keyboard,Keyboard,7,1702.36,0.1,10724.87,796.88,Cash on Delivery,Small Business,4.2
ORD101157,2024-05-03,CUST1290,Ananya Iyer,North,Chandigarh,Electronics,Smartphone,Smartphone,6,26350.62,0.05,150198.53,20081.37,UPI,Consumer,3.2
ORD101158,2024-04-06,CUST1392,Meera Rao,West,Surat,Furniture,Meeting Table,Meeting Table,5,18144.28,0.0,90721.4,12058.95,UPI,Corporate,4.0
ORD101159,2024-04-30,CUST1398,Sneha Rao,South,Bengaluru,Office Supplies,Calculator,Calculator,1,665.63,0.1,599.07,93.39,Debit Card,Consumer,4.7
ORD101160,2025-03-02,CUST1235,Rahul Bose,South,Bengaluru,Electronics,Mouse,Mouse,6,894.28,0.2,4292.54,7.04,Credit Card,Consumer,4.2
ORD101161,2025-08-15,CUST1386,Ananya Rao,East,Guwahati,Electronics,Headphones,Headphones,7,3359.87,,23519.09,4255.03,UPI,Small Business,4.7
ORD101162,2024-12-21,CUST1281,Vikram Patel,South,Bengaluru,Office Supplies,Calculator,Calculator,4,624.84,0.05,2374.39,429.42,UPI,Consumer,4.9
ORD101163,2024-01-12,CUST1108,Priya Gupta,West,Surat,Office Supplies,Stapler,Stapler,5,246.02,0.2,984.08,23.8,UPI,Consumer,4.5
ORD101164,2024-11-09,CUST1375,Rohan Mehta,East,Patna,Office Supplies,File Folder,File Folder,5,132.39,0.1,595.76,101.86,Credit Card,Consumer,3.5
ORD101165,2025-06-29,CUST1059,Rahul Reddy,East,Guwahati,Electronics,Keyboard,Keyboard,1,1650.06,0.05,1567.56,137.6,UPI,Consumer,3.7
ORD101166,2025-09-02,CUST1188,Priya Menon,North,Jaipur,Furniture,Desk,Desk,3,12533.29,0.05,35719.88,1881.51,Debit Card,Consumer,5.0
ORD101167,2025-06-19,CUST1062,Sneha Reddy,North,Chandigarh,Electronics,Printer,Printer,7,12006.16,0.1,75638.81,3835.68,UPI,Consumer,4.2
ORD101168,2024-09-27,CUST1314,Nisha Reddy,South,Chennai,Electronics,Mouse,Mouse,8,946.39,0.0,7571.12,1050.79,Credit Card,Consumer,4.1
ORD101169,2025-04-19,CUST1359,Rohan Gupta,West,Pune,Furniture,Sofa,Sofa,3,24751.95,0.15,63117.47,199.38,Credit Card,Consumer,3.4
ORD101170,2024-02-19,CUST1328,Meera Singh,West,Mumbai,Furniture,Sofa,Sofa,4,26295.25,0.1,94662.9,2787.09,UPI,Corporate,3.9
ORD101171,2024-10-26,CUST1041,Vikram Iyer,East,Kolkata,Furniture,Bookshelf,Bookshelf,8,6403.16,0.1,46102.75,1315.77,Net Banking,Consumer,4.5
ORD101172,2025-01-27,CUST1109,Aditya Gupta,East,Kolkata,Office Supplies,Printer Paper,Printer Paper,2,1126.33,0.1,2027.39,267.82,Debit Card,Small Business,4.0
ORD101173,2024-01-21,CUST1137,Vikram Rao,South,Hyderabad,Electronics,Smartphone,Smartphone,3,31270.64,0.0,93811.92,15347.98,Net Banking,Consumer,3.6
ORD101174,2024-01-11,CUST1047,Karan Iyer,North,Delhi,Electronics,Headphones,Headphones,1,3290.36,0.0,3290.36,623.23,Credit Card,Consumer,3.8
ORD101175,2025-08-09,CUST1213,Ishaan Das,North,Chandigarh,Office Supplies,Notebook,Notebook,2,167.04,0.0,334.08,83.08,Credit Card,Small Business,4.9
ORD101176,2024-06-10,CUST1014,Sneha Sharma,South,Bengaluru,Office Supplies,Pen Set,Pen Set,6,265.09,0.0,1590.54,430.35,UPI,Small Business,4.5
ORD101177,2024-04-01,CUST1246,Kavya Kumar,South,Bengaluru,Electronics,Keyboard,Keyboard,3,1927.86,0.15,4916.04,376.7,Credit Card,Consumer,4.4
ORD101178,2025-03-08,CUST1230,Kavya Bose,North,Lucknow,Furniture,Bookshelf,Bookshelf,8,7335.3,0.0,58682.4,6671.87,Credit Card,Consumer,4.3
ORD101179,2024-07-24,CUST1239,Karan Bose,South,Hyderabad,Electronics,Printer,Printer,8,12849.16,0.15,87374.29,541.18,Credit Card,Small Business,3.1
ORD101180,2025-12-16,CUST1366,Sneha Gupta,North,Chandigarh,Electronics,Keyboard,Keyboard,8,1894.71,0.0,15157.68,2441.66,UPI,Consumer,4.2
ORD101181,2025-11-23,CUST1315,Rahul Reddy,East,Guwahati,Office Supplies,File Folder,File Folder,6,111.58,0.0,669.48,165.73,UPI,Consumer,4.8
ORD101182,2025-08-25,CUST1104,Meera Gupta,West,Mumbai,Electronics,Monitor,Monitor,6,14473.32,0.0,86839.92,13945.43,UPI,Consumer,3.8
ORD101183,2024-08-08,CUST1229,Ishaan Bose,East,Kolkata,Furniture,Sofa,Sofa,5,25701.91,0.1,115658.6,998.64,UPI,Small Business,4.7
ORD101184,2025-10-01,CUST1321,Aarav Singh,South,Hyderabad,Furniture,Sofa,Sofa,8,26169.93,0.1,188423.5,6923.4,Credit Card,Corporate,4.4
ORD101185,2024-07-05,CUST1341,Ishaan Nair,South,Kochi,Electronics,Smartphone,Smartphone,1,26716.81,0.15,22709.29,2572.0,Cash on Delivery,Consumer,4.6
ORD101186,2024-06-24,CUST1258,Ananya Sharma,South,Chennai,Electronics,Keyboard,Keyboard,6,1670.46,0.0,10022.76,1681.77,UPI,Small Business,4.0
ORD101187,2025-12-12,CUST1034,Ananya Iyer,North,Delhi,Electronics,Keyboard,Keyboard,2,1929.31,0.1,3472.76,329.67,UPI,Consumer,4.7
ORD101188,2025-05-07,CUST1174,Sneha Joshi,East,Patna,Office Supplies,Notebook,Notebook,3,172.16,0.15,439.01,39.38,UPI,Corporate,2.9
ORD101189,2024-03-03,CUST1344,Meera Nair,East,Patna,Office Supplies,Printer Paper,Printer Paper,3,408.16,0.05,1163.26,277.54,UPI,Consumer,4.0
ORD101190,2025-10-10,CUST1030,Sneha Patel,North,Delhi,Furniture,Bookshelf,Bookshelf,5,7570.83,0.0,37854.15,5370.31,Debit Card,Corporate,4.5
ORD101191,2024-04-27,CUST1237,Aditya Bose,South,Bengaluru,Electronics,Smartphone,Smartphone,7,28316.91,0.0,198218.37,39672.09,UPI,Consumer,4.2
ORD101192,2025-05-13,CUST1217,Vikram Das,South,Hyderabad,Office Supplies,Stapler,Stapler,1,213.81,0.0,213.81,60.72,Cash on Delivery,Consumer,4.8
ORD101193,2024-11-16,CUST1090,Nisha Nair,North,Delhi,Electronics,Keyboard,Keyboard,5,1624.53,0.2,6498.12,-4.44,Net Banking,Consumer,3.9
ORD101194,2024-01-13,CUST1138,Nisha Rao,East,Bhubaneswar,Furniture,Meeting Table,Meeting Table,2,16339.9,0.05,31045.81,2171.33,Credit Card,Small Business,3.6
ORD101195,2025-07-29,CUST1392,Meera Rao,East,Bhubaneswar,Office Supplies,Notebook,Notebook,1,193.39,0.1,174.05,36.16,Cash on Delivery,Consumer,2.8
ORD101196,2025-05-16,CUST1239,Karan Bose,East,Guwahati,Furniture,Bookshelf,Bookshelf,4,7054.15,0.15,23984.11,199.5,Debit Card,Consumer,3.8
ORD101197,2025-10-08,CUST1376,Meera Mehta,East,Bhubaneswar,Electronics,Smartphone,Smartphone,5,26122.29,0.05,124080.88,10177.05,Cash on Delivery,Consumer,4.4
ORD101198,2025-03-23,CUST1189,Aditya Menon,West,Pune,Electronics,Keyboard,Keyboard,2,1761.97,0.1,3171.55,337.36,UPI,Corporate,4.6
ORD101199,2025-07-06,CUST1339,Arjun Nair,West,Pune,Electronics,Headphones,Headphones,4,3277.28,0.0,13109.12,2169.0,Cash on Delivery,Corporate,3.0
ORD101200,2025-10-24,CUST1248,Meera Kumar,East,Patna,Furniture,Bookshelf,Bookshelf,8,6473.84,0.1,46611.65,2678.04,UPI,Consumer,4.9
ORD101201,2025-12-14,CUST1365,Aditya Gupta,West,Mumbai,Office Supplies,Printer Paper,Printer Paper,3,432.35,0.0,1297.05,337.5,Credit Card,Consumer,3.3
ORD101202,2025-02-13,CUST1131,Arjun Rao,South,Chennai,Electronics,Headphones,Headphones,8,3573.12,0.05,27155.71,2552.27,Cash on Delivery,Corporate,3.9
ORD101203,2024-01-13,CUST1153,Vikram Kapoor,West,Mumbai,Furniture,Bookshelf,Bookshelf,7,6623.41,0.05,44045.68,3709.56,Credit Card,Consumer,3.6
ORD101204,2024-09-09,CUST1017,Aarav Patel,West,Surat,Office Supplies,Notebook,Notebook,3,175.61,0.15,447.81,57.21,UPI,Consumer,4.3
ORD101205,2025-03-28,CUST1092,Priya Nair,East,Patna,Electronics,Monitor,Monitor,5,14072.03,0.15,59806.13,3683.25,UPI,Consumer,4.1
ORD101206,2024-03-21,CUST1056,Meera Reddy,West,Ahmedabad,Electronics,Printer,Printer,6,11908.88,0.15,60735.29,4062.48,UPI,Consumer,4.5
ORD101207,2024-03-26,CUST1074,Nisha Singh,East,Kolkata,Electronics,Headphones,Headphones,4,3249.04,0.0,12996.16,2825.35,Credit Card,Small Business,5.0
ORD101208,2024-10-15,CUST1124,Priya Mehta,East,Patna,Office Supplies,Printer Paper,Printer Paper,4,408.85,0.3,1144.78,6.12,Credit Card,Corporate,4.3
ORD101209,2025-10-27,CUST1350,Sneha Nair,South,Bengaluru,Furniture,Bookshelf,Bookshelf,3,6354.61,0.0,19063.83,2298.57,Credit Card,Consumer,3.6
ORD101210,2024-08-23,CUST1152,Meera Kapoor,West,Surat,Office Supplies,Stapler,Stapler,2,214.95,0.15,365.42,55.25,Net Banking,Small Business,4.3
ORD101211,2025-11-14,CUST1331,Rahul Singh,East,Bhubaneswar,Office Supplies,File Folder,File Folder,1,126.98,0.15,107.93,19.27,UPI,Consumer,5.0
ORD101212,2025-08-09,CUST1326,Kavya Singh,West,Surat,Office Supplies,Stapler,Stapler,3,204.35,0.1,551.74,103.66,Net Banking,Small Business,4.5
ORD101213,2024-08-09,CUST1393,Vikram Rao,South,Kochi,Office Supplies,Notebook,Notebook,7,193.16,0.1,1216.91,207.06,Credit Card,Consumer,4.7
ORD101214,2024-06-17,CUST1204,Priya Verma,West,Mumbai,Office Supplies,Notebook,Notebook,2,190.34,0.15,323.58,43.14,Net Banking,Small Business,2.8
ORD101215,2025-08-28,CUST1340,Diya Nair,North,Chandigarh,Office Supplies,File Folder,File Folder,2,108.1,0.15,183.77,23.69,Net Banking,Small Business,4.3
ORD101216,2025-07-06,CUST1168,Meera Joshi,North,Jaipur,Office Supplies,Stapler,Stapler,3,199.29,0.0,597.87,149.74,Cash on Delivery,Small Business,3.8
ORD101217,2025-04-05,CUST1253,Aditya Kumar,East,Bhubaneswar,Office Supplies,Stapler,Stapler,5,207.44,0.15,881.62,155.72,UPI,Consumer,3.5
ORD101218,2025-12-16,CUST1325,Ishaan Singh,East,Bhubaneswar,Office Supplies,File Folder,File Folder,2,109.48,0.0,218.96,50.64,Credit Card,Small Business,4.0
ORD101219,2024-03-14,CUST1057,Vikram Reddy,West,Ahmedabad,Office Supplies,Pen Set,Pen Set,2,254.22,0.1,457.6,88.72,Cash on Delivery,Corporate,4.1
ORD101220,2024-10-09,CUST1024,Meera Patel,South,Bengaluru,Furniture,Sofa,Sofa,1,21809.23,0.1,19628.31,625.23,Debit Card,Consumer,3.5
ORD101221,2025-03-16,CUST1066,Ananya Singh,East,Guwahati,Office Supplies,Stapler,Stapler,3,236.85,0.15,603.97,51.63,UPI,Consumer,
ORD101222,2024-02-22,CUST1289,Aarav Iyer,East,Guwahati,Furniture,Office Chair,Office Chair,2,8571.84,0.1,15429.31,467.39,Debit Card,Corporate,3.9
ORD101223,2025-12-14,CUST1190,Sneha Menon,West,Surat,Office Supplies,File Folder,File Folder,7,127.22,0.05,846.01,163.98,Net Banking,Small Business,4.5
ORD101224,2025-02-21,CUST1113,Aarav Mehta,East,Patna,Furniture,Sofa,Sofa,8,25563.71,0.1,184058.71,9099.76,UPI,Corporate,4.2
ORD101225,2024-08-13,CUST1308,Diya Reddy,South,Chennai,Office Supplies,Calculator,Calculator,3,657.47,0.05,1873.79,393.09,Debit Card,Consumer,4.3
ORD101226,2024-06-23,CUST1007,Rohan Sharma,West,Surat,Office Supplies,Pen Set,Pen Set,1,275.89,0.1,248.3,34.63,Net Banking,Corporate,4.7
ORD101227,2024-01-01,CUST1070,Kavya Singh,North,Delhi,Office Supplies,Printer Paper,Printer Paper,1,503.03,0.1,452.73,91.35,Credit Card,Consumer,4.4
ORD101228,2025-03-09,CUST1188,Priya Menon,West,Ahmedabad,Electronics,Keyboard,Keyboard,3,1762.25,0.15,4493.74,358.39,UPI,Consumer,4.0
ORD101229,2025-12-15,CUST1367,Karan Gupta,North,Jaipur,Office Supplies,File Folder,File Folder,4,111.32,0.05,423.02,104.55,Credit Card,Corporate,2.4
ORD101230,2024-01-27,CUST1300,Priya Iyer,South,Hyderabad,Office Supplies,Stapler,Stapler,5,215.58,0.05,1024.01,218.55,Credit Card,Corporate,4.4
ORD101231,2024-10-29,CUST1274,Ananya Patel,West,Ahmedabad,Office Supplies,Printer Paper,Printer Paper,3,427.11,0.1,1153.2,189.25,Credit Card,Corporate,3.3
ORD101232,2025-04-28,CUST1285,Aditya Patel,East,Patna,Office Supplies,Pen Set,Pen Set,3,254.21,0.0,762.63,204.07,Debit Card,Consumer,3.9
ORD101233,2024-11-11,CUST1125,Aditya Mehta,West,Pune,Furniture,Office Chair,Office Chair,3,8357.58,0.05,23819.1,1502.11,Credit Card,Consumer,4.3
ORD101234,2025-04-20,CUST1180,Diya Menon,East,Patna,Furniture,Bookshelf,Bookshelf,5,7039.89,0.05,33439.48,2700.29,Net Banking,Corporate,5.0
ORD101235,2025-06-04,CUST1355,Arjun Gupta,East,Bhubaneswar,Electronics,Laptop,Laptop,6,69413.58,0.1,374833.33,33962.92,Net Banking,Consumer,5.0
ORD101236,2025-12-06,CUST1292,Diya Iyer,South,Chennai,Office Supplies,Printer Paper,Printer Paper,1,432.13,0.05,410.52,70.19,Net Banking,Small Business,3.3
ORD101237,2025-03-17,CUST1240,Pooja Bose,North,Jaipur,Electronics,Printer,Printer,4,12218.93,0.1,43988.15,4319.04,Credit Card,Small Business,3.0
ORD101238,2025-06-02,CUST1034,Ananya Iyer,North,Chandigarh,Office Supplies,Stapler,Stapler,6,214.22,0.2,1028.26,70.92,UPI,Small Business,4.2
ORD101239,2024-08-08,CUST1294,Kavya Iyer,South,Hyderabad,Office Supplies,Printer Paper,Printer Paper,6,482.71,0.1,2606.63,414.29,Debit Card,Small Business,4.2
ORD101240,2024-04-20,CUST1147,Arjun Kapoor,North,Lucknow,Furniture,Office Chair,Office Chair,5,8845.93,0.05,42018.17,3638.55,UPI,Consumer,3.1
ORD101241,2024-03-14,CUST1155,Rahul Kapoor,East,Kolkata,Electronics,Keyboard,Keyboard,5,1623.37,0.0,8116.85,1719.26,Credit Card,Consumer,4.0
ORD101242,2024-03-20,CUST1270,Sneha Sharma,West,Pune,Electronics,Headphones,Headphones,6,3658.24,0.0,21949.44,3485.15,UPI,Small Business,4.4
ORD101243,2025-08-27,CUST1158,Sneha Kapoor,West,Surat,Office Supplies,Pen Set,Pen Set,4,234.36,0.1,843.7,132.11,Credit Card,Consumer,3.1
ORD101244,2024-01-30,CUST1230,Kavya Bose,South,Bengaluru,Furniture,Desk,Desk,5,12712.61,0.15,54028.59,-1438.62,Debit Card,Small Business,3.3
ORD101245,2024-12-19,CUST1006,Kavya Sharma,West,Mumbai,Electronics,Headphones,Headphones,3,3586.85,0.0,10760.55,1713.57,Credit Card,Consumer,3.5
ORD101246,2025-03-24,CUST1075,Rahul Singh,West,,Office Supplies,Stapler,Stapler,4,217.43,0.05,826.23,159.16,Credit Card,Small Business,3.8
ORD101247,2025-05-06,CUST1216,Meera Das,West,Pune,Electronics,Smartphone,Smartphone,1,29475.45,0.05,28001.68,3712.71,UPI,Consumer,4.5
ORD101248,2024-02-18,CUST1384,Pooja Mehta,South,Kochi,Office Supplies,Stapler,Stapler,3,239.46,0.05,682.46,151.61,UPI,Small Business,3.8
ORD101249,2025-09-21,CUST1305,Aarav Reddy,South,Kochi,Electronics,Printer,Printer,2,12855.88,0.3,17998.23,-1205.68,Credit Card,Consumer,4.0
ORD101250,2024-11-15,CUST1168,Meera Joshi,West,Surat,Electronics,Laptop,Laptop,2,66298.92,0.05,125967.95,13992.34,Net Banking,Corporate,5.0
ORD101251,2024-01-13,CUST1388,Diya Rao,North,Chandigarh,Electronics,Printer,Printer,4,12707.91,0.0,50831.64,10794.3,Net Banking,Small Business,3.3
ORD101252,2024-04-07,CUST1111,Karan Gupta,South,Kochi,Furniture,Sofa,Sofa,5,23785.47,0.05,112980.98,11423.54,Cash on Delivery,Consumer,3.5
ORD101253,2025-09-20,CUST1357,Ishaan Gupta,North,Lucknow,Furniture,Desk,Desk,8,12883.03,0.0,103064.24,10045.71,UPI,Consumer,4.5
ORD101254,2025-11-20,CUST1162,Ananya Joshi,West,Pune,Office Supplies,Calculator,Calculator,1,703.55,0.0,703.55,197.42,UPI,Consumer,4.7
ORD101255,2025-07-03,CUST1035,Arjun Iyer,East,Kolkata,Furniture,Sofa,Sofa,8,22324.91,0.1,160739.35,6939.67,Credit Card,Corporate,4.3
ORD101256,2024-08-31,CUST1001,Aarav Sharma,North,Jaipur,Electronics,Mouse,Mouse,3,857.13,0.05,2442.82,326.33,Debit Card,Corporate,5.0
ORD101257,2025-11-23,CUST1393,Vikram Rao,North,Chandigarh,Electronics,Laptop,Laptop,6,62360.84,0.0,374165.04,70699.23,Debit Card,Corporate,4.2
ORD101258,2024-07-20,CUST1257,Aarav Sharma,East,Guwahati,Electronics,Laptop,Laptop,6,60874.97,0.1,328724.84,31017.07,Net Banking,Consumer,2.5
ORD101259,2024-06-19,CUST1060,Priya Reddy,East,Kolkata,Office Supplies,Stapler,Stapler,8,217.0,0.1,1562.4,279.09,Credit Card,Consumer,4.1
ORD101260,2025-07-13,CUST1397,Aditya Rao,West,Ahmedabad,Electronics,Monitor,Monitor,1,13194.54,0.0,13194.54,2436.81,Credit Card,Small Business,3.6
ORD101261,2024-08-23,CUST1017,Aarav Patel,South,Chennai,Office Supplies,Pen Set,Pen Set,8,257.75,0.2,1649.6,118.05,Cash on Delivery,Corporate,5.0
ORD101262,2025-01-15,CUST1134,Kavya Rao,West,Ahmedabad,Electronics,Monitor,Monitor,1,12912.98,0.05,12267.33,1065.47,UPI,Consumer,4.7
ORD101263,2025-04-28,CUST1300,Priya Iyer,South,Hyderabad,Electronics,Mouse,Mouse,8,863.44,0.3,4835.26,-298.92,Net Banking,Consumer,2.8
ORD101264,2024-05-01,CUST1022,Kavya Patel,West,Ahmedabad,Electronics,Smartphone,Smartphone,6,29299.61,0.2,140638.13,92.63,Debit Card,Consumer,5.0
ORD101265,2025-11-07,CUST1363,Rahul Gupta,North,Jaipur,Electronics,Printer,Printer,4,11852.16,0.1,42667.78,4883.27,UPI,Small Business,4.7
ORD101266,2024-05-01,CUST1272,Pooja Sharma,North,Jaipur,Office Supplies,File Folder,File Folder,4,119.13,0.05,452.69,99.39,Cash on Delivery,Corporate,3.8
ORD101267,2025-12-26,CUST1380,Priya Mehta,North,Chandigarh,Furniture,Office Chair,Office Chair,1,9142.12,0.2,7313.7,-429.25,Net Banking,Corporate,3.9
ORD101268,2024-07-21,CUST1335,Karan Singh,South,Hyderabad,Electronics,Laptop,Laptop,7,72578.52,0.05,482647.16,78707.54,Net Banking,Corporate,5.0
ORD101269,2024-10-31,CUST1330,Nisha Singh,West,Surat,Office Supplies,Printer Paper,Printer Paper,6,460.94,0.0,2765.64,705.57,UPI,Small Business,2.5
ORD101270,2024-07-04,CUST1092,Priya Nair,North,Jaipur,Office Supplies,Notebook,Notebook,8,165.13,0.1,1188.94,201.04,UPI,Consumer,4.3
ORD101271,2025-01-29,CUST1082,Ananya Nair,South,Bengaluru,Office Supplies,File Folder,File Folder,6,110.72,0.1,597.89,96.59,Debit Card,Consumer,4.8
ORD101272,2024-01-01,CUST1097,Aarav Gupta,North,Jaipur,Office Supplies,Calculator,Calculator,8,723.5,0.2,4630.4,565.32,UPI,Consumer,3.9
ORD101273,2024-05-04,CUST1062,Sneha Reddy,West,Ahmedabad,Office Supplies,Stapler,Stapler,8,230.87,0.15,1569.92,164.32,UPI,Small Business,4.5
ORD101274,2025-01-14,CUST1266,Nisha Sharma,East,Kolkata,Office Supplies,Pen Set,Pen Set,4,266.39,0.2,852.45,61.32,Credit Card,Corporate,4.1
ORD101275,2025-05-22,CUST1024,Meera Patel,West,Pune,Office Supplies,Notebook,Notebook,6,188.76,0.15,962.68,88.15,UPI,Consumer,3.4
ORD101276,2025-12-04,CUST1172,Priya Joshi,East,Kolkata,Furniture,Sofa,Sofa,3,22548.38,0.1,60880.63,3236.92,Debit Card,Small Business,3.4
ORD101277,2025-09-04,CUST1233,Vikram Bose,East,Guwahati,Office Supplies,File Folder,File Folder,7,119.84,0.1,754.99,113.59,Credit Card,Consumer,4.5
ORD101278,2025-11-04,CUST1216,Meera Das,West,Surat,Electronics,Laptop,Laptop,5,69912.55,0.3,244693.92,-21227.42,UPI,Consumer,3.5
ORD101279,2025-08-06,CUST1195,Arjun Verma,North,Lucknow,Office Supplies,Pen Set,Pen Set,4,272.65,0.3,763.42,-13.68,Credit Card,Corporate,2.9
ORD101280,2025-07-21,CUST1090,Nisha Nair,West,Pune,Office Supplies,Stapler,Stapler,6,209.49,0.2,1005.55,82.02,UPI,Small Business,4.1
ORD101281,2024-09-09,CUST1044,Priya Iyer,East,Kolkata,Electronics,Smartphone,Smartphone,3,28871.12,0.15,73621.36,1563.06,UPI,Consumer,3.6
ORD101282,2025-10-23,CUST1396,Priya Rao,East,Kolkata,Office Supplies,File Folder,File Folder,5,112.15,0.1,504.68,54.97,Credit Card,Consumer,3.1
ORD101283,2025-12-05,CUST1186,Nisha Menon,South,Chennai,Office Supplies,Notebook,Notebook,4,199.95,0.05,759.81,166.35,Credit Card,Small Business,4.1
ORD101284,2025-01-10,CUST1238,Sneha Bose,West,Surat,Electronics,Mouse,Mouse,3,859.94,0.2,2063.86,-88.41,UPI,Corporate,4.6
ORD101285,2024-03-28,CUST1227,Arjun Bose,South,Kochi,Furniture,Sofa,Sofa,8,25436.63,0.0,203493.04,28764.44,Debit Card,Corporate,4.0
ORD101286,2024-02-01,CUST1148,Diya Kapoor,North,Chandigarh,Office Supplies,Calculator,Calculator,1,618.05,0.05,587.15,144.71,Credit Card,Consumer,3.2
ORD101287,2024-12-27,CUST1290,Ananya Iyer,West,Mumbai,Office Supplies,Notebook,Notebook,7,186.4,0.1,1174.32,188.94,Credit Card,Consumer,4.4
ORD101288,2025-04-09,CUST1151,Rohan Kapoor,North,Delhi,Electronics,Monitor,Monitor,2,14630.53,0.1,26334.95,3357.37,UPI,Consumer,4.8
ORD101289,2025-02-09,CUST1166,Kavya Joshi,North,Lucknow,Electronics,Smartphone,Smartphone,2,27223.12,0.1,49001.62,4625.44,Debit Card,Consumer,5.0
ORD101290,2025-10-17,CUST1322,Ananya Singh,East,Bhubaneswar,Office Supplies,Stapler,Stapler,2,237.63,0.0,475.26,137.82,Credit Card,Small Business,5.0
ORD101291,2025-01-27,CUST1128,Pooja Mehta,North,Delhi,Electronics,Mouse,Mouse,1,985.3,0.0,985.3,166.12,UPI,Corporate,3.2
ORD101292,2025-04-28,CUST1280,Meera Patel,West,Mumbai,Electronics,Smartphone,Smartphone,1,30467.23,0.05,28943.87,2268.56,Debit Card,Small Business,4.6
ORD101293,2025-07-08,CUST1267,Rahul Sharma,South,Bengaluru,Electronics,Mouse,Mouse,7,875.5,0.05,5822.08,788.9,Net Banking,Consumer,4.2
ORD101294,2025-10-16,CUST1013,Aditya Sharma,North,Chandigarh,Electronics,Keyboard,Keyboard,8,1914.76,0.0,15318.08,3411.32,UPI,Consumer,3.1
ORD101295,2025-03-21,CUST1274,Ananya Patel,West,Surat,Furniture,Meeting Table,Meeting Table,5,18415.58,0.15,78266.22,459.75,Debit Card,Corporate,4.2
ORD101296,2025-02-11,CUST1321,Aarav Singh,East,Bhubaneswar,Office Supplies,Notebook,Notebook,1,185.47,0.05,176.2,34.29,Net Banking,Consumer,5.0
ORD101297,2024-02-26,CUST1109,Aditya Gupta,South,Hyderabad,Office Supplies,Printer Paper,Printer Paper,7,452.27,0.05,3007.6,648.81,UPI,Consumer,4.9
ORD101298,2025-04-14,CUST1366,Sneha Gupta,East,Kolkata,Office Supplies,File Folder,File Folder,5,123.85,0.05,588.29,136.35,Cash on Delivery,Consumer,3.2
ORD101299,2024-05-11,CUST1008,Meera Sharma,East,Kolkata,Furniture,Desk,Desk,5,11158.13,0.1,50211.58,1649.93,Credit Card,Consumer,4.0
ORD101300,2024-09-26,CUST1072,Meera Singh,North,Delhi,Electronics,Smartphone,Smartphone,8,27718.5,0.2,177398.4,13421.92,Debit Card,Consumer,4.4
ORD101301,2025-01-24,CUST1379,Rahul Mehta,West,Surat,Electronics,Printer,Printer,4,11269.05,0.0,45076.2,7530.64,Net Banking,Consumer,2.7
ORD101302,2024-03-01,CUST1343,Rohan Nair,South,Hyderabad,Electronics,Printer,Printer,3,11539.48,0.05,32887.52,5346.29,Cash on Delivery,Small Business,2.7
ORD101303,2025-05-22,CUST1303,Karan Iyer,East,Patna,Electronics,Laptop,Laptop,7,60327.75,0.15,358950.11,25682.32,Credit Card,Consumer,4.1
ORD101304,2024-07-24,CUST1242,Ananya Kumar,West,Mumbai,Electronics,Headphones,Headphones,5,3313.62,0.0,16568.1,2692.39,Debit Card,Corporate,4.1
ORD101305,2025-01-10,CUST1081,Aarav Nair,East,Kolkata,Electronics,Mouse,Mouse,6,964.82,0.15,4920.58,206.12,UPI,Corporate,2.6
ORD101306,2024-09-13,CUST1196,Diya Verma,East,Patna,Electronics,Keyboard,Keyboard,6,1837.74,0.3,7718.51,-382.43,UPI,Consumer,4.3
ORD101307,2024-09-16,CUST1227,Arjun Bose,South,Chennai,Office Supplies,Pen Set,Pen Set,7,226.3,0.1,1425.69,240.4,Net Banking,Consumer,4.8
ORD101308,2024-10-14,CUST1036,Diya Iyer,North,Delhi,Office Supplies,File Folder,File Folder,3,128.82,0.3,270.52,0.93,Credit Card,Consumer,3.8
ORD101309,2024-02-07,CUST1238,Sneha Bose,South,Hyderabad,Office Supplies,File Folder,File Folder,1,132.01,0.1,118.81,14.74,Net Banking,Consumer,4.0
ORD101310,2024-05-22,CUST1036,Diya Iyer,West,Ahmedabad,Office Supplies,Pen Set,Pen Set,4,273.42,0.1,984.31,178.55,UPI,Consumer,4.4
ORD101311,2025-07-28,CUST1051,Arjun Reddy,East,Kolkata,Furniture,Meeting Table,Meeting Table,6,19459.15,0.0,116754.9,14849.17,UPI,Small Business,4.3
ORD101312,2024-03-30,CUST1069,Ishaan Singh,South,Bengaluru,Electronics,Smartphone,Smartphone,7,31312.05,0.0,219184.35,39102.98,UPI,Consumer,2.7
ORD101313,2024-12-29,CUST1077,Aditya Singh,West,Ahmedabad,Furniture,Sofa,Sofa,3,24696.2,0.05,70384.17,6089.8,Credit Card,Consumer,3.3
ORD101314,2024-04-12,CUST1033,Aarav Iyer,West,Pune,Electronics,Printer,Printer,6,13341.23,0.1,72042.64,6107.02,UPI,Small Business,3.7
ORD101315,2025-01-28,CUST1383,Karan Mehta,West,Pune,Furniture,Sofa,Sofa,7,26609.9,0.1,167642.37,3386.78,UPI,Corporate,3.4
ORD101316,2025-04-15,CUST1322,Ananya Singh,South,Chennai,Furniture,Sofa,Sofa,7,23253.9,0.05,154638.44,11049.36,Cash on Delivery,Corporate,5.0
ORD101317,2024-12-08,CUST1204,Priya Verma,East,Bhubaneswar,Furniture,Office Chair,Office Chair,7,9264.62,0.1,58367.11,1365.49,Net Banking,Consumer,4.5
ORD101318,2025-07-17,CUST1148,Diya Kapoor,East,Patna,Electronics,Laptop,Laptop,8,69832.36,0.05,530725.94,101906.41,Net Banking,Small Business,3.2
ORD101319,2024-07-12,CUST1077,Aditya Singh,South,Hyderabad,Office Supplies,Calculator,Calculator,6,695.94,0.05,3966.86,913.55,UPI,Corporate,3.8
ORD101320,2025-02-11,CUST1380,Priya Mehta,South,Kochi,Office Supplies,Calculator,Calculator,3,713.17,0.05,2032.53,372.54,Credit Card,Corporate,4.8
ORD101321,2024-07-21,CUST1320,Pooja Reddy,North,Delhi,Office Supplies,Calculator,Calculator,4,639.94,0.15,2175.8,377.3,Debit Card,Corporate,3.5
ORD101322,2025-01-07,CUST1301,Aditya Iyer,South,Chennai,Office Supplies,File Folder,File Folder,6,118.56,0.1,640.22,98.71,UPI,Consumer,4.6
ORD101323,2024-02-16,CUST1189,Aditya Menon,East,Guwahati,Furniture,Bookshelf,Bookshelf,2,7285.68,0.15,12385.66,-83.77,Credit Card,Small Business,5.0
ORD101324,2024-07-15,CUST1011,Rahul Sharma,West,Mumbai,Electronics,Laptop,Laptop,5,69050.6,0.0,345253.0,69891.44,Cash on Delivery,Small Business,4.9
ORD101325,2025-06-01,CUST1256,Pooja Kumar,West,Ahmedabad,Office Supplies,Pen Set,Pen Set,5,273.39,0.1,1230.25,142.4,UPI,Corporate,4.1
ORD101326,2025-07-22,CUST1196,Diya Verma,North,Lucknow,Furniture,Bookshelf,Bookshelf,6,7648.8,0.3,32124.96,-4527.23,Cash on Delivery,Consumer,4.9
ORD101327,2024-07-17,CUST1120,Meera Mehta,East,Bhubaneswar,Electronics,Laptop,Laptop,4,68815.16,0.0,275260.64,45601.51,UPI,Corporate,3.6
ORD101328,2024-07-07,CUST1127,Karan Mehta,North,Chandigarh,Electronics,Laptop,Laptop,6,72183.57,0.1,389791.28,39028.63,UPI,Consumer,5.0
ORD101329,2024-08-06,CUST1024,Meera Patel,East,Guwahati,Office Supplies,Notebook,Notebook,1,169.07,0.0,169.07,43.83,UPI,Corporate,4.2
ORD101330,2024-07-23,CUST1349,Aditya Nair,South,Chennai,Office Supplies,Pen Set,Pen Set,6,277.27,0.0,1663.62,412.69,Cash on Delivery,Consumer,4.9
ORD101331,2025-12-27,CUST1066,Ananya Singh,South,Kochi,Furniture,Meeting Table,Meeting Table,7,16454.2,0.1,103661.46,3307.71,Debit Card,Small Business,3.7
ORD101332,2025-04-20,CUST1326,Kavya Singh,East,Kolkata,Office Supplies,Calculator,Calculator,8,664.45,0.0,5315.6,1470.45,Net Banking,Small Business,4.4
ORD101333,2024-10-09,CUST1390,Kavya Rao,South,Kochi,Furniture,Meeting Table,Meeting Table,8,16557.18,0.1,119211.7,5070.93,Credit Card,Consumer,4.4
ORD101334,2024-12-03,CUST1019,Arjun Patel,West,Ahmedabad,Furniture,Desk,Desk,3,12299.52,0.2,29518.85,-1445.37,Net Banking,Corporate,3.3
ORD101335,2025-01-08,CUST1250,Nisha Kumar,East,Kolkata,Electronics,Keyboard,Keyboard,1,1774.48,0.05,1685.76,238.02,Credit Card,Small Business,3.3
ORD101336,2025-02-08,CUST1027,Rahul Patel,West,Ahmedabad,Furniture,Meeting Table,Meeting Table,6,16523.17,0.0,99139.02,16446.89,Credit Card,Consumer,3.8
ORD101337,2024-10-09,CUST1333,Aditya Singh,East,Kolkata,office supplies,File Folder,File Folder,1,125.11,0.15,106.34,13.49,Net Banking,Consumer,4.8
ORD101338,2025-12-13,CUST1203,Rahul Verma,South,Hyderabad,Electronics,Keyboard,Keyboard,3,1909.55,0.1,5155.78,423.49,Net Banking,Consumer,2.6
ORD101339,2024-07-31,CUST1009,Vikram Sharma,West,Surat,Office Supplies,Calculator,Calculator,6,609.91,0.2,2927.57,94.49,Debit Card,Small Business,3.7
ORD101340,2024-11-08,CUST1309,Ishaan Reddy,South,Kochi,Electronics,Mouse,Mouse,5,947.5,0.05,4500.62,457.5,UPI,Consumer,5.0
ORD101341,2024-01-05,CUST1307,Arjun Reddy,East,Patna,Office Supplies,Printer Paper,Printer Paper,5,422.73,0.1,1902.28,291.67,Net Banking,Consumer,3.1
ORD101342,2024-12-25,CUST1370,Ananya Mehta,North,Jaipur,Office Supplies,Stapler,Stapler,7,204.65,0.2,1146.04,88.58,UPI,Consumer,4.9
ORD101343,2025-09-16,CUST1194,Ananya Verma,North,Chandigarh,Office Supplies,Stapler,Stapler,2,205.13,0.0,410.26,96.87,Cash on Delivery,Consumer,3.2
ORD101344,2025-12-29,CUST1374,Kavya Mehta,East,Bhubaneswar,Office Supplies,Printer Paper,Printer Paper,7,464.31,0.15,2762.64,362.68,Credit Card,Consumer,3.3
ORD101345,2024-12-11,CUST1267,Rahul Sharma,North,Lucknow,Office Supplies,Calculator,Calculator,5,696.37,0.1,3133.66,472.52,UPI,Corporate,3.9
ORD101346,2024-04-11,CUST1211,Arjun Das,West,Pune,Furniture,Desk,Desk,4,12375.8,0.15,42077.72,-1277.57,UPI,Consumer,5.0
ORD101347,2025-06-10,CUST1144,Pooja Rao,West,Surat,Office Supplies,Stapler,Stapler,4,237.17,0.0,948.68,251.7,Credit Card,Corporate,3.5
ORD101348,2025-04-13,CUST1118,Kavya Mehta,East,Bhubaneswar,Office Supplies,Stapler,Stapler,5,226.63,0.1,1019.84,203.19,Credit Card,Corporate,2.7
ORD101349,2025-12-01,CUST1249,Vikram Kumar,East,Guwahati,Electronics,Smartphone,Smartphone,5,30111.5,0.0,150557.5,22933.04,Net Banking,Small Business,2.9
ORD101350,2025-01-04,CUST1296,Meera Iyer,East,Kolkata,Electronics,Headphones,Headphones,3,3901.92,0.3,8194.03,-564.63,Debit Card,Consumer,4.7
ORD101351,2024-01-03,CUST1015,Karan Sharma,North,Chandigarh,Furniture,Sofa,Sofa,2,23664.27,0.0,47328.54,3425.4,UPI,Corporate,3.0
ORD101352,2025-10-20,CUST1165,Ishaan Joshi,South,Chennai,Electronics,Printer,Printer,2,11195.85,0.0,22391.7,3205.07,Credit Card,Corporate,
ORD101353,2025-05-08,CUST1019,Arjun Patel,South,Chennai,Furniture,Bookshelf,Bookshelf,3,6508.51,0.2,15620.42,-1010.94,Net Banking,Consumer,4.1
ORD101354,2025-08-07,CUST1159,Karan Kapoor,West,Pune,Furniture,Office Chair,Office Chair,3,8767.28,0.05,24986.75,2645.42,Net Banking,Consumer,4.0
ORD101355,2024-03-27,CUST1320,Pooja Reddy,North,Jaipur,Office Supplies,Printer Paper,Printer Paper,5,459.16,,2066.22,300.7,Credit Card,Consumer,4.2
ORD101356,2024-11-30,CUST1277,Ishaan Patel,South,Hyderabad,Electronics,Keyboard,Keyboard,8,1692.96,0.05,12866.5,1506.63,Cash on Delivery,Corporate,3.4
ORD101357,2024-11-30,CUST1050,Ananya Reddy,South,Bengaluru,Office Supplies,Pen Set,Pen Set,1,273.52,0.1,246.17,40.84,UPI,Consumer,4.1
ORD101358,2024-07-14,CUST1287,Karan Patel,North,Delhi,Furniture,Sofa,Sofa,3,26651.63,0.05,75957.15,5957.1,Debit Card,Small Business,3.1
ORD101359,2025-09-10,CUST1006,Kavya Sharma,North,Jaipur,Office Supplies,File Folder,File Folder,1,114.68,0.1,103.21,15.0,Net Banking,Small Business,5.0
ORD101360,2024-05-17,CUST1005,Ishaan Sharma,South,Bengaluru,Electronics,Monitor,Monitor,8,13237.2,0.1,95307.84,13786.81,Credit Card,Corporate,3.2
ORD101361,2024-02-22,CUST1365,Aditya Gupta,North,Chandigarh,Furniture,Meeting Table,Meeting Table,6,17047.13,0.05,97168.64,6885.94,UPI,Small Business,4.3
ORD101362,2024-06-20,CUST1014,Sneha Sharma,North,Chandigarh,Electronics,Printer,Printer,2,11822.79,0.05,22463.3,3152.49,Debit Card,Corporate,3.2
ORD101363,2025-12-24,CUST1107,Rahul Gupta,South,Chennai,Office Supplies,Stapler,Stapler,4,239.3,0.0,957.2,229.69,UPI,Consumer,3.6
ORD101364,2024-03-23,CUST1053,Ishaan Reddy,North,Chandigarh,Electronics,Monitor,Monitor,6,14435.56,0.15,73621.36,4674.9,UPI,Consumer,3.7
ORD101365,2025-02-28,CUST1233,Vikram Bose,East,Guwahati,Office Supplies,Printer Paper,Printer Paper,8,411.69,0.0,3293.52,925.06,UPI,Small Business,5.0
ORD101366,2024-05-13,CUST1209,Aarav Das,North,Lucknow,Electronics,Smartphone,Smartphone,5,28113.55,0.05,133539.36,23915.78,Net Banking,Consumer,4.0
ORD101367,2024-10-15,CUST1336,Pooja Singh,South,Hyderabad,Furniture,Sofa,Sofa,3,22076.95,0.05,62919.31,3677.22,UPI,Small Business,3.4
ORD101368,2025-02-07,CUST1395,Rahul Rao,South,Kochi,Electronics,Keyboard,Keyboard,6,1780.86,0.1,9616.64,1178.23,Credit Card,Consumer,3.7
ORD101369,2024-01-15,CUST1299,Rahul Iyer,West,Mumbai,Office Supplies,Printer Paper,Printer Paper,6,444.95,0.15,2269.24,309.17,Cash on Delivery,Consumer,2.9
ORD101370,2024-06-25,CUST1187,Rahul Menon,East,Guwahati,Furniture,Bookshelf,Bookshelf,6,7298.46,0.1,39411.68,2339.61,Net Banking,Corporate,3.9
ORD101371,2025-03-04,CUST1019,Arjun Patel,West,Mumbai,Furniture,Meeting Table,Meeting Table,1,18375.84,0.2,14700.67,-768.8,Credit Card,Small Business,5.0
ORD101372,2024-01-11,CUST1369,Aarav Mehta,South,Chennai,Electronics,Laptop,Laptop,6,71008.99,0.15,362145.85,17319.26,Credit Card,Small Business,4.3
ORD101373,2024-12-27,CUST1225,Aarav Bose,South,Kochi,Electronics,Mouse,Mouse,1,813.22,0.2,650.58,21.72,UPI,Consumer,4.7
ORD101374,2025-03-17,CUST1087,Rohan Nair,South,Bengaluru,Electronics,Laptop,Laptop,8,69568.18,0.15,473063.62,36126.6,Credit Card,Consumer,3.3
ORD101375,2024-06-06,CUST1217,Vikram Das,West,Ahmedabad,Office Supplies,Stapler,Stapler,8,199.1,0.0,1592.8,460.55,UPI,Corporate,3.8
ORD101376,2024-04-28,CUST1157,Aditya Kapoor,West,Ahmedabad,Furniture,Office Chair,Office Chair,5,8219.02,0.3,28766.57,-3740.7,UPI,Small Business,4.2
ORD101377,2024-12-24,CUST1141,Aditya Rao,West,Ahmedabad,Electronics,Printer,Printer,6,13122.31,0.15,66923.78,3334.62,UPI,Consumer,3.5
ORD101378,2025-06-09,CUST1182,Kavya Menon,West,Mumbai,Office Supplies,Calculator,Calculator,1,683.73,0.1,615.36,63.69,Debit Card,Corporate,4.3
ORD101379,2024-01-10,CUST1302,Sneha Iyer,East,Kolkata,Electronics,Laptop,Laptop,7,60959.55,0.0,426716.85,59620.23,UPI,Consumer,4.5
ORD101380,2024-09-03,CUST1066,Ananya Singh,East,Kolkata,Furniture,Meeting Table,Meeting Table,3,18143.51,0.0,54430.53,5995.18,UPI,Corporate,4.4
ORD101381,2025-12-31,CUST1386,Ananya Rao,West,Surat,Office Supplies,Pen Set,Pen Set,3,264.7,0.1,714.69,98.25,Net Banking,Consumer,3.9
ORD101382,2024-09-02,CUST1025,Vikram Patel,South,Chennai,Office Supplies,Stapler,Stapler,6,243.37,0.1,1314.2,243.59,UPI,Small Business,4.8
ORD101383,2024-08-30,CUST1059,Rahul Reddy,South,Hyderabad,Office Supplies,Notebook,Notebook,8,187.12,0.15,1272.42,114.2,Debit Card,Consumer,3.8
ORD101384,2025-06-23,CUST1271,Karan Sharma,West,Pune,Furniture,Office Chair,Office Chair,4,7696.14,0.05,29245.33,1899.99,Credit Card,Corporate,3.7
ORD101385,2024-12-17,CUST1059,Rahul Reddy,South,Chennai,Office Supplies,Pen Set,Pen Set,5,252.48,0.1,1136.16,174.34,Credit Card,Corporate,5.0
ORD101386,2024-10-13,CUST1312,Meera Reddy,North,Jaipur,Electronics,Headphones,Headphones,5,3267.78,0.05,15521.96,2601.77,UPI,Consumer,3.2
ORD101387,2025-07-27,CUST1294,Kavya Iyer,East,Kolkata,Office Supplies,Stapler,Stapler,3,200.31,0.0,600.93,141.09,UPI,Consumer,2.7
ORD101388,2024-01-23,CUST1172,Priya Joshi,South,Chennai,Office Supplies,Printer Paper,Printer Paper,5,464.25,0.0,2321.25,606.57,Net Banking,Corporate,3.3
ORD101389,2025-06-05,CUST1182,Kavya Menon,West,Mumbai,Office Supplies,Notebook,Notebook,8,192.77,0.15,1310.84,166.99,Credit Card,Corporate,4.3
ORD101390,2024-10-05,CUST1400,Pooja Rao,West,Surat,Electronics,Mouse,Mouse,4,817.14,0.1,2941.7,345.89,UPI,Corporate,5.0
ORD101391,2025-10-11,CUST1319,Karan Reddy,South,Hyderabad,Electronics,Laptop,Laptop,7,69705.33,0.2,390349.85,12200.53,UPI,Corporate,3.5
ORD101392,2025-06-13,CUST1253,Aditya Kumar,East,Patna,Office Supplies,Pen Set,Pen Set,7,263.85,0.15,1569.91,191.0,Credit Card,Consumer,5.0
ORD101393,2025-11-19,CUST1057,Vikram Reddy,West,Pune,Furniture,Office Chair,Office Chair,7,9056.22,0.15,53884.51,-2689.23,UPI,Small Business,4.0
ORD101394,2024-04-04,CUST1236,Priya Bose,East,Kolkata,Furniture,Office Chair,Office Chair,6,8107.64,0.1,43781.26,1278.7,Credit Card,Consumer,3.9
ORD101395,2024-05-18,CUST1016,Pooja Sharma,North,Chandigarh,Office Supplies,Stapler,Stapler,8,217.05,0.15,1475.94,180.07,Credit Card,Corporate,3.4
ORD101396,2025-10-22,CUST1101,Ishaan Gupta,East,Patna,Office Supplies,Printer Paper,Printer Paper,6,416.86,0.2,2000.93,174.38,Debit Card,Small Business,5.0
ORD101397,2024-10-12,CUST1280,Meera Patel,East,Guwahati,Electronics,Keyboard,Keyboard,8,1714.6,0.15,11659.28,397.13,Net Banking,Small Business,3.9
ORD101398,2025-08-19,CUST1164,Diya Joshi,East,Kolkata,Furniture,Meeting Table,Meeting Table,6,17399.05,0.0,104394.3,15504.91,Credit Card,Consumer,3.0
ORD101399,2025-05-17,CUST1398,Sneha Rao,North,Jaipur,Electronics,Keyboard,Keyboard,7,1746.5,0.15,10391.67,549.1,Net Banking,Consumer,5.0
ORD101400,2024-12-31,CUST1376,Meera Mehta,South,Kochi,Electronics,Laptop,Laptop,8,61003.07,0.0,488024.56,76613.79,Credit Card,Corporate,4.3
ORD101401,2024-02-02,CUST1038,Kavya Iyer,West,Ahmedabad,Electronics,Monitor,Monitor,8,13181.23,0.0,105449.84,17772.97,Credit Card,Consumer,4.6
ORD101402,2024-02-24,CUST1354,Ananya Gupta,North,Lucknow,Office Supplies,Calculator,Calculator,5,713.91,0.15,3034.12,517.97,Debit Card,Corporate,5.0
ORD101403,2025-06-08,CUST1346,Nisha Nair,South,Hyderabad,Office Supplies,Notebook,Notebook,6,193.04,0.2,926.59,89.52,Debit Card,Consumer,4.5
ORD101404,2024-03-12,CUST1043,Rahul Iyer,South,Chennai,Furniture,Office Chair,Office Chair,8,8294.17,0.0,66353.36,9701.62,UPI,Consumer,4.7
ORD101405,2024-01-04,CUST1155,Rahul Kapoor,North,Lucknow,Furniture,Meeting Table,Meeting Table,4,19952.67,0.0,79810.68,7499.04,Cash on Delivery,Consumer,4.0
ORD101406,2024-06-09,CUST1380,Priya Mehta,North,Lucknow,Office Supplies,Notebook,Notebook,1,171.46,0.2,137.17,8.61,Cash on Delivery,Corporate,4.6
ORD101407,2025-10-30,CUST1007,Rohan Sharma,South,Hyderabad,Office Supplies,Printer Paper,Printer Paper,8,445.28,0.0,3562.24,829.88,UPI,Corporate,4.0
ORD101408,2025-04-02,CUST1024,Meera Patel,West,Surat,Office Supplies,Calculator,Calculator,6,2100.99,0.0,12605.94,3209.6,Credit Card,Consumer,4.0
ORD101409,2025-06-08,CUST1205,Aditya Verma,North,Delhi,Furniture,Sofa,Sofa,4,23938.44,0.15,81390.7,-964.48,Net Banking,Consumer,4.1
ORD101410,2025-04-21,CUST1382,Sneha Mehta,South,Kochi,Office Supplies,Stapler,Stapler,6,209.36,0.2,1004.93,68.1,Cash on Delivery,Consumer,3.7
ORD101411,2025-02-17,CUST1112,Pooja Gupta,North,Delhi,Furniture,Office Chair,Office Chair,1,8339.16,0.1,7505.24,194.37,Credit Card,Corporate,4.4
ORD101412,2024-07-06,CUST1310,Kavya Reddy,East,Patna,Furniture,Bookshelf,Bookshelf,4,7071.11,0.1,25456.0,385.64,UPI,Corporate,4.4
ORD101413,2024-11-09,CUST1278,Kavya Patel,South,Chennai,Office Supplies,Calculator,Calculator,3,673.75,0.05,1920.19,389.81,Debit Card,Small Business,4.6
ORD101414,2025-02-02,CUST1059,Rahul Reddy,West,Ahmedabad,Furniture,Meeting Table,Meeting Table,3,17806.2,0.05,50747.67,5345.27,UPI,Small Business,4.5
ORD101415,2025-12-23,CUST1116,Diya Mehta,East,Patna,Furniture,Bookshelf,Bookshelf,8,6964.21,0.15,47356.63,-2146.6,Debit Card,Consumer,5.0
ORD101416,2025-10-19,CUST1250,Nisha Kumar,West,Mumbai,Electronics,Mouse,Mouse,5,862.26,0.2,3449.04,64.37,Credit Card,Small Business,4.8
ORD101417,2025-06-22,CUST1193,Aarav Verma,East,Kolkata,Furniture,Sofa,Sofa,2,24426.63,0.05,46410.6,5198.09,Debit Card,Consumer,3.8
ORD101418,2025-08-17,CUST1095,Karan Nair,South,Kochi,Furniture,Office Chair,Office Chair,3,8060.38,0.05,22972.08,1675.13,UPI,Corporate,4.3
ORD101419,2025-08-13,CUST1081,Aarav Nair,West,Mumbai,Office Supplies,Stapler,Stapler,2,239.99,0.05,455.98,88.59,Credit Card,Consumer,5.0
ORD101420,2025-05-03,CUST1223,Karan Das,South,Hyderabad,Furniture,Sofa,Sofa,8,25546.1,0.0,204368.8,29246.36,Debit Card,Corporate,3.3
ORD101421,2025-08-26,CUST1332,Priya Singh,West,Surat,Electronics,Headphones,Headphones,3,3465.91,0.05,9877.84,1115.15,UPI,Corporate,5.0
ORD101422,2024-02-23,CUST1166,Kavya Joshi,West,Ahmedabad,Office Supplies,Calculator,Calculator,3,691.85,0.0,2075.55,517.71,UPI,Consumer,3.4
ORD101423,2024-01-16,CUST1371,Arjun Mehta,East,Bhubaneswar,Electronics,Printer,Printer,3,10818.47,0.15,27587.1,731.17,UPI,Small Business,4.7
ORD101424,2024-11-20,CUST1267,Rahul Sharma,East,Bhubaneswar,Office Supplies,Stapler,Stapler,2,214.67,0.05,407.87,65.56,Net Banking,Small Business,4.0
ORD101425,2024-02-09,CUST1162,Ananya Joshi,South,Hyderabad,Electronics,Monitor,Monitor,7,13956.13,0.15,83038.97,4044.03,Credit Card,Small Business,4.0
ORD101426,2024-09-05,CUST1283,Rahul Patel,West,Ahmedabad,Furniture,Meeting Table,Meeting Table,5,18060.4,0.1,81271.8,277.55,Debit Card,Consumer,3.0
ORD101427,2024-05-25,CUST1180,Diya Menon,East,Guwahati,Furniture,Meeting Table,Meeting Table,4,19164.98,0.2,61327.94,-3084.29,Credit Card,Small Business,4.7
ORD101428,2025-12-01,CUST1303,Karan Iyer,West,Mumbai,Office Supplies,Calculator,Calculator,4,722.68,0.3,2023.5,46.29,Net Banking,Corporate,3.0
ORD101429,2025-04-23,CUST1394,Nisha Rao,South,Hyderabad,Electronics,Keyboard,Keyboard,6,1770.48,0.05,10091.74,1855.43,Credit Card,Corporate,2.9
ORD101430,2024-01-31,CUST1316,Priya Reddy,West,Ahmedabad,Office Supplies,Notebook,Notebook,1,175.88,0.0,175.88,44.38,UPI,Consumer,4.9
ORD101431,2025-04-01,CUST1057,Vikram Reddy,South,Hyderabad,Furniture,Bookshelf,Bookshelf,8,7240.19,0.15,49233.29,885.23,UPI,Small Business,5.0
ORD101432,2025-06-19,CUST1029,Aditya Patel,North,Delhi,Furniture,Office Chair,Office Chair,5,8175.94,0.0,40879.7,5313.3,UPI,Corporate,3.5
ORD101433,2024-08-25,CUST1324,Diya Singh,North,Chandigarh,Furniture,Bookshelf,Bookshelf,2,6517.68,0.05,12383.59,841.12,Net Banking,Corporate,4.8
ORD101434,2025-10-07,CUST1339,Arjun Nair,East,Guwahati,Electronics,Mouse,Mouse,5,1000.39,0.0,5001.95,659.66,Debit Card,Small Business,4.6
ORD101435,2025-12-12,CUST1227,Arjun Bose,South,Chennai,Furniture,Desk,Desk,7,12937.16,0.2,72448.1,-676.5,Net Banking,Consumer,3.9
ORD101436,2025-12-17,CUST1098,Ananya Gupta,North,Lucknow,Electronics,Printer,Printer,2,13330.44,0.0,26660.88,4099.71,Debit Card,Corporate,5.0
ORD101437,2024-03-09,CUST1353,Aarav Gupta,South,Hyderabad,Electronics,Laptop,Laptop,5,61615.01,0.1,277267.54,35925.35,Net Banking,Consumer,3.9
ORD101438,2024-11-24,CUST1180,Diya Menon,East,Bhubaneswar,Office Supplies,Notebook,Notebook,5,162.71,0.1,732.2,130.64,Cash on Delivery,Consumer,4.4
ORD101439,2025-07-21,CUST1117,Ishaan Mehta,South,Hyderabad,Furniture,Meeting Table,Meeting Table,7,17931.56,0.15,106692.78,-3403.53,Debit Card,Consumer,3.1
ORD101440,2024-11-19,CUST1147,Arjun Kapoor,West,Ahmedabad,Electronics,Laptop,Laptop,5,71850.61,0.05,341290.4,49589.48,UPI,Consumer,3.1
ORD101441,2024-12-17,CUST1119,Rohan Mehta,West,Ahmedabad,Electronics,Mouse,Mouse,6,837.39,0.2,4019.47,254.52,UPI,Consumer,4.9
ORD101442,2024-08-28,CUST1113,Aarav Mehta,East,Bhubaneswar,Electronics,Mouse,Mouse,7,833.2,0.15,4957.54,450.6,Credit Card,Consumer,4.4
ORD101443,2024-11-02,CUST1131,Arjun Rao,West,Surat,Electronics,Monitor,Monitor,8,12812.37,0.1,92249.06,7581.23,Net Banking,Consumer,3.9
ORD101444,2025-05-22,CUST1270,Sneha Sharma,South,,Office Supplies,Notebook,Notebook,3,192.29,0.05,548.03,103.96,Credit Card,Corporate,5.0
ORD101445,2024-01-19,CUST1007,Rohan Sharma,North,Delhi,Electronics,Monitor,Monitor,6,15020.65,0.15,76605.31,4213.69,UPI,Consumer,5.0
ORD101446,2025-08-07,CUST1146,Ananya Kapoor,North,Chandigarh,Office Supplies,Notebook,Notebook,2,189.54,0.15,322.22,38.14,Debit Card,Consumer,4.3
ORD101447,2025-06-16,CUST1068,Diya Singh,West,Mumbai,Electronics,Keyboard,Keyboard,7,1641.1,0.05,10913.31,1827.91,Credit Card,Consumer,2.9
ORD101448,2024-04-11,CUST1260,Diya Sharma,West,Pune,Electronics,Printer,Printer,8,12709.48,0.05,96592.05,15067.37,UPI,Consumer,3.9
ORD101449,2025-07-18,CUST1398,Sneha Rao,East,Patna,Office Supplies,Printer Paper,Printer Paper,3,449.41,0.0,1348.23,280.02,Net Banking,Consumer,3.4
ORD101450,2025-01-16,CUST1316,Priya Reddy,North,Delhi,Electronics,Mouse,Mouse,5,841.26,0.0,4206.3,805.37,Credit Card,Small Business,4.1
ORD101451,2024-08-21,CUST1100,Diya Gupta,South,Bengaluru,Furniture,Sofa,Sofa,7,23158.27,0.0,162107.89,18727.15,UPI,Corporate,3.3
ORD101452,2024-11-28,CUST1206,Sneha Verma,North,Delhi,Office Supplies,Printer Paper,Printer Paper,1,454.61,0.0,454.61,114.07,UPI,Consumer,3.1
ORD101453,2025-01-12,CUST1008,Meera Sharma,North,Chandigarh,Office Supplies,Calculator,Calculator,6,632.14,0.0,3792.84,971.82,Credit Card,Consumer,2.3
ORD101454,2024-06-02,CUST1166,Kavya Joshi,North,Jaipur,Office Supplies,Stapler,Stapler,7,244.94,0.2,1371.66,150.84,Credit Card,Consumer,4.1
ORD101455,2025-03-19,CUST1112,Pooja Gupta,East,Guwahati,Electronics,Printer,Printer,7,12053.32,0.15,71717.25,5518.27,UPI,Corporate,2.3
ORD101456,2025-04-04,CUST1201,Vikram Verma,North,Lucknow,Furniture,Desk,Desk,2,11782.48,0.2,18851.97,-1295.95,Debit Card,Small Business,3.8
ORD101457,2024-09-25,CUST1164,Diya Joshi,West,Ahmedabad,Office Supplies,File Folder,File Folder,7,125.77,0.1,792.35,129.58,Debit Card,Consumer,4.5
ORD101458,2024-12-02,CUST1274,Ananya Patel,South,Hyderabad,Office Supplies,Printer Paper,Printer Paper,7,469.4,0.1,2957.22,454.78,UPI,Consumer,3.5
ORD101459,2025-03-25,CUST1220,Priya Das,South,Chennai,Electronics,Monitor,Monitor,1,12607.51,0.0,12607.51,1739.25,Credit Card,Corporate,3.2
ORD101460,2025-01-03,CUST1376,Meera Mehta,East,Kolkata,Furniture,Desk,Desk,6,12432.77,0.15,63407.13,-648.93,Credit Card,Consumer,3.9
ORD101461,2024-11-13,CUST1028,Priya Patel,West,Surat,Electronics,Smartphone,Smartphone,6,26701.62,0.05,152199.23,27946.65,UPI,Consumer,3.4
ORD101462,2025-11-29,CUST1378,Nisha Mehta,South,Kochi,Electronics,Smartphone,Smartphone,8,27511.44,0.1,198082.37,10339.68,UPI,Corporate,4.1
ORD101463,2025-10-03,CUST1317,Aditya Reddy,North,Chandigarh,Office Supplies,Stapler,Stapler,1,232.19,0.3,162.53,-0.91,UPI,Corporate,3.2
ORD101464,2024-10-04,CUST1286,Sneha Patel,North,Jaipur,Electronics,Printer,Printer,8,12271.5,0.2,78537.6,675.15,Credit Card,Consumer,3.9
ORD101465,2025-06-09,CUST1331,Rahul Singh,West,Mumbai,Electronics,Laptop,Laptop,5,63771.77,0.05,302915.91,43829.93,Net Banking,Small Business,3.7
ORD101466,2025-08-15,CUST1021,Ishaan Patel,North,Lucknow,Electronics,Keyboard,Keyboard,3,1686.29,0.15,4300.04,122.26,Credit Card,Consumer,4.0
ORD101467,2024-03-21,CUST1086,Kavya Nair,East,Patna,Furniture,Sofa,Sofa,4,24268.95,0.0,97075.8,8190.5,Cash on Delivery,Consumer,5.0
ORD101468,2025-03-08,CUST1001,Aarav Sharma,South,Chennai,Electronics,Printer,Printer,7,11643.13,0.0,81501.91,11861.39,Credit Card,Corporate,4.1
ORD101469,2025-08-07,CUST1320,Pooja Reddy,West,Ahmedabad,Furniture,Sofa,Sofa,8,26420.26,0.0,211362.08,32396.17,Debit Card,Corporate,4.4
ORD101470,2024-02-11,CUST1142,Sneha Rao,North,Chandigarh,Electronics,Smartphone,Smartphone,3,28491.58,0.0,85474.74,13285.58,Credit Card,Corporate,3.5
ORD101471,2024-09-03,CUST1145,Aarav Kapoor,West,Pune,Office Supplies,File Folder,File Folder,8,130.86,0.15,889.85,97.89,Net Banking,Corporate,4.2
ORD101472,2025-08-06,CUST1245,Ishaan Kumar,East,Patna,Electronics,Printer,Printer,6,11830.08,0.05,67431.46,12819.79,Net Banking,Corporate,3.8
ORD101473,2025-11-14,CUST1170,Nisha Joshi,South,Chennai,Furniture,Meeting Table,Meeting Table,2,19476.65,0.0,38953.3,3959.35,Credit Card,Small Business,4.0
ORD101474,2025-12-26,CUST1255,Karan Kumar,North,Jaipur,Electronics,Keyboard,Keyboard,5,1642.39,0.3,5748.36,-381.92,Credit Card,Corporate,4.5
ORD101475,2025-03-17,CUST1375,Rohan Mehta,West,Mumbai,Electronics,Printer,Printer,7,11587.03,0.1,72998.29,8876.25,Cash on Delivery,Consumer,3.6
ORD101476,2024-02-01,CUST1133,Ishaan Rao,South,Hyderabad,Electronics,Keyboard,Keyboard,1,1650.96,0.05,1568.41,255.48,Cash on Delivery,Corporate,3.7
ORD101477,2024-01-21,CUST1357,Ishaan Gupta,South,Hyderabad,Electronics,Laptop,Laptop,1,58952.6,0.1,53057.34,3274.2,Cash on Delivery,Consumer,3.6
ORD101478,2025-08-15,CUST1213,Ishaan Das,South,,Electronics,Printer,Printer,1,13225.8,0.1,11903.22,918.53,UPI,Corporate,3.6
ORD101479,2025-06-20,CUST1151,Rohan Kapoor,North,Chandigarh,Furniture,Office Chair,Office Chair,5,8990.54,0.1,40457.43,1721.83,UPI,Consumer,4.1
ORD101480,2024-05-21,CUST1368,Pooja Gupta,South,Chennai,Office Supplies,File Folder,File Folder,1,124.5,0.1,112.05,23.89,Credit Card,Consumer,3.7
ORD101481,2024-04-05,CUST1196,Diya Verma,North,Jaipur,Electronics,Smartphone,Smartphone,8,28480.16,0.2,182273.02,-1647.34,Debit Card,Corporate,5.0
ORD101482,2024-04-16,CUST1052,Diya Reddy,North,Delhi,Furniture,Sofa,Sofa,2,24607.25,0.05,46753.77,3046.46,UPI,Corporate,5.0
ORD101483,2025-10-03,CUST1115,Arjun Mehta,South,Hyderabad,Furniture,Office Chair,Office Chair,1,8844.35,0.1,7959.92,362.09,Credit Card,Consumer,3.6
ORD101484,2025-07-12,CUST1339,Arjun Nair,North,Chandigarh,Electronics,Keyboard,Keyboard,3,1947.33,0.0,5841.99,1142.06,Credit Card,Consumer,4.2
ORD101485,2025-11-24,CUST1207,Karan Verma,South,Kochi,Furniture,Meeting Table,Meeting Table,7,18563.68,0.2,103956.61,-3429.91,UPI,Small Business,4.8
ORD101486,2024-03-24,CUST1225,Aarav Bose,West,Pune,Electronics,Mouse,Mouse,8,958.22,0.05,7282.47,847.25,Debit Card,Small Business,3.8
ORD101487,2025-05-23,CUST1273,Aarav Patel,North,Jaipur,Electronics,Monitor,Monitor,3,13465.41,0.05,38376.42,4766.3,UPI,Consumer,3.3
ORD101488,2025-11-06,CUST1078,Sneha Singh,North,Delhi,Furniture,Meeting Table,Meeting Table,5,20067.98,0.3,70237.93,-9103.71,Net Banking,Consumer,5.0
ORD101489,2025-01-24,CUST1038,Kavya Iyer,North,Jaipur,Office Supplies,File Folder,File Folder,7,108.84,0.1,685.69,134.78,UPI,Consumer,4.5
ORD101490,2025-07-19,CUST1177,Aarav Menon,East,Bhubaneswar,Office Supplies,Calculator,Calculator,7,640.28,0.0,4481.96,1093.77,Credit Card,Consumer,4.2
ORD101491,2025-03-16,CUST1368,Pooja Gupta,South,Kochi,Office Supplies,Stapler,Stapler,2,240.69,0.05,457.31,94.64,Credit Card,Consumer,5.0
ORD101492,2024-01-06,CUST1051,Arjun Reddy,South,Kochi,Furniture,Office Chair,Office Chair,7,7987.58,0.05,53117.41,2754.23,UPI,Small Business,4.6
ORD101493,2024-11-09,CUST1288,Pooja Patel,North,Delhi,Electronics,Laptop,Laptop,7,60521.13,0.3,296553.54,-8427.85,Credit Card,Consumer,4.0
ORD101494,2024-07-10,CUST1392,Meera Rao,South,Bengaluru,Electronics,Smartphone,Smartphone,6,27451.05,0.1,148235.67,14654.07,Net Banking,Consumer,3.3
ORD101495,2024-03-02,CUST1039,Rohan Iyer,South,Hyderabad,Electronics,Printer,Printer,5,11930.43,0.05,56669.54,9318.96,Credit Card,Consumer,3.6
ORD101496,2025-03-11,CUST1054,Kavya Reddy,South,Bengaluru,Electronics,Printer,Printer,4,13264.16,0.1,47750.98,4572.03,UPI,Consumer,4.9
ORD101497,2025-11-09,CUST1348,Priya Nair,East,Kolkata,Electronics,Monitor,Monitor,8,15175.25,0.1,109261.8,10612.78,Debit Card,Consumer,4.5
ORD101498,2024-02-09,CUST1044,Priya Iyer,West,Surat,Furniture,Meeting Table,Meeting Table,7,18037.79,0.0,126264.53,10415.85,UPI,Consumer,3.9
ORD101499,2024-08-28,CUST1298,Nisha Iyer,South,Hyderabad,Electronics,Laptop,Laptop,5,72413.54,0.2,289654.16,-12677.89,Credit Card,Consumer,5.0
ORD101500,2025-05-04,CUST1319,Karan Reddy,West,Ahmedabad,Electronics,Printer,Printer,6,12495.61,0.0,74973.66,15841.76,Credit Card,Corporate,3.9
ORD101501,2024-08-16,CUST1126,Sneha Mehta,East,Bhubaneswar,Office Supplies,Pen Set,Pen Set,4,273.05,0.2,873.76,71.61,Credit Card,Consumer,4.7
ORD101502,2024-03-26,CUST1117,Ishaan Mehta,South,Kochi,Furniture,Office Chair,Office Chair,6,8110.13,0.15,41361.66,-96.76,UPI,Corporate,4.2
ORD101503,2024-05-19,CUST1209,Aarav Das,North,Delhi,Office Supplies,Calculator,Calculator,1,654.92,0.0,654.92,143.28,UPI,Small Business,5.0
ORD101504,2024-01-19,CUST1203,Rahul Verma,South,Bengaluru,Electronics,Monitor,Monitor,8,12691.53,0.15,86302.4,2582.46,UPI,Consumer,4.6
ORD101505,2025-12-26,CUST1345,Vikram Nair,East,Patna,Furniture,Desk,Desk,5,10823.44,0.15,45999.62,876.64,Credit Card,Consumer,4.0
ORD101506,2024-12-25,CUST1237,Aditya Bose,North,Lucknow,Electronics,Mouse,Mouse,5,949.68,0.1,4273.56,591.9,Debit Card,Small Business,3.9
ORD101507,2025-11-20,CUST1388,Diya Rao,West,Pune,Furniture,Desk,Desk,2,11112.3,0.1,20002.14,389.4,Debit Card,Consumer,4.0
ORD101508,2025-05-16,CUST1096,Pooja Nair,South,Hyderabad,Electronics,Mouse,Mouse,5,918.47,0.0,4592.35,903.72,UPI,Consumer,3.5
ORD101509,2024-09-12,CUST1113,Aarav Mehta,West,Mumbai,Electronics,Smartphone,Smartphone,1,29487.41,0.0,29487.41,5447.82,UPI,Small Business,3.0
ORD101510,2025-11-19,CUST1097,Aarav Gupta,East,Kolkata,Office Supplies,Notebook,Notebook,8,163.28,0.15,1110.3,132.67,Debit Card,Corporate,4.2
ORD101511,2024-07-09,CUST1261,Ishaan Sharma,South,, electronics,Monitor,Monitor,6,13982.12,0.0,83892.72,18984.84,Credit Card,Small Business,3.6
ORD101512,2024-05-12,CUST1014,Sneha Sharma,North,Lucknow,Electronics,Keyboard,Keyboard,4,1890.92,0.05,7185.5,906.59,Net Banking,Consumer,3.6
ORD101513,2025-08-11,CUST1345,Vikram Nair,East,Guwahati,Office Supplies,Pen Set,Pen Set,7,273.94,0.1,1725.82,338.29,UPI,Consumer,3.9
ORD101514,2025-02-08,CUST1309,Ishaan Reddy,South,Bengaluru, electronics,Smartphone,Smartphone,7,27043.26,0.0,189302.82,35879.62,UPI,Consumer,4.0
ORD101515,2024-11-04,CUST1396,Priya Rao,North,,Furniture,Sofa,Sofa,1,26743.86,0.15,22732.28,-180.09,Credit Card,Consumer,4.0
ORD101516,2025-03-05,CUST1384,Pooja Mehta,West,Mumbai,Furniture,Bookshelf,Bookshelf,1,7600.59,0.15,6460.5,173.14,Debit Card,Consumer,5.0
ORD101517,2025-12-08,CUST1029,Aditya Patel,South,Bengaluru,Electronics,Headphones,Headphones,3,3650.99,0.2,8762.38,151.18,Credit Card,Consumer,4.5
ORD101518,2024-07-23,CUST1300,Priya Iyer,North,Delhi,Furniture,Desk,Desk,1,11834.68,0.0,11834.68,1391.63,UPI,Consumer,5.0
ORD101519,2025-10-20,CUST1202,Nisha Verma,South,Chennai,Electronics,Laptop,Laptop,5,68668.88,0.1,309009.96,40012.48,UPI,Consumer,3.7
ORD101520,2025-10-27,CUST1295,Rohan Iyer,South,Hyderabad,Office Supplies,Notebook,Notebook,5,194.32,0.2,777.28,86.46,Debit Card,Consumer,4.6
ORD101521,2025-07-09,CUST1350,Sneha Nair,West,Mumbai,Electronics,Keyboard,Keyboard,5,1740.11,0.05,8265.52,1384.88,UPI,Consumer,3.7
ORD101522,2024-04-24,CUST1234,Nisha Bose,East,Kolkata,Electronics,Laptop,Laptop,1,72697.47,0.15,61792.85,-2761.84,Debit Card,Corporate,3.6
ORD101523,2024-03-06,CUST1002,Ananya Sharma,North,Chandigarh,Electronics,Smartphone,Smartphone,8,30797.1,0.1,221739.12,23505.33,UPI,Consumer,5.0
ORD101524,2024-03-28,CUST1346,Nisha Nair,North,Jaipur,Office Supplies,Printer Paper,Printer Paper,8,453.06,0.05,3443.26,732.73,UPI,Corporate,3.4
ORD101525,2025-05-28,CUST1175,Karan Joshi,East,Bhubaneswar,Office Supplies,File Folder,File Folder,5,127.08,0.05,603.63,124.73,UPI,Consumer,2.3
ORD101526,2024-10-19,CUST1184,Meera Menon,North,Delhi,Office Supplies,Calculator,Calculator,1,659.93,0.15,560.94,77.27,Cash on Delivery,Consumer,3.5
ORD101527,2025-12-22,CUST1234,Nisha Bose,South,Chennai,Office Supplies,File Folder,File Folder,4,128.09,0.0,512.36,131.43,UPI,Small Business,2.5
ORD101528,2024-01-05,CUST1365,Aditya Gupta,North,Jaipur,Office Supplies,Printer Paper,Printer Paper,6,486.87,0.2,2336.98,226.56,UPI,Small Business,3.3
ORD101529,2024-09-29,CUST1211,Arjun Das,North,Chandigarh,Furniture,Meeting Table,Meeting Table,6,16291.96,0.1,87976.58,2489.82,Net Banking,Consumer,3.4
ORD101530,2024-07-12,CUST1084,Diya Nair,West,Pune,office supplies,File Folder,File Folder,2,110.09,0.0,220.18,63.29,UPI,Consumer,4.0
ORD101531,2025-10-06,CUST1294,Kavya Iyer,North,Chandigarh,Furniture,Sofa,Sofa,7,23376.55,0.15,139090.47,1665.41,UPI,Small Business,2.5
ORD101532,2024-03-29,CUST1254,Sneha Kumar,North,Chandigarh,Furniture,Bookshelf,Bookshelf,8,7713.12,0.1,55534.46,2696.93,UPI,Consumer,4.9
ORD101533,2024-10-25,CUST1027,Rahul Patel,West,Pune,Office Supplies,Printer Paper,Printer Paper,5,444.43,0.05,2111.04,464.1,Debit Card,Consumer,2.6
ORD101534,2025-09-25,CUST1214,Kavya Das,North,Jaipur,Furniture,Desk,Desk,4,13143.03,0.3,36800.48,-3903.35,Credit Card,Consumer,3.9
ORD101535,2025-12-11,CUST1315,Rahul Reddy,West,Pune,Electronics,Mouse,Mouse,5,901.56,0.15,3831.63,299.03,Net Banking,Consumer,3.8
ORD101536,2025-10-31,CUST1354,Ananya Gupta,North,Delhi,Furniture,Sofa,Sofa,1,23125.14,0.1,20812.63,669.76,Debit Card,Corporate,4.6
ORD101537,2025-04-22,CUST1114,Ananya Mehta,North,Chandigarh,Electronics,Keyboard,Keyboard,5,1976.66,0.2,7906.64,274.82,Credit Card,Corporate,4.3
ORD101538,2024-04-29,CUST1210,Ananya Das,North,Chandigarh,Office Supplies,File Folder,File Folder,1,122.8,,110.52,18.72,UPI,Consumer,4.9
ORD101539,2024-03-11,CUST1330,Nisha Singh,East,Bhubaneswar,Furniture,Meeting Table,Meeting Table,1,17627.52,0.1,15864.77,1315.56,Net Banking,Consumer,3.7
ORD101540,2024-10-27,CUST1234,Nisha Bose,East,Bhubaneswar,Office Supplies,Calculator,Calculator,5,591.35,0.05,2808.91,659.93,Net Banking,Consumer,3.7
ORD101541,2024-12-16,CUST1168,Meera Joshi,South,Bengaluru,Furniture,Meeting Table,Meeting Table,5,16639.3,0.0,83196.5,8682.37,Net Banking,Corporate,4.3
ORD101542,2025-01-10,CUST1074,Nisha Singh,North,Chandigarh,Office Supplies,Calculator,Calculator,8,604.92,0.1,4355.42,972.43,UPI,Small Business,4.8
ORD101543,2024-02-06,CUST1018,Ananya Patel,North,Lucknow,Electronics,Smartphone,Smartphone,5,27447.39,0.1,123513.26,5243.01,Debit Card,Consumer,4.6
ORD101544,2025-05-08,CUST1277,Ishaan Patel,East,Kolkata,Office Supplies,Printer Paper,Printer Paper,8,465.13,0.15,3162.88,437.85,Debit Card,Corporate,4.2
ORD101545,2024-10-15,CUST1386,Ananya Rao,North,Jaipur,Furniture,Meeting Table,Meeting Table,7,17418.06,0.1,109733.78,1930.64,Cash on Delivery,Consumer,4.2
ORD101546,2024-03-20,CUST1241,Aarav Kumar,East,Kolkata, electronics,Smartphone,Smartphone,3,25603.65,0.1,69129.86,9820.21,UPI,Corporate,4.0
ORD101547,2025-10-31,CUST1313,Vikram Reddy,East,Bhubaneswar,Electronics,Printer,Printer,8,11499.1,0.2,73594.24,1201.07,Net Banking,Consumer,4.3
ORD101548,2024-09-17,CUST1271,Karan Sharma,West,Mumbai,Electronics,Headphones,Headphones,4,3464.68,0.3,9701.1,-920.1,Debit Card,Consumer,5.0
ORD101549,2024-06-18,CUST1140,Priya Rao,South,Bengaluru,Furniture,Desk,Desk,5,13419.59,0.05,63743.05,4515.41,Net Banking,Consumer,3.8
ORD101550,2024-12-25,CUST1210,Ananya Das,North,Jaipur,Office Supplies,Pen Set,Pen Set,1,246.61,0.2,197.29,12.26,Debit Card,Small Business,3.7
ORD101551,2025-11-25,CUST1109,Aditya Gupta,South,Bengaluru,Office Supplies,File Folder,File Folder,2,110.35,0.15,187.6,21.55,Net Banking,Consumer,3.7
ORD101552,2025-08-25,CUST1090,Nisha Nair,West,Pune,Office Supplies,Notebook,Notebook,5,185.01,0.0,925.05,223.66,Credit Card,Consumer,4.3
ORD101553,2024-03-14,CUST1236,Priya Bose,East,,Furniture,Sofa,Sofa,3,26455.7,0.05,75398.74,4427.5,UPI,Small Business,2.4
ORD101554,2025-05-16,CUST1259,Arjun Sharma,East,Patna,Furniture,Sofa,Sofa,5,25753.75,0.05,122330.31,10306.52,Credit Card,Corporate,3.9
ORD101555,2025-04-30,CUST1395,Rahul Rao,South,Chennai,Office Supplies,Calculator,Calculator,1,704.58,0.15,598.89,79.22,Net Banking,Consumer,4.7
ORD101556,2025-10-09,CUST1095,Karan Nair,North,Jaipur,Office Supplies,Stapler,Stapler,3,242.93,0.1,655.91,91.89,UPI,Consumer,3.6
ORD101557,2025-12-06,CUST1117,Ishaan Mehta,West,Surat,Electronics,Monitor,Monitor,6,14560.55,0.1,78626.97,4209.95,Debit Card,Small Business,4.1
ORD101558,2025-06-29,CUST1067,Arjun Singh,West,Ahmedabad,Office Supplies,Calculator,Calculator,5,727.27,0.15,3090.9,402.66,Cash on Delivery,Consumer,5.0
ORD101559,2025-04-23,CUST1380,Priya Mehta,West,Mumbai,Furniture,Meeting Table,Meeting Table,8,16331.8,0.05,124121.68,11270.0,Net Banking,Consumer,4.2
ORD101560,2024-09-15,CUST1313,Vikram Reddy,West,Ahmedabad,Office Supplies,Notebook,Notebook,8,195.06,0.05,1482.46,334.67,Debit Card,Consumer,2.3
ORD101561,2025-10-19,CUST1133,Ishaan Rao,South,Chennai,office supplies,File Folder,File Folder,7,130.63,0.2,731.53,68.6,Net Banking,Consumer,2.9
ORD101562,2025-11-20,CUST1388,Diya Rao,South,Chennai,Office Supplies,Printer Paper,Printer Paper,1,495.75,0.3,347.02,11.91,UPI,Corporate,3.8
ORD101563,2025-12-25,CUST1282,Nisha Patel,North,Chandigarh,Electronics,Printer,Printer,5,12062.37,0.15,51265.07,3969.29,Credit Card,Small Business,3.4
ORD101564,2025-11-28,CUST1191,Karan Menon,West,Ahmedabad,FURNITURE,Meeting Table,Meeting Table,2,19319.51,0.05,36707.07,5304.01,Credit Card,Consumer,4.1
ORD101565,2025-04-14,CUST1153,Vikram Kapoor,East,Patna,Electronics,Smartphone,Smartphone,3,26401.7,0.0,79205.1,20396.59,Net Banking,Small Business,3.8
ORD101566,2025-11-30,CUST1228,Diya Bose,South,Bengaluru,Office Supplies,File Folder,File Folder,2,123.92,0.05,235.45,38.51,UPI,Corporate,4.9
ORD101567,2025-07-25,CUST1035,Arjun Iyer,West,Surat,Electronics,Laptop,Laptop,4,63628.63,0.1,229063.07,9178.91,UPI,Corporate,3.2
ORD101568,2024-06-24,CUST1069,Ishaan Singh,East,Bhubaneswar,Office Supplies,Printer Paper,Printer Paper,1,464.02,0.05,440.82,91.39,Debit Card,Consumer,3.8
ORD101569,2024-01-24,CUST1375,Rohan Mehta,West,Ahmedabad,Office Supplies,Stapler,Stapler,5,230.7,0.2,922.8,85.46,Credit Card,Consumer,4.2
ORD101570,2025-12-17,CUST1083,Arjun Nair,West,Mumbai,Electronics,Smartphone,Smartphone,2,27337.94,0.15,46474.5,2351.74,Net Banking,Corporate,4.3
ORD101571,2024-11-08,CUST1066,Ananya Singh,North,Delhi,Furniture,Office Chair,Office Chair,5,8054.37,,36244.66,1906.09,Credit Card,Corporate,4.1
ORD101572,2025-09-30,CUST1344,Meera Nair,South,Kochi,Office Supplies,Calculator,Calculator,6,631.0,0.05,3596.7,722.02,Net Banking,Consumer,2.2
ORD101573,2024-07-29,CUST1378,Nisha Mehta,East,Patna,Furniture,Meeting Table,Meeting Table,2,18829.27,0.05,35775.61,2151.95,Credit Card,Consumer,4.1
ORD101574,2024-09-20,CUST1328,Meera Singh,West,Surat,Electronics,Printer,Printer,1,12586.95,0.1,11328.26,922.43,Net Banking,Consumer,3.9
ORD101575,2025-08-25,CUST1042,Nisha Iyer,North,Jaipur,Electronics,Printer,Printer,7,12757.08,0.15,75904.63,3605.15,Debit Card,Consumer,4.6
ORD101576,2025-01-19,CUST1336,Pooja Singh,South,Chennai,Furniture,Meeting Table,Meeting Table,6,16701.08,0.0,100206.48,14137.91,UPI,Consumer,4.5
ORD101577,2025-05-10,CUST1107,Rahul Gupta,East,Patna,Office Supplies,Calculator,Calculator,3,702.05,0.2,1684.92,114.29,UPI,Consumer,4.2
ORD101578,2024-08-22,CUST1005,Ishaan Sharma,West,Ahmedabad,Furniture,Meeting Table,Meeting Table,8,18925.07,0.0,151400.56,17074.32,Net Banking,Consumer,4.2
ORD101579,2025-03-25,CUST1369,Aarav Mehta,North,Delhi,Electronics,Printer,Printer,2,10880.53,0.05,20673.01,3137.24,UPI,Small Business,5.0
ORD101580,2024-12-21,CUST1108,Priya Gupta,East,Patna,Furniture,Bookshelf,Bookshelf,8,6816.82,0.3,38174.19,-5343.24,Debit Card,Small Business,4.9
ORD101581,2025-11-11,CUST1264,Meera Sharma,South,Kochi,Furniture,Sofa,Sofa,1,24064.24,0.05,22861.03,2409.96,UPI,Consumer,4.2
ORD101582,2024-12-25,CUST1030,Sneha Patel,North,Jaipur,Electronics,Mouse,Mouse,6,881.4,0.0,5288.4,830.34,Net Banking,Consumer,5.0
ORD101583,2024-03-05,CUST1076,Priya Singh,East,Patna,Office Supplies,Notebook,Notebook,1,166.65,0.1,149.99,20.49,UPI,Consumer,3.5
ORD101584,2025-06-22,CUST1353,Aarav Gupta,South,Kochi,Electronics,Keyboard,Keyboard,2,1702.11,0.05,3234.01,469.31,Credit Card,Consumer,3.1
ORD101585,2025-11-28,CUST1237,Aditya Bose,East,Guwahati,Furniture,Desk,Desk,4,10864.84,0.0,43459.36,5654.38,Credit Card,Small Business,4.0
ORD101586,2025-10-07,CUST1400,Pooja Rao,South,Hyderabad,Office Supplies,Notebook,Notebook,1,165.69,0.0,165.69,37.84,UPI,Consumer,3.7
ORD101587,2024-03-14,CUST1073,Vikram Singh,West,Pune,Furniture,Office Chair,Office Chair,4,8147.98,0.0,32591.92,5005.79,Credit Card,Small Business,2.2
ORD101588,2025-12-30,CUST1357,Ishaan Gupta,North,Lucknow,Office Supplies,Notebook,Notebook,2,194.47,0.1,350.05,74.6,Net Banking,Consumer,3.5
ORD101589,2024-09-10,CUST1350,Sneha Nair,West,Surat,Electronics,Printer,Printer,1,12190.32,0.05,11580.8,1410.58,Debit Card,Small Business,4.3
ORD101590,2025-09-01,CUST1370,Ananya Mehta,North,Lucknow,Electronics,Mouse,Mouse,8,894.05,0.15,6079.54,545.23,Cash on Delivery,Corporate,4.0
ORD101591,2025-04-05,CUST1020,Diya Patel,East,Guwahati,Electronics,Laptop,Laptop,8,67968.93,0.2,435001.15,-21555.74,Net Banking,Corporate,3.4
ORD101592,2025-12-12,CUST1042,Nisha Iyer,South,Chennai,Office Supplies,Stapler,Stapler,8,224.21,0.0,1793.68,496.68,Debit Card,Small Business,4.0
ORD101593,2024-09-06,CUST1212,Diya Das,South,Bengaluru,Office Supplies,Stapler,Stapler,2,204.37,0.05,388.3,72.25,Credit Card,Consumer,4.1
ORD101594,2025-03-20,CUST1047,Karan Iyer,North,Jaipur,Electronics,Headphones,Headphones,4,3321.42,0.0,13285.68,2715.62,Cash on Delivery,Consumer,4.5
ORD101595,2025-05-13,CUST1026,Nisha Patel,East,Patna,Electronics,Keyboard,Keyboard,3,1708.12,0.05,4868.14,552.38,Credit Card,Consumer,3.5
ORD101596,2024-04-22,CUST1325,Ishaan Singh,North,Chandigarh,Electronics,Printer,Printer,3,12383.87,0.05,35294.03,4792.5,Credit Card,Small Business,4.7
ORD101597,2025-07-20,CUST1279,Rohan Patel,East,Guwahati,FURNITURE,Bookshelf,Bookshelf,4,7010.9,0.15,23837.06,-661.55,Net Banking,Small Business,3.2
ORD101598,2024-04-14,CUST1338,Ananya Nair,East,Kolkata,Office Supplies,Stapler,Stapler,5,216.76,0.05,1029.61,208.14,Cash on Delivery,Consumer,3.6
ORD101599,2025-08-28,CUST1375,Rohan Mehta,West,Surat,Office Supplies,Stapler,Stapler,4,224.94,0.1,809.78,170.66,Credit Card,Corporate,5.0
ORD101600,2024-04-02,CUST1058,Nisha Reddy,East,Bhubaneswar,Office Supplies,File Folder,File Folder,3,133.61,0.15,340.71,40.82,UPI,Consumer,3.2
ORD101601,2024-05-11,CUST1333,Aditya Singh,South,Chennai,Electronics,Printer,Printer,8,11629.47,0.15,79080.4,8323.81,Debit Card,Consumer,3.5
ORD101602,2024-12-27,CUST1018,Ananya Patel,East,Patna,Office Supplies,File Folder,File Folder,8,121.73,0.05,925.15,183.04,Debit Card,Corporate,3.1
ORD101603,2024-05-13,CUST1149,Ishaan Kapoor,West,Mumbai,Furniture,Sofa,Sofa,3,24136.35,0.05,68788.6,7896.53,Credit Card,Consumer,3.4
ORD101604,2024-02-26,CUST1120,Meera Mehta,South,Chennai,Electronics,Keyboard,Keyboard,2,1903.79,0.3,2665.31,-308.22,Debit Card,Consumer,4.1
ORD101605,2024-02-08,CUST1095,Karan Nair,North,Delhi,Office Supplies,Calculator,Calculator,5,689.43,0.05,3274.79,656.06,Credit Card,Corporate,4.5
ORD101606,2024-07-28,CUST1288,Pooja Patel,West,Pune,Electronics,Mouse,Mouse,3,954.36,0.15,2433.62,95.15,UPI,Consumer,
ORD101607,2024-12-24,CUST1049,Aarav Reddy,North,Delhi,Office Supplies,Calculator,Calculator,8,613.82,0.15,4173.98,671.77,Debit Card,Consumer,3.8
ORD101608,2024-02-02,CUST1324,Diya Singh,East,Patna,Office Supplies,Stapler,Stapler,4,219.74,0.1,791.06,134.19,Credit Card,Consumer,3.1
ORD101609,2024-04-10,CUST1350,Sneha Nair,North,Chandigarh,Office Supplies,Stapler,Stapler,1,237.26,0.05,225.4,35.0,Net Banking,Consumer,3.5
ORD101610,2025-03-23,CUST1267,Rahul Sharma,North,Jaipur,Furniture,Bookshelf,Bookshelf,2,6887.56,0.0,13775.12,1201.83,UPI,Corporate,2.8
ORD101611,2024-08-20,CUST1033,Aarav Iyer,West,Mumbai,Electronics,Monitor,Monitor,1,15631.51,0.1,14068.36,980.33,Net Banking,Small Business,4.6
ORD101612,2025-07-07,CUST1239,Karan Bose,North,Jaipur,Office Supplies,Calculator,Calculator,4,637.16,0.1,2293.78,432.04,UPI,Consumer,4.6
ORD101613,2025-09-06,CUST1252,Priya Kumar,East,Kolkata,Office Supplies,Printer Paper,Printer Paper,3,454.27,0.15,1158.39,165.22,Cash on Delivery,Small Business,4.0
ORD101614,2024-01-23,CUST1150,Kavya Kapoor,East,Patna,Furniture,Sofa,Sofa,7,24105.5,0.15,143427.72,-2152.85,Net Banking,Corporate,4.3
ORD101615,2025-11-24,CUST1147,Arjun Kapoor,North,Jaipur,Office Supplies,Calculator,Calculator,8,647.01,0.2,4140.86,274.49,UPI,Small Business,4.7
ORD101616,2025-05-14,CUST1188,Priya Menon,North,Jaipur,Electronics,Mouse,Mouse,2,977.44,0.3,1368.42,-78.12,Cash on Delivery,Corporate,4.1
ORD101617,2025-08-23,CUST1399,Karan Rao,West,Mumbai,Furniture,Desk,Desk,8,11209.93,0.15,76227.52,-2724.23,Credit Card,Consumer,5.0
ORD101618,2024-12-15,CUST1002,Ananya Sharma,East,Kolkata,Office Supplies,Notebook,Notebook,5,184.48,0.0,922.4,241.15,Credit Card,Corporate,3.2
ORD101619,2024-01-01,CUST1204,Priya Verma,North,Delhi,Electronics,Monitor,Monitor,3,14505.29,0.1,39164.28,4085.34,Cash on Delivery,Consumer,3.7
ORD101620,2025-10-09,CUST1127,Karan Mehta,West,Mumbai,Furniture,Sofa,Sofa,4,26094.45,0.1,93940.02,2643.03,Cash on Delivery,Consumer,3.6
ORD101621,2025-02-19,CUST1220,Priya Das,South,Hyderabad,Office Supplies,Calculator,Calculator,4,672.12,0.1,2419.63,423.3,Debit Card,Consumer,4.5
ORD101622,2024-01-28,CUST1002,Ananya Sharma,North,Lucknow,Office Supplies,Stapler,Stapler,2,244.46,0.05,464.47,97.56,Cash on Delivery,Consumer,2.9
ORD101623,2024-05-01,CUST1368,Pooja Gupta,West,Surat,Office Supplies,Calculator,Calculator,7,709.72,0.1,4471.24,793.36,UPI,Consumer,5.0
ORD101624,2024-05-30,CUST1183,Rohan Menon,North,Jaipur,Furniture,Office Chair,Office Chair,1,8302.14,0.05,7887.03,348.19,UPI,Small Business,4.4
ORD101625,2024-10-01,CUST1388,Diya Rao,East,Patna,Office Supplies,Stapler,Stapler,1,239.62,0.05,227.64,50.73,UPI,Consumer,5.0
ORD101626,2024-11-19,CUST1062,Sneha Reddy,West,Ahmedabad,Electronics,Keyboard,Keyboard,3,1999.56,0.2,4798.94,171.15,UPI,Consumer,4.0
ORD101627,2024-11-08,CUST1234,Nisha Bose,East,Kolkata,Furniture,Bookshelf,Bookshelf,2,6696.08,0.1,12052.94,518.56,Debit Card,Small Business,3.6
ORD101628,2025-09-26,CUST1272,Pooja Sharma,East,Kolkata,Furniture,Sofa,Sofa,1,24821.9,0.1,22339.71,1117.66,UPI,Consumer,4.5
ORD101629,2025-11-20,CUST1319,Karan Reddy,South,Hyderabad,Office Supplies,File Folder,File Folder,4,115.44,0.1,415.58,67.43,Credit Card,Consumer,4.8
ORD101630,2025-05-11,CUST1004,Diya Sharma,North,Jaipur,Office Supplies,Stapler,Stapler,4,229.44,0.1,825.98,154.69,UPI,Small Business,3.5
ORD101631,2025-04-08,CUST1254,Sneha Kumar,East,Kolkata,Office Supplies,Stapler,Stapler,2,202.53,0.05,384.81,80.48,Credit Card,Small Business,2.5
ORD101632,2025-09-23,CUST1060,Priya Reddy,West,Surat,Office Supplies,Calculator,Calculator,7,689.99,0.1,4346.94,592.49,Debit Card,Corporate,2.6
ORD101633,2024-07-14,CUST1171,Rahul Joshi,North,Chandigarh,Furniture,Desk,Desk,8,11908.32,0.05,90503.23,8869.81,UPI,Consumer,4.2
ORD101634,2025-02-12,CUST1022,Kavya Patel,West,Ahmedabad,Furniture,Desk,Desk,6,12350.49,0.15,62987.5,-3045.68,Debit Card,Consumer,5.0
ORD101635,2025-04-14,CUST1023,Rohan Patel,South,Kochi,Furniture,Bookshelf,Bookshelf,5,6339.83,0.0,31699.15,4027.99,Net Banking,Small Business,3.0
ORD101636,2024-07-27,CUST1307,Arjun Reddy,East,Patna,Electronics,Smartphone,Smartphone,8,29483.92,0.3,165109.95,-13969.22,Credit Card,Small Business,3.8
ORD101637,2025-11-26,CUST1288,Pooja Patel,North,Lucknow,Furniture,Desk,Desk,3,12109.42,0.15,30879.02,-577.53,Net Banking,Consumer,3.7
ORD101638,2024-06-21,CUST1359,Rohan Gupta,East,Bhubaneswar,Office Supplies,File Folder,File Folder,4,124.51,0.1,448.24,75.89,Cash on Delivery,Small Business,5.0
ORD101639,2024-02-13,CUST1281,Vikram Patel,North,Lucknow,Office Supplies,Pen Set,Pen Set,1,242.36,0.05,230.24,43.69,UPI,Corporate,5.0
ORD101640,2024-08-24,CUST1239,Karan Bose,South,Hyderabad,Office Supplies,File Folder,File Folder,6,111.85,0.05,637.54,140.45,Debit Card,Consumer,4.3
ORD101641,2025-08-19,CUST1047,Karan Iyer,East,Guwahati,Furniture,Bookshelf,Bookshelf,1,6970.56,0.15,5924.98,-36.02,UPI,Consumer,4.7
ORD101642,2024-09-30,CUST1307,Arjun Reddy,North,Lucknow,Furniture,Sofa,Sofa,6,26584.21,0.15,135579.47,-3109.16,Credit Card,Consumer,4.7
ORD101643,2024-06-07,CUST1093,Aditya Nair,South,Chennai,Electronics,Monitor,Monitor,7,13301.61,0.15,79144.58,6802.83,Debit Card,Small Business,3.0
ORD101644,2025-09-29,CUST1043,Rahul Iyer,East,Bhubaneswar,Furniture,Meeting Table,Meeting Table,2,18876.32,0.2,30202.11,-1355.48,Debit Card,Consumer,4.5
ORD101645,2024-04-21,CUST1293,Ishaan Iyer,North,Delhi,Furniture,Bookshelf,Bookshelf,5,6376.76,0.1,28695.42,1456.87,Net Banking,Corporate,3.2
ORD101646,2024-04-26,CUST1236,Priya Bose,South,Bengaluru,Electronics,Mouse,Mouse,3,952.18,0.15,2428.06,213.46,Debit Card,Consumer,3.9
ORD101647,2025-10-19,CUST1060,Priya Reddy,South,Bengaluru,Electronics,Laptop,Laptop,4,61909.65,0.1,222874.74,28974.71,Net Banking,Corporate,4.9
ORD101648,2024-08-22,CUST1220,Priya Das,East,Patna,Office Supplies,Pen Set,Pen Set,5,249.83,0.1,1124.24,201.79,Credit Card,Consumer,4.1
ORD101649,2024-01-02,CUST1277,Ishaan Patel,West,Surat,Furniture,Bookshelf,Bookshelf,2,6866.34,0.1,12359.41,339.06,UPI,Small Business,4.8
ORD101650,2024-11-12,CUST1200,Meera Verma,West,Pune,FURNITURE,Desk,Desk,7,11097.9,0.15,66032.5,-2855.42,UPI,Consumer,5.0
ORD101651,2025-06-25,CUST1288,Pooja Patel,North,Jaipur,Electronics,Headphones,Headphones,4,3416.1,0.0,13664.4,2530.2,Credit Card,Corporate,2.7
ORD101652,2025-07-07,CUST1202,Nisha Verma,North,Chandigarh,Furniture,Office Chair,Office Chair,4,8304.73,0.05,31557.97,3309.31,Debit Card,Corporate,2.4
ORD101653,2024-03-04,CUST1142,Sneha Rao,North,Lucknow,Furniture,Bookshelf,Bookshelf,7,7104.04,0.05,47241.87,4079.71,UPI,Consumer,4.9
ORD101654,2024-07-24,CUST1090,Nisha Nair,East,Patna,Furniture,Sofa,Sofa,2,26734.02,0.2,42774.43,-5822.22,Credit Card,Small Business,4.9
ORD101655,2025-03-27,CUST1104,Meera Gupta,North,Delhi,Furniture,Sofa,Sofa,4,24081.69,0.1,86694.08,4920.02,UPI,Consumer,4.2
ORD101656,2025-04-27,CUST1324,Diya Singh,North,Delhi,Electronics,Smartphone,Smartphone,8,30832.87,0.05,234329.81,37677.3,Credit Card,Small Business,4.3
ORD101657,2025-03-29,CUST1150,Kavya Kapoor,West,Ahmedabad,Office Supplies,File Folder,File Folder,4,120.19,0.1,432.68,68.13,Credit Card,Consumer,4.7
ORD101658,2024-09-04,CUST1287,Karan Patel,West,Pune,Electronics,Headphones,Headphones,1,3232.81,0.1,2909.53,348.3,UPI,Corporate,4.7
ORD101659,2025-09-22,CUST1144,Pooja Rao,West,Mumbai,Furniture,Bookshelf,Bookshelf,3,6654.44,0.2,15970.66,-547.81,UPI,Small Business,3.8
ORD101660,2024-02-27,CUST1211,Arjun Das,South,Chennai,Electronics,Mouse,Mouse,8,890.69,0.3,4987.86,-459.57,UPI,Small Business,4.7
ORD101661,2025-08-24,CUST1243,Arjun Kumar,East,Bhubaneswar,Furniture,Desk,Desk,7,11658.97,0.2,65290.23,-1189.42,Credit Card,Consumer,3.7
ORD101662,2025-11-18,CUST1192,Pooja Menon,East,Bhubaneswar,Electronics,Keyboard,Keyboard,7,1962.87,0.2,10992.07,-238.38,Cash on Delivery,Consumer,4.2
ORD101663,2025-05-15,CUST1298,Nisha Iyer,North,Chandigarh,Office Supplies,Printer Paper,Printer Paper,3,472.19,0.05,1345.74,277.32,UPI,Small Business,4.2
ORD101664,2024-11-09,CUST1370,Ananya Mehta,East,Kolkata,Furniture,Desk,Desk,7,12326.73,0.05,81972.75,6031.14,Credit Card,Consumer,3.4
ORD101665,2024-10-05,CUST1345,Vikram Nair,East,Guwahati,Office Supplies,Calculator,Calculator,4,655.25,0.1,2358.9,340.54,Credit Card,Small Business,3.4
ORD101666,2024-11-14,CUST1369,Aarav Mehta,South,Hyderabad,Electronics,Monitor,Monitor,7,13823.59,0.15,82250.36,4942.82,Debit Card,Consumer,5.0
ORD101667,2024-05-01,CUST1012,Priya Sharma,West,Pune,Electronics,Monitor,Monitor,8,14485.55,0.05,110090.18,18743.87,UPI,Consumer,3.3
ORD101668,2024-06-11,CUST1304,Pooja Iyer,East,Kolkata,Furniture,Sofa,Sofa,2,22257.93,0.15,37838.48,896.53,UPI,Corporate,4.3
ORD101669,2025-04-09,CUST1291,Arjun Iyer,East,Guwahati,Furniture,Sofa,Sofa,8,22458.18,0.05,170682.17,16315.78,Cash on Delivery,Consumer,4.4
ORD101670,2025-02-06,CUST1165,Ishaan Joshi,East,Guwahati,Furniture,Bookshelf,Bookshelf,6,6766.8,0.05,38570.76,1353.91,Cash on Delivery,Consumer,4.0
ORD101671,2024-12-29,CUST1126,Sneha Mehta,West,Pune,Office Supplies,Pen Set,Pen Set,6,234.42,0.05,1336.19,232.63,Credit Card,Consumer,4.5
ORD101672,2024-12-13,CUST1022,Kavya Patel,East,Bhubaneswar,Office Supplies,Notebook,Notebook,7,188.81,0.2,1057.34,88.98,Credit Card,Small Business,4.2
ORD101673,2024-02-26,CUST1336,Pooja Singh,South,Hyderabad,Office Supplies,Printer Paper,Printer Paper,2,407.45,0.15,692.66,84.26,UPI,Corporate,3.3
ORD101674,2025-09-26,CUST1337,Aarav Nair,West,Pune,Electronics,Printer,Printer,6,11222.87,0.1,60603.5,5002.7,UPI,Small Business,4.4
ORD101675,2025-11-29,CUST1031,Karan Patel,East,Bhubaneswar,Office Supplies,Printer Paper,Printer Paper,2,494.36,0.15,840.41,142.98,UPI,Consumer,3.6
ORD101676,2024-06-28,CUST1233,Vikram Bose,West,Pune,Furniture,Bookshelf,Bookshelf,3,7836.22,0.15,19982.36,-96.98,Debit Card,Consumer,5.0
ORD101677,2024-08-17,CUST1221,Aditya Das,North,Jaipur,Office Supplies,Printer Paper,Printer Paper,1,453.27,0.05,430.61,95.19,UPI,Consumer,4.3
ORD101678,2025-04-05,CUST1069,Ishaan Singh,South,Hyderabad,Office Supplies,File Folder,File Folder,2,121.08,0.15,205.84,30.3,UPI,Consumer,3.5
ORD101679,2024-01-02,CUST1220,Priya Das,West,Pune,Office Supplies,Notebook,Notebook,8,192.63,0.05,1463.99,305.79,UPI,Consumer,4.3
ORD101680,2024-03-15,CUST1325,Ishaan Singh,East,Bhubaneswar,Office Supplies,Pen Set,Pen Set,3,226.99,0.1,612.87,140.82,UPI,Consumer,3.3
ORD101681,2025-10-21,CUST1131,Arjun Rao,West,Ahmedabad,Office Supplies,Pen Set,Pen Set,4,248.49,0.0,993.96,225.12,Credit Card,Consumer,4.2
ORD101682,2024-05-06,CUST1291,Arjun Iyer,North,Jaipur,Electronics,Monitor,Monitor,4,12907.47,0.1,46466.89,3710.3,Credit Card,Corporate,3.8
ORD101683,2025-02-25,CUST1389,Ishaan Rao,North,Delhi,Office Supplies,Printer Paper,Printer Paper,6,444.69,0.1,2401.33,339.62,Credit Card,Consumer,3.4
ORD101684,2025-10-06,CUST1182,Kavya Menon,West,Surat,Furniture,Desk,Desk,5,13397.29,0.0,66986.45,10655.3,Credit Card,Consumer,3.4
ORD101685,2025-06-19,CUST1043,Rahul Iyer,South,Chennai,Office Supplies,Stapler,Stapler,5,234.48,0.1,1055.16,195.26,Credit Card,Consumer,5.0
ORD101686,2024-07-17,CUST1119,Rohan Mehta,East,Guwahati,Office Supplies,Pen Set,Pen Set,7,279.18,0.15,1661.12,180.89,Net Banking,Consumer,4.1
ORD101687,2024-04-21,CUST1055,Rohan Reddy,South,Bengaluru,Electronics,Keyboard,Keyboard,4,1915.44,0.1,6895.58,506.16,UPI,Corporate,3.7
ORD101688,2025-06-08,CUST1142,Sneha Rao,South,Chennai,Electronics,Headphones,Headphones,7,3618.24,0.0,25327.68,5435.88,UPI,Small Business,3.5
ORD101689,2024-10-22,CUST1258,Ananya Sharma,West,Mumbai,Electronics,Smartphone,Smartphone,8,29846.0,0.0,238768.0,45137.23,Net Banking,Small Business,4.4
ORD101690,2025-12-08,CUST1082,Ananya Nair,North,Lucknow,FURNITURE,Bookshelf,Bookshelf,6,7315.0,0.05,41695.5,4701.6,Debit Card,Consumer,3.5
ORD101691,2025-04-16,CUST1206,Sneha Verma,West,Pune,Electronics,Laptop,Laptop,1,65136.14,0.2,52108.91,442.73,Credit Card,Consumer,3.2
ORD101692,2024-01-09,CUST1400,Pooja Rao,West,Pune,Office Supplies,Printer Paper,Printer Paper,3,433.96,0.2,1041.5,96.64,UPI,Small Business,4.0
ORD101693,2024-07-02,CUST1106,Nisha Gupta,East,Guwahati,Furniture,Sofa,Sofa,5,24346.54,0.05,115646.06,9830.57,UPI,Small Business,4.0
ORD101694,2025-06-28,CUST1352,Pooja Nair,South,Chennai,Office Supplies,Printer Paper,Printer Paper,4,430.59,0.15,1464.01,156.5,UPI,Consumer,3.7
ORD101695,2025-05-27,CUST1122,Nisha Mehta,North,Chandigarh,Electronics,Printer,Printer,3,12084.83,0.1,32629.04,2982.18,Net Banking,Consumer,3.3
ORD101696,2025-06-26,CUST1246,Kavya Kumar,East,Bhubaneswar,Furniture,Desk,Desk,3,11185.8,0.3,23490.18,-3866.66,Credit Card,Corporate,3.7
ORD101697,2024-06-19,CUST1063,Karan Reddy,South,Hyderabad,Electronics,Keyboard,Keyboard,1,1843.9,0.0,1843.9,354.68,UPI,Small Business,3.6
ORD101698,2024-07-01,CUST1108,Priya Gupta,North,Delhi,Office Supplies,Notebook,Notebook,2,171.71,0.1,309.08,56.88,UPI,Consumer,3.5
ORD101699,2024-06-01,CUST1348,Priya Nair,South,Kochi,Electronics,Printer,Printer,7,11575.13,0.1,72923.32,8732.86,UPI,Consumer,4.2
ORD101700,2025-05-23,CUST1236,Priya Bose,West,Mumbai,Electronics,Mouse,Mouse,1,908.81,0.05,863.37,133.1,UPI,Small Business,5.0
ORD101701,2024-01-09,CUST1228,Diya Bose,South,Hyderabad,Electronics,Keyboard,Keyboard,7,1684.36,0.0,11790.52,2084.5,Credit Card,Corporate,5.0
ORD101702,2025-08-18,CUST1205,Aditya Verma,North,Chandigarh,Office Supplies,Printer Paper,Printer Paper,3,500.28,0.0,1500.84,433.44,Credit Card,Consumer,5.0
ORD101703,2024-07-25,CUST1098,Ananya Gupta,East,Bhubaneswar,Electronics,Mouse,Mouse,7,898.49,0.1,5660.49,664.02,Net Banking,Consumer,3.6
ORD101704,2024-12-22,CUST1372,Diya Mehta,North,Delhi,Office Supplies,Printer Paper,Printer Paper,3,439.88,0.15,1121.69,176.35,Debit Card,Corporate,5.0
ORD101705,2024-06-29,CUST1158,Sneha Kapoor,West,Pune,Office Supplies,Notebook,Notebook,7,163.16,0.15,970.8,154.15,Cash on Delivery,Corporate,4.2
ORD101706,2024-11-06,CUST1005,Ishaan Sharma,West,Surat,Office Supplies,Notebook,Notebook,5,195.39,0.05,928.1,189.67,Net Banking,Corporate,4.7
ORD101707,2025-07-12,CUST1363,Rahul Gupta,West,Surat,Electronics,Printer,Printer,7,12452.2,0.2,69732.32,1373.52,Cash on Delivery,Consumer,4.3
ORD101708,2024-05-25,CUST1019,Arjun Patel,West,Surat,Electronics,Smartphone,Smartphone,1,27765.06,0.05,26376.81,4137.57,Cash on Delivery,Consumer,3.7
ORD101709,2025-02-20,CUST1355,Arjun Gupta,North,Delhi,Furniture,Bookshelf,Bookshelf,7,6678.12,0.3,32722.79,-5357.65,UPI,Corporate,4.5
ORD101710,2024-02-11,CUST1107,Rahul Gupta,North,Chandigarh,Electronics,Laptop,Laptop,3,69155.47,,207466.41,31498.73,UPI,Consumer,4.4
ORD101711,2024-05-09,CUST1028,Priya Patel,South,Chennai,Office Supplies,Stapler,Stapler,3,243.76,0.2,585.02,27.8,UPI,Consumer,2.7
ORD101712,2025-05-15,CUST1089,Vikram Nair,South,Hyderabad,Furniture,Meeting Table,Meeting Table,1,17708.01,0.2,14166.41,-746.61,Debit Card,Consumer,3.9
ORD101713,2025-02-19,CUST1262,Kavya Sharma,West,Pune,Furniture,Meeting Table,Meeting Table,8,16734.11,0.15,113791.95,-1801.66,Debit Card,Consumer,
ORD101714,2025-03-22,CUST1219,Rahul Das,East,Guwahati,Electronics,Keyboard,Keyboard,6,1663.24,0.15,8482.52,140.88,UPI,Corporate,4.2
ORD101715,2024-06-13,CUST1062,Sneha Reddy,East,Guwahati,Furniture,Sofa,Sofa,8,21633.59,0.05,164415.28,13356.1,Net Banking,Consumer,4.4
ORD101716,2024-05-30,CUST1121,Vikram Mehta,West,Surat,Electronics,Headphones,Headphones,5,3722.85,0.15,15822.11,792.84,Net Banking,Corporate,3.4
ORD101717,2024-11-07,CUST1085,Ishaan Nair,East,Bhubaneswar,Office Supplies,File Folder,File Folder,2,133.91,0.1,241.04,46.9,Debit Card,Corporate,4.2
ORD101718,2024-04-04,CUST1262,Kavya Sharma,South,Bengaluru,Electronics,Headphones,Headphones,3,3914.47,0.1,10569.07,1535.94,Credit Card,Consumer,3.9
ORD101719,2025-10-11,CUST1346,Nisha Nair,South,Hyderabad,Office Supplies,Printer Paper,Printer Paper,4,482.64,0.3,1351.39,8.66,UPI,Small Business,3.8
ORD101720,2024-07-14,CUST1103,Rohan Gupta,East,Kolkata,Office Supplies,Pen Set,Pen Set,2,233.92,0.05,444.45,84.48,Credit Card,Consumer,3.5
ORD101721,2025-06-09,CUST1359,Rohan Gupta,North,Delhi,Electronics,Headphones,Headphones,8,3902.84,0.1,28100.45,3123.87,UPI,Small Business,4.7
ORD101722,2024-04-24,CUST1164,Diya Joshi,East,Guwahati,Electronics,Keyboard,Keyboard,8,1749.81,0.2,11198.78,114.59,Debit Card,Consumer,4.3
ORD101723,2025-04-20,CUST1034,Ananya Iyer,East,Patna,Electronics,Headphones,Headphones,5,3406.89,0.05,16182.73,2127.98,UPI,Small Business,4.2
ORD101724,2024-05-29,CUST1129,Aarav Rao,East,Guwahati,Electronics,Laptop,Laptop,5,68328.92,0.0,341644.6,54136.99,UPI,Consumer,5.0
ORD101725,2024-07-24,CUST1350,Sneha Nair,East,Patna,Electronics,Monitor,Monitor,6,12751.07,0.05,72681.1,9150.15,Credit Card,Corporate,4.4
ORD101726,2024-10-28,CUST1324,Diya Singh,West,Mumbai,Office Supplies,Stapler,Stapler,6,237.97,0.15,1213.65,143.28,Credit Card,Consumer,4.9
ORD101727,2024-04-01,CUST1292,Diya Iyer,West,Pune,Office Supplies,Calculator,Calculator,1,727.61,0.2,582.09,58.27,Credit Card,Consumer,4.2
ORD101728,2024-04-01,CUST1160,Pooja Kapoor,East,Guwahati,Electronics,Mouse,Mouse,5,963.46,0.0,4817.3,928.66,Cash on Delivery,Consumer,3.7
ORD101729,2025-07-04,CUST1311,Rohan Reddy,South,Bengaluru,FURNITURE,Meeting Table,Meeting Table,7,19295.44,0.1,121561.27,9802.63,UPI,Consumer,3.2
ORD101730,2024-09-09,CUST1285,Aditya Patel,North,Delhi,Electronics,Keyboard,Keyboard,7,1774.56,0.1,11179.73,1250.55,Cash on Delivery,Consumer,4.2
ORD101731,2025-02-19,CUST1317,Aditya Reddy,West,Mumbai,Office Supplies,Stapler,Stapler,5,201.19,0.15,855.06,113.81,UPI,Consumer,2.0
ORD101732,2025-04-17,CUST1224,Pooja Das,West,Surat,Electronics,Monitor,Monitor,8,15041.42,0.15,102281.66,4586.74,UPI,Corporate,4.2
ORD101733,2025-03-31,CUST1203,Rahul Verma,East,Guwahati,Office Supplies,File Folder,File Folder,5,123.76,0.3,433.16,-13.4,Cash on Delivery,Consumer,4.2
ORD101734,2025-04-03,CUST1387,Arjun Rao,West,Pune,Office Supplies,Calculator,Calculator,4,715.04,0.05,2717.15,525.1,Debit Card,Consumer,3.8
ORD101735,2025-12-13,CUST1379,Rahul Mehta,West,Pune,Electronics,Headphones,Headphones,4,3239.29,0.05,12309.3,1477.17,Debit Card,Small Business,3.9
ORD101736,2025-04-06,CUST1215,Rohan Das,West,Mumbai,Electronics,Mouse,Mouse,6,870.41,0.1,4700.21,145.6,Debit Card,Corporate,3.1
ORD101737,2024-09-11,CUST1081,Aarav Nair,East,Patna,Furniture,Office Chair,Office Chair,8,8324.43,0.1,59935.9,586.43,Credit Card,Consumer,5.0
ORD101738,2024-07-27,CUST1164,Diya Joshi,North,Delhi,Office Supplies,Notebook,Notebook,2,189.06,0.1,340.31,69.78,Net Banking,Consumer,3.7
ORD101739,2025-08-08,CUST1202,Nisha Verma,North,Lucknow,Furniture,Desk,Desk,3,12879.65,0.0,38638.95,4992.73,UPI,Consumer,3.3
ORD101740,2024-11-04,CUST1271,Karan Sharma,North,Delhi,Office Supplies,Pen Set,Pen Set,6,277.86,0.0,1667.16,401.1,Net Banking,Corporate,4.4
ORD101741,2025-02-12,CUST1128,Pooja Mehta,South,Bengaluru,Office Supplies,Stapler,Stapler,7,212.3,0.2,1188.88,106.95,Cash on Delivery,Small Business,4.1
ORD101742,2025-08-18,CUST1019,Arjun Patel,East,Bhubaneswar,Office Supplies,Stapler,Stapler,4,221.89,0.0,887.56,178.55,Net Banking,Corporate,3.7
ORD101743,2024-06-20,CUST1329,Vikram Singh,South,Kochi,Furniture,Bookshelf,Bookshelf,6,6344.6,0.1,34260.84,1440.75,Debit Card,Small Business,3.7
ORD101744,2024-06-11,CUST1380,Priya Mehta,North,Delhi,Furniture,Desk,Desk,1,11467.89,0.15,9747.71,238.21,Debit Card,Corporate,4.0
ORD101745,2024-02-08,CUST1034,Ananya Iyer,North,Jaipur,Office Supplies,Stapler,Stapler,3,216.1,0.0,648.3,160.11,Credit Card,Small Business,5.0
ORD101746,2024-02-22,CUST1128,Pooja Mehta,West,Pune,Electronics,Laptop,Laptop,8,66991.43,0.05,509134.87,47451.5,Credit Card,Corporate,4.4
ORD101747,2025-03-26,CUST1174,Sneha Joshi,West,Pune,Office Supplies,File Folder,File Folder,5,120.43,0.05,572.04,112.78,Net Banking,Corporate,4.0
ORD101748,2025-01-03,CUST1305,Aarav Reddy,South,Chennai,Electronics,Smartphone,Smartphone,7,27445.17,0.1,172904.57,21955.69,Debit Card,Corporate,4.6
ORD101749,2024-08-05,CUST1310,Kavya Reddy,West,Surat,Electronics,Laptop,Laptop,2,67424.31,0.05,128106.19,18442.9,Credit Card,Corporate,4.0
ORD101750,2024-06-03,CUST1138,Nisha Rao,East,Bhubaneswar,Office Supplies,Notebook,Notebook,3,194.81,0.1,525.99,68.14,Net Banking,Consumer,4.3
ORD101751,2025-05-23,CUST1125,Aditya Mehta,West,Pune,Electronics,Laptop,Laptop,8,61956.04,0.05,470865.9,92614.96,UPI,Consumer,4.1
ORD101752,2024-03-03,CUST1163,Arjun Joshi,West,Pune,Electronics,Headphones,Headphones,8,3414.01,0.0,27312.08,4060.07,Net Banking,Consumer,4.4
ORD101753,2025-05-27,CUST1097,Aarav Gupta,East,Patna,Electronics,Headphones,Headphones,8,7399.89,0.0,59199.12,10296.32,Net Banking,Consumer,3.7
ORD101754,2025-10-23,CUST1175,Karan Joshi,South,Bengaluru,Furniture,Sofa,Sofa,3,25707.53,0.05,73266.46,3778.01,UPI,Small Business,3.1
ORD101755,2024-11-28,CUST1106,Nisha Gupta,East,Bhubaneswar,Office Supplies,File Folder,File Folder,7,129.79,0.05,863.1,156.74,UPI,Corporate,4.7
ORD101756,2024-12-27,CUST1025,Vikram Patel,South,Bengaluru,Electronics,Smartphone,Smartphone,4,26489.48,0.2,84766.34,-110.52,Debit Card,Consumer,5.0
ORD101757,2025-01-27,CUST1286,Sneha Patel,South,Bengaluru,Electronics,Laptop,Laptop,7,66211.52,0.0,463480.64,90797.6,UPI,Consumer,3.2
ORD101758,2024-03-10,CUST1315,Rahul Reddy,East,Kolkata,Furniture,Sofa,Sofa,7,26352.06,0.1,166017.98,11166.91,Cash on Delivery,Consumer,4.1
ORD101759,2025-04-03,CUST1115,Arjun Mehta,East,Guwahati,Office Supplies,Printer Paper,Printer Paper,4,443.8,0.1,1597.68,248.19,UPI,Small Business,3.7
ORD101760,2024-09-23,CUST1161,Aarav Joshi,East,Kolkata,Electronics,Smartphone,Smartphone,3,27848.08,0.15,71012.6,1934.84,UPI,Small Business,4.7
ORD101761,2024-12-08,CUST1162,Ananya Joshi,South,Chennai,Office Supplies,Pen Set,Pen Set,8,279.17,0.1,2010.02,355.71,UPI,Consumer,4.2
ORD101762,2024-01-17,CUST1009,Vikram Sharma,South,Chennai,Office Supplies,Pen Set,Pen Set,4,231.22,0.0,924.88,242.97,Net Banking,Consumer,5.0
ORD101763,2025-10-03,CUST1219,Rahul Das,North,Jaipur,Electronics,Smartphone,Smartphone,4,29546.51,0.1,106367.44,10744.11,Credit Card,Small Business,3.8
ORD101764,2024-08-31,CUST1184,Meera Menon,East,Patna,Office Supplies,Pen Set,Pen Set,6,271.76,0.05,1549.03,332.1,Net Banking,Corporate,5.0
ORD101765,2024-02-25,CUST1377,Vikram Mehta,East,Guwahati,Office Supplies,File Folder,File Folder,8,111.98,0.15,761.46,91.14,Cash on Delivery,Small Business,5.0
ORD101766,2025-07-25,CUST1149,Ishaan Kapoor,West,Surat,Furniture,Sofa,Sofa,2,25372.31,0.05,48207.39,3854.36,Debit Card,Consumer,4.4
ORD101767,2025-12-17,CUST1318,Sneha Reddy,East,Bhubaneswar,Furniture,Sofa,Sofa,8,24080.22,0.15,163745.5,-1971.71,UPI,Consumer,4.0
ORD101768,2025-01-15,CUST1157,Aditya Kapoor,South,Kochi,Office Supplies,Printer Paper,Printer Paper,4,489.44,0.1,1761.98,337.87,UPI,Corporate,4.1
ORD101769,2024-01-25,CUST1075,Rahul Singh,North,Delhi,Office Supplies,File Folder,File Folder,1,131.96,0.15,112.17,19.99,Net Banking,Consumer,4.0
ORD101770,2025-12-25,CUST1140,Priya Rao,North,Chandigarh,Office Supplies,File Folder,File Folder,3,131.03,0.0,393.09,100.04,UPI,Small Business,4.8
ORD101771,2024-06-01,CUST1354,Ananya Gupta,South,Kochi,office supplies,File Folder,File Folder,4,109.7,0.15,372.98,45.63,Net Banking,Corporate,3.3
ORD101772,2024-06-24,CUST1103,Rohan Gupta,South,Hyderabad,Furniture,Office Chair,Office Chair,6,9065.32,0.15,46233.13,-51.02,Net Banking,Consumer,3.9
ORD101773,2025-06-01,CUST1338,Ananya Nair,South,Kochi,Office Supplies,File Folder,File Folder,5,364.01,0.1,1638.04,243.33,Debit Card,Consumer,3.8
ORD101774,2024-08-30,CUST1267,Rahul Sharma,South,Bengaluru,Office Supplies,Pen Set,Pen Set,2,259.17,0.05,492.42,111.6,Debit Card,Corporate,2.7
ORD101775,2024-03-03,CUST1299,Rahul Iyer,West,Mumbai,Electronics,Headphones,Headphones,4,3612.67,0.0,14450.68,2760.5,Cash on Delivery,Small Business,4.6
ORD101776,2025-05-14,CUST1302,Sneha Iyer,North,Lucknow,Electronics,Smartphone,Smartphone,2,25477.23,0.05,48406.74,6147.09,Net Banking,Consumer,4.8
ORD101777,2024-07-10,CUST1207,Karan Verma,South,Chennai,Furniture,Sofa,Sofa,3,26119.85,0.15,66605.62,1002.53,Debit Card,Corporate,3.5
ORD101778,2025-09-21,CUST1241,Aarav Kumar,North,Lucknow,Office Supplies,Printer Paper,Printer Paper,6,409.59,0.1,2211.79,365.99,Credit Card,Consumer,4.8
ORD101779,2024-04-22,CUST1028,Priya Patel,South,Hyderabad,Electronics,Printer,Printer,7,11627.67,0.15,69184.64,1954.37,Credit Card,Small Business,2.8
ORD101780,2025-10-24,CUST1280,Meera Patel,East,Patna,Office Supplies,Notebook,Notebook,2,198.66,0.15,337.72,44.34,Credit Card,Corporate,4.0
ORD101781,2025-06-12,CUST1285,Aditya Patel,North,Jaipur,Electronics,Laptop,Laptop,5,72081.36,0.15,306345.78,17898.19,Cash on Delivery,Consumer,3.9
ORD101782,2024-06-24,CUST1042,Nisha Iyer,South,Kochi,Furniture,Meeting Table,Meeting Table,4,20127.93,0.15,68434.96,1129.89,Debit Card,Corporate,4.1
ORD101783,2025-02-27,CUST1208,Pooja Verma,North,Delhi,Office Supplies,Printer Paper,Printer Paper,3,452.16,0.1,1220.83,226.82,Net Banking,Corporate,4.1
ORD101784,2025-11-16,CUST1204,Priya Verma,West,Pune,Electronics,Keyboard,Keyboard,6,1690.26,0.1,9127.4,842.18,UPI,Corporate,3.9
ORD101785,2024-02-17,CUST1124,Priya Mehta,East,Kolkata,Office Supplies,Pen Set,Pen Set,2,251.84,0.05,478.5,93.64,Net Banking,Consumer,3.7
ORD101786,2025-08-22,CUST1027,Rahul Patel,North,Lucknow,Electronics,Headphones,Headphones,7,3228.78,0.2,18081.17,181.6,Credit Card,Corporate,3.9
ORD101787,2024-12-02,CUST1004,Diya Sharma,North,Chandigarh,Office Supplies,Stapler,Stapler,4,240.23,0.3,672.64,2.75,Debit Card,Small Business,5.0
ORD101788,2025-11-24,CUST1084,Diya Nair,North,Lucknow,Electronics,Mouse,Mouse,1,920.99,0.1,828.89,88.77,UPI,Consumer,3.6
ORD101789,2024-06-01,CUST1093,Aditya Nair,South,Kochi,Office Supplies,Stapler,Stapler,7,217.58,0.2,1218.45,106.66,Net Banking,Consumer,5.0
ORD101790,2025-06-09,CUST1085,Ishaan Nair,West,Pune,office supplies,Notebook,Notebook,7,165.15,0.3,809.23,-5.88,Debit Card,Small Business,3.5
ORD101791,2025-12-08,CUST1243,Arjun Kumar,East,Kolkata,Electronics,Keyboard,Keyboard,5,1780.48,0.1,8012.16,960.82,Credit Card,Corporate,4.2
ORD101792,2024-09-08,CUST1169,Vikram Joshi,West,Surat,Electronics,Mouse,Mouse,6,981.51,0.15,5005.7,178.42,UPI,Consumer,4.4
ORD101793,2024-03-19,CUST1045,Aditya Iyer,South,Bengaluru,Electronics,Monitor,Monitor,2,14766.49,0.1,26579.68,4172.61,UPI,Small Business,3.8
ORD101794,2024-10-13,CUST1034,Ananya Iyer,South,Chennai,Furniture,Office Chair,Office Chair,3,7804.19,0.05,22241.94,2148.05,UPI,Consumer,5.0
ORD101795,2025-03-13,CUST1263,Rohan Sharma,South,Kochi,Office Supplies,Notebook,Notebook,3,356.61,0.0,1069.83,237.3,UPI,Small Business,4.4
ORD101796,2025-04-05,CUST1374,Kavya Mehta,North,Lucknow,Furniture,Meeting Table,Meeting Table,7,17753.54,0.1,111847.3,4432.59,Credit Card,Consumer,3.8
ORD101797,2024-12-18,CUST1328,Meera Singh,West,Pune,Furniture,Bookshelf,Bookshelf,3,6456.12,0.15,16463.11,194.55,Credit Card,Consumer,5.0
ORD101798,2025-11-12,CUST1304,Pooja Iyer,North,Lucknow,Furniture,Bookshelf,Bookshelf,6,7738.42,0.05,44108.99,3033.19,Credit Card,Small Business,3.2
ORD101799,2025-02-26,CUST1128,Pooja Mehta,South,Chennai,Furniture,Meeting Table,Meeting Table,3,18783.08,0.15,47896.85,-2149.54,Debit Card,Corporate,3.6
ORD101800,2025-04-13,CUST1282,Nisha Patel,East,Kolkata,Office Supplies,Notebook,Notebook,5,165.75,0.15,704.44,67.99,Credit Card,Consumer,4.4
ORD101801,2025-11-30,CUST1033,Aarav Iyer,North,Jaipur,Furniture,Desk,Desk,2,12880.47,0.15,21896.8,132.53,UPI,Small Business,4.6
ORD101802,2025-11-17,CUST1069,Ishaan Singh,South,Hyderabad,Office Supplies,Calculator,Calculator,5,637.68,0.05,3028.98,495.65,Net Banking,Small Business,4.2
ORD101803,2024-09-06,CUST1056,Meera Reddy,South,Chennai,Office Supplies,Stapler,Stapler,1,209.85,0.1,188.86,24.32,Credit Card,Small Business,3.9
ORD101804,2024-07-28,CUST1074,Nisha Singh,South,Chennai,Furniture,Office Chair,Office Chair,6,8715.87,0.05,49680.46,4516.99,Debit Card,Consumer,3.8
ORD101805,2025-07-01,CUST1144,Pooja Rao,North,Chandigarh,Electronics,Keyboard,Keyboard,1,1625.3,0.05,1544.04,203.71,Cash on Delivery,Consumer,4.8
ORD101806,2025-01-18,CUST1018,Ananya Patel,North,Lucknow,Electronics,Laptop,Laptop,8,65155.19,0.0,521241.52,84756.73,Net Banking,Corporate,4.2
ORD101807,2024-11-23,CUST1326,Kavya Singh,North,Chandigarh,Furniture,Sofa,Sofa,7,26055.29,0.0,182387.03,19630.63,Credit Card,Small Business,3.3
ORD101808,2025-05-25,CUST1287,Karan Patel,South,Kochi,Electronics,Mouse,Mouse,5,993.76,0.05,4720.36,475.48,Credit Card,Consumer,3.3
ORD101809,2025-04-28,CUST1254,Sneha Kumar,North,Lucknow,Office Supplies,Calculator,Calculator,8,633.99,0.1,4564.73,808.47,Net Banking,Consumer,5.0
ORD101810,2025-10-29,CUST1071,Rohan Singh,West,Ahmedabad,Office Supplies,File Folder,File Folder,7,124.96,0.1,787.25,114.02,Net Banking,Consumer,3.5
ORD101811,2024-09-24,CUST1348,Priya Nair,North,Chandigarh,Furniture,Desk,Desk,2,11398.81,0.05,21657.74,1388.4,UPI,Consumer,4.2
ORD101812,2025-07-05,CUST1003,Arjun Sharma,East,Patna,Office Supplies,Printer Paper,Printer Paper,6,460.46,0.2,2210.21,195.98,Debit Card,Corporate,5.0
ORD101813,2024-06-15,CUST1398,Sneha Rao,East,Bhubaneswar,Electronics,Headphones,Headphones,4,3345.6,0.1,12044.16,1066.92,Net Banking,Consumer,4.4
ORD101814,2025-11-15,CUST1291,Arjun Iyer,South,Chennai,Office Supplies,Stapler,Stapler,7,225.65,0.2,1263.64,78.83,Net Banking,Corporate,3.4
ORD101815,2024-03-02,CUST1082,Ananya Nair,West,Surat,Electronics,Laptop,Laptop,7,60955.63,0.1,384020.47,17382.32,UPI,Corporate,3.2
ORD101816,2025-07-02,CUST1079,Karan Singh,North,Jaipur,Office Supplies,Stapler,Stapler,8,243.56,0.0,1948.48,505.02,Credit Card,Consumer,5.0
ORD101817,2024-03-15,CUST1278,Kavya Patel,North,Lucknow,Office Supplies,Stapler,Stapler,4,240.93,0.2,770.98,63.2,Credit Card,Small Business,3.2
ORD101818,2025-10-05,CUST1324,Diya Singh,South,Bengaluru,Office Supplies,Pen Set,Pen Set,2,243.53,0.2,389.65,26.13,UPI,Consumer,3.6
ORD101819,2025-12-02,CUST1187,Rahul Menon,North,Lucknow,Office Supplies,Calculator,Calculator,2,696.06,0.1,1252.91,174.24,Debit Card,Consumer,4.3
ORD101820,2025-08-20,CUST1025,Vikram Patel,South,Chennai,Furniture,Office Chair,Office Chair,2,7828.59,0.1,14091.46,497.7,Credit Card,Consumer,3.8
ORD101821,2025-07-30,CUST1198,Kavya Verma,South,Hyderabad,Office Supplies,Calculator,Calculator,8,690.87,0.1,4974.26,880.5,UPI,Consumer,4.4
ORD101822,2024-12-15,CUST1192,Pooja Menon,West,Pune,Furniture,Meeting Table,Meeting Table,5,17318.54,0.1,77933.43,2918.14,UPI,Consumer,2.9
ORD101823,2024-06-28,CUST1131,Arjun Rao,South,Bengaluru,Office Supplies,Stapler,Stapler,3,204.57,0.15,521.65,85.27,Net Banking,Small Business,3.8
ORD101824,2025-12-21,CUST1362,Nisha Gupta,West,Pune,Electronics,Laptop,Laptop,4,68198.13,0.1,245513.27,27649.55,Net Banking,Consumer,4.5
ORD101825,2025-01-21,CUST1138,Nisha Rao,West,Surat,Electronics,Headphones,Headphones,2,3511.75,0.0,7023.5,1245.39,Net Banking,Consumer,4.5
ORD101826,2025-08-19,CUST1098,Ananya Gupta,West,Pune,Furniture,Bookshelf,Bookshelf,5,7116.41,0.0,35582.05,4926.58,Cash on Delivery,Small Business,3.6
ORD101827,2025-06-06,CUST1271,Karan Sharma,North,Lucknow,Electronics,Headphones,Headphones,4,3550.81,0.0,14203.24,2573.86,Cash on Delivery,Small Business,3.2
ORD101828,2025-05-27,CUST1248,Meera Kumar,West,Pune,Office Supplies,Pen Set,Pen Set,7,228.27,0.05,1518.0,316.7,Credit Card,Consumer,4.2
ORD101829,2024-09-14,CUST1249,Vikram Kumar,East,Kolkata,Office Supplies,Stapler,Stapler,1,200.49,0.05,190.47,45.69,UPI,Consumer,3.0
ORD101830,2024-11-08,CUST1202,Nisha Verma,West,Surat,Office Supplies,Pen Set,Pen Set,8,258.06,0.2,1651.58,95.05,Net Banking,Consumer,5.0
ORD101831,2024-11-17,CUST1128,Pooja Mehta,South,Chennai,Electronics,Headphones,Headphones,1,3630.38,0.05,3448.86,476.23,Debit Card,Consumer,4.1
ORD101832,2025-03-16,CUST1104,Meera Gupta,West,Pune,Office Supplies,Stapler,Stapler,4,200.28,0.05,761.06,180.56,Credit Card,Consumer,3.5
ORD101833,2025-06-09,CUST1048,Pooja Iyer,East,Patna,Electronics,Keyboard,Keyboard,3,1769.86,0.05,5044.1,732.53,Cash on Delivery,Corporate,3.2
ORD101834,2024-05-25,CUST1075,Rahul Singh,North,Lucknow,Furniture,Sofa,Sofa,6,24835.85,0.1,134113.59,3456.6,UPI,Consumer,3.5
ORD101835,2024-06-15,CUST1232,Meera Bose,South,Kochi,Office Supplies,Printer Paper,Printer Paper,6,470.01,0.1,2538.05,310.52,Cash on Delivery,Consumer,2.8
ORD101836,2024-02-05,CUST1163,Arjun Joshi,North,Jaipur,Electronics,Mouse,Mouse,2,974.0,0.1,1753.2,67.04,Credit Card,Corporate,4.4
ORD101837,2025-01-19,CUST1296,Meera Iyer,West,Surat,Electronics,Mouse,Mouse,4,893.3,0.3,2501.24,-57.77,UPI,Consumer,3.4
ORD101838,2025-05-03,CUST1322,Ananya Singh,South,Bengaluru,Electronics,Printer,Printer,5,12247.4,0.3,42865.9,-2884.33,Net Banking,Consumer,4.3
ORD101839,2024-06-02,CUST1224,Pooja Das,North,Chandigarh,Furniture,Desk,Desk,4,12327.4,0.2,39447.68,-2548.39,Net Banking,Small Business,4.4
ORD101840,2025-06-04,CUST1042,Nisha Iyer,East,Guwahati,Office Supplies,Pen Set,Pen Set,1,242.16,0.15,205.84,27.01,Debit Card,Consumer,4.7
ORD101841,2024-01-03,CUST1002,Ananya Sharma,South,Chennai,Electronics,Headphones,Headphones,2,3191.45,0.05,6063.75,690.1,Debit Card,Consumer,4.2
ORD101842,2025-09-25,CUST1092,Priya Nair,North,Jaipur,Electronics,Headphones,Headphones,5,3153.25,0.1,14189.62,1230.52,UPI,Consumer,4.8
ORD101843,2025-05-19,CUST1113,Aarav Mehta,West,Pune,Furniture,Sofa,Sofa,3,26014.74,0.05,74142.01,4001.93,UPI,Corporate,5.0
ORD101844,2025-05-14,CUST1030,Sneha Patel,West,Pune,Electronics,Laptop,Laptop,5,61363.32,0.15,260794.11,4477.36,UPI,Corporate,4.2
ORD101845,2025-06-01,CUST1312,Meera Reddy,East,Bhubaneswar,Office Supplies,Notebook,Notebook,2,186.96,0.0,373.92,73.8,UPI,Consumer,4.2
ORD101846,2024-09-19,CUST1147,Arjun Kapoor,East,Guwahati,Office Supplies,Calculator,Calculator,6,667.52,0.05,3804.86,637.54,UPI,Consumer,3.6
ORD101847,2025-12-28,CUST1298,Nisha Iyer,South,Chennai,Office Supplies,Calculator,Calculator,2,642.15,0.0,1284.3,353.87,Credit Card,Consumer,3.3
ORD101848,2025-06-29,CUST1084,Diya Nair,East,Kolkata,Office Supplies,Pen Set,Pen Set,6,270.84,0.1,1462.54,205.23,UPI,Consumer,5.0
ORD101849,2024-05-12,CUST1005,Ishaan Sharma,East,Patna,Furniture,Desk,Desk,7,12643.78,0.15,75230.49,441.78,Credit Card,Small Business,4.5
ORD101850,2025-11-05,CUST1055,Rohan Reddy,North,Jaipur,Office Supplies,Stapler,Stapler,3,199.1,0.0,597.3,163.61,UPI,Small Business,4.5
ORD101851,2025-06-24,CUST1189,Aditya Menon,North,Chandigarh,Electronics,Headphones,Headphones,2,3748.05,0.1,6746.49,643.71,UPI,Consumer,3.6
ORD101852,2024-08-15,CUST1192,Pooja Menon,South,Hyderabad,Electronics,Smartphone,Smartphone,1,28323.11,0.05,26906.95,3498.87,Cash on Delivery,Consumer,5.0
ORD101853,2025-11-23,CUST1175,Karan Joshi,South,Hyderabad,Office Supplies,Stapler,Stapler,3,214.8,0.15,547.74,68.92,Cash on Delivery,Corporate,3.8
ORD101854,2024-06-30,CUST1384,Pooja Mehta,North,Jaipur,Electronics,Mouse,Mouse,1,953.92,0.0,953.92,161.77,Net Banking,Consumer,3.4
ORD101855,2025-04-16,CUST1261,Ishaan Sharma,North,Jaipur,Office Supplies,Calculator,Calculator,8,683.11,0.0,5464.88,1530.7,UPI,Consumer,3.6
ORD101856,2025-05-04,CUST1293,Ishaan Iyer,West,Surat,Office Supplies,Calculator,Calculator,8,629.41,0.1,4531.75,960.34,Debit Card,Small Business,5.0
ORD101857,2025-12-05,CUST1050,Ananya Reddy,South,,Office Supplies,Stapler,Stapler,8,245.58,0.1,1768.18,355.84,UPI,Consumer,3.2
ORD101858,2025-02-20,CUST1187,Rahul Menon,East,Bhubaneswar,Electronics,Printer,Printer,8,12512.59,0.2,80080.58,-3506.65,Credit Card,Consumer,3.4
ORD101859,2025-12-27,CUST1249,Vikram Kumar,East,Guwahati,Furniture,Desk,Desk,5,12399.26,0.1,55796.67,1343.27,Net Banking,Consumer,5.0
ORD101860,2024-07-26,CUST1234,Nisha Bose,East,Patna,Office Supplies,Notebook,Notebook,3,164.77,0.2,395.45,31.68,Credit Card,Corporate,4.7
ORD101861,2025-08-08,CUST1379,Rahul Mehta,East,Kolkata,Electronics,Laptop,Laptop,4,62494.26,0.05,237478.19,35402.4,Cash on Delivery,Corporate,3.5
ORD101862,2024-06-28,CUST1191,Karan Menon,South,Kochi,Furniture,Meeting Table,Meeting Table,3,17970.02,0.05,51214.56,1757.54,Debit Card,Consumer,3.2
ORD101863,2025-12-31,CUST1149,Ishaan Kapoor,West,Pune,Office Supplies,Stapler,Stapler,7,228.52,0.3,1119.75,-54.4,UPI,Corporate,2.7
ORD101864,2025-07-12,CUST1378,Nisha Mehta,South,Kochi,Office Supplies,Pen Set,Pen Set,4,253.2,0.0,1012.8,286.29,UPI,Consumer,4.1
ORD101865,2025-04-02,CUST1135,Rohan Rao,West,Ahmedabad,Office Supplies,Printer Paper,Printer Paper,4,480.54,0.15,1633.84,177.31,Net Banking,Small Business,4.5
ORD101866,2024-02-18,CUST1229,Ishaan Bose,South,Kochi,Electronics,Monitor,Monitor,6,13408.71,0.0,80452.26,11489.78,Credit Card,Consumer,5.0
ORD101867,2024-12-29,CUST1012,Priya Sharma,North,Delhi,Furniture,Bookshelf,Bookshelf,3,7381.32,0.1,19929.56,147.66,UPI,Consumer,2.6
ORD101868,2024-04-15,CUST1067,Arjun Singh,West,Mumbai,Furniture,Desk,Desk,3,12955.82,0.0,38867.46,5043.51,UPI,Corporate,3.0
ORD101869,2025-11-01,CUST1023,Rohan Patel,North,Lucknow,Electronics,Laptop,Laptop,2,69440.21,0.1,124992.38,9303.97,Cash on Delivery,Consumer,3.9
ORD101870,2024-10-04,CUST1168,Meera Joshi,West,Ahmedabad,Furniture,Desk,Desk,1,12835.03,0.15,10909.78,-15.92,UPI,Corporate,5.0
ORD101871,2025-08-30,CUST1373,Ishaan Mehta,North,Chandigarh,Electronics,Smartphone,Smartphone,1,30673.2,0.0,30673.2,4770.66,Cash on Delivery,Consumer,4.7
ORD101872,2025-10-24,CUST1029,Aditya Patel,North,Delhi,Electronics,Headphones,Headphones,4,3214.82,0.0,12859.28,1753.94,Debit Card,Consumer,4.3
ORD101873,2024-03-21,CUST1391,Rohan Rao,East,Kolkata,Furniture,Office Chair,Office Chair,8,8953.75,0.05,68048.5,7696.93,UPI,Consumer,3.1
ORD101874,2025-07-09,CUST1348,Priya Nair,West,Surat,Electronics,Smartphone,Smartphone,3,31167.06,0.05,88826.12,13097.83,Credit Card,Consumer,2.4
ORD101875,2024-08-09,CUST1003,Arjun Sharma,South,Bengaluru,Furniture,Bookshelf,Bookshelf,6,7183.42,0.05,40945.49,2831.64,Net Banking,Consumer,4.0
ORD101876,2024-03-20,CUST1007,Rohan Sharma,North,Chandigarh,Electronics,Monitor,Monitor,3,13269.33,0.3,27865.59,-2453.12,Credit Card,Consumer,3.9
ORD101877,2024-07-09,CUST1361,Vikram Gupta,North,Jaipur,Office Supplies,Stapler,Stapler,3,246.34,0.0,739.02,211.82,UPI,Consumer,3.8
ORD101878,2025-02-06,CUST1235,Rahul Bose,West,Pune,Electronics,Keyboard,Keyboard,2,1689.17,0.1,3040.51,333.81,UPI,Small Business,3.7
ORD101879,2025-09-17,CUST1070,Kavya Singh,East,Kolkata,Office Supplies,Printer Paper,Printer Paper,5,438.22,0.1,1971.99,381.92,Net Banking,Corporate,3.4
ORD101880,2025-05-20,CUST1382,Sneha Mehta,North,Lucknow,Electronics,Mouse,Mouse,6,844.07,0.05,4811.2,591.33,Debit Card,Consumer,3.3
ORD101881,2024-06-19,CUST1225,Aarav Bose,South,Kochi,Furniture,Desk,Desk,3,12026.31,0.05,34274.98,2699.73,Credit Card,Consumer,5.0
ORD101882,2024-08-04,CUST1255,Karan Kumar,South,Chennai,Electronics,Keyboard,Keyboard,5,1785.87,0.15,7589.95,474.79,UPI,Consumer,3.3
ORD101883,2024-08-10,CUST1272,Pooja Sharma,North,Jaipur,Electronics,Keyboard,Keyboard,4,1814.53,0.1,6532.31,530.74,Credit Card,Consumer,3.8
ORD101884,2025-06-22,CUST1081,Aarav Nair,West,Ahmedabad,Furniture,Bookshelf,Bookshelf,3,7729.09,0.15,19709.18,-194.89,Net Banking,Consumer,4.0
ORD101885,2025-01-14,CUST1144,Pooja Rao,East,Bhubaneswar,Office Supplies,Calculator,Calculator,6,653.4,0.1,3528.36,530.7,UPI,Consumer,4.5
ORD101886,2024-01-18,CUST1052,Diya Reddy,North,Chandigarh,Office Supplies,Notebook,Notebook,5,182.38,0.1,820.71,143.6,Cash on Delivery,Small Business,3.4
ORD101887,2024-02-25,CUST1212,Diya Das,East,Bhubaneswar,Electronics,Monitor,Monitor,1,15330.98,0.2,12264.78,-282.52,Net Banking,Corporate,4.7
ORD101888,2024-02-25,CUST1395,Rahul Rao,South,Chennai,Electronics,Mouse,Mouse,4,971.92,0.2,3110.14,75.57,UPI,Consumer,3.6
ORD101889,2025-12-03,CUST1252,Priya Kumar,North,Jaipur,Office Supplies,Printer Paper,Printer Paper,4,428.73,0.2,1371.94,120.41,Net Banking,Consumer,3.9
ORD101890,2025-01-03,CUST1277,Ishaan Patel,South,Hyderabad,Furniture,Office Chair,Office Chair,7,7674.17,0.05,51033.23,3695.69,Debit Card,Consumer,5.0
ORD101891,2024-12-24,CUST1078,Sneha Singh,North,Delhi,Electronics,Headphones,Headphones,3,3634.71,0.3,7632.89,-486.69,Debit Card,Consumer,3.3
ORD101892,2025-07-10,CUST1217,Vikram Das,North,Lucknow,Office Supplies,Pen Set,Pen Set,8,271.47,0.15,1846.0,209.29,UPI,Consumer,4.5
ORD101893,2024-05-19,CUST1398,Sneha Rao,West,Mumbai,Furniture,Office Chair,Office Chair,5,8683.83,0.15,36906.28,-895.1,Cash on Delivery,Consumer,4.8
ORD101894,2024-01-24,CUST1036,Diya Iyer,East,Kolkata,Office Supplies,Notebook,Notebook,2,170.36,0.15,289.61,39.41,Credit Card,Consumer,4.2
ORD101895,2024-07-16,CUST1082,Ananya Nair,North,Chandigarh,Furniture,Bookshelf,Bookshelf,4,7441.69,,20836.73,-2507.17,Net Banking,Consumer,3.9
ORD101896,2024-06-01,CUST1288,Pooja Patel,West,Ahmedabad,Furniture,Sofa,Sofa,8,25135.17,0.1,180973.22,4039.0,UPI,Corporate,5.0
ORD101897,2025-08-06,CUST1005,Ishaan Sharma,East,Bhubaneswar,Electronics,Headphones,Headphones,3,3585.08,,9141.95,344.41,UPI,Consumer,4.0
ORD101898,2025-08-21,CUST1083,Arjun Nair,West,Pune,Office Supplies,File Folder,File Folder,6,130.79,0.15,667.03,78.66,Cash on Delivery,Small Business,4.2
ORD101899,2025-04-08,CUST1378,Nisha Mehta,East,Kolkata,Electronics,Mouse,Mouse,7,965.28,0.15,5743.42,222.27,Credit Card,Consumer,3.7
ORD101900,2025-10-27,CUST1008,Meera Sharma,South,Hyderabad,Office Supplies,Stapler,Stapler,6,230.33,0.15,1174.68,188.69,UPI,Consumer,4.1
ORD101901,2024-12-05,CUST1172,Priya Joshi,East,Bhubaneswar,Office Supplies,Printer Paper,Printer Paper,1,470.81,0.05,447.27,96.35,Net Banking,Consumer,4.7
ORD101902,2024-06-24,CUST1132,Diya Rao,East,Kolkata,Office Supplies,File Folder,File Folder,3,125.48,0.05,357.62,74.34,UPI,Consumer,3.8
ORD101903,2024-08-30,CUST1160,Pooja Kapoor,East,Bhubaneswar,Electronics,Smartphone,Smartphone,3,28435.01,0.05,81039.78,9253.27,Net Banking,Consumer,2.4
ORD101904,2024-04-13,CUST1104,Meera Gupta,North,Lucknow,Electronics,Headphones,Headphones,3,3507.22,0.15,8943.41,634.76,Cash on Delivery,Consumer,4.4
ORD101905,2025-10-20,CUST1111,Karan Gupta,South,Bengaluru,Furniture,Bookshelf,Bookshelf,8,7392.78,0.15,50270.9,-1145.68,UPI,Consumer,3.2
ORD101906,2025-03-17,CUST1305,Aarav Reddy,North,Lucknow,Furniture,Bookshelf,Bookshelf,1,7240.16,0.2,5792.13,-384.13,Credit Card,Consumer,4.6
ORD101907,2025-07-18,CUST1011,Rahul Sharma,South,Bengaluru,Office Supplies,Calculator,Calculator,5,655.07,0.15,2784.05,394.82,Cash on Delivery,Consumer,4.0
ORD101908,2024-07-24,CUST1052,Diya Reddy,North,Delhi,Furniture,Office Chair,Office Chair,8,7886.86,0.1,56785.39,2537.35,Cash on Delivery,Corporate,4.7
ORD101909,2025-06-08,CUST1106,Nisha Gupta,North,Jaipur,Office Supplies,Stapler,Stapler,8,231.97,0.0,1855.76,347.8,Credit Card,Corporate,3.3
ORD101910,2024-08-29,CUST1331,Rahul Singh,West,Pune,Electronics,Headphones,Headphones,5,3647.42,0.1,16413.39,1494.53,Debit Card,Corporate,3.6
ORD101911,2024-11-22,CUST1158,Sneha Kapoor,North,Delhi,Furniture,Desk,Desk,8,11703.54,0.2,74902.66,-3510.09,Debit Card,Small Business,3.7
ORD101912,2025-04-21,CUST1014,Sneha Sharma,West,Ahmedabad,Electronics,Keyboard,Keyboard,4,1761.1,0.1,6339.96,548.47,UPI,Consumer,2.9
ORD101913,2025-12-18,CUST1209,Aarav Das,North,Jaipur,Office Supplies,Calculator,Calculator,5,620.28,0.2,2481.12,208.44,Debit Card,Small Business,4.8
ORD101914,2025-02-12,CUST1251,Rahul Kumar,West,Ahmedabad,Electronics,Headphones,Headphones,5,3890.67,0.3,13617.34,-1637.38,UPI,Consumer,2.8
ORD101915,2025-06-03,CUST1184,Meera Menon,South,Bengaluru,Electronics,Laptop,Laptop,1,70800.88,0.05,67260.84,4487.94,UPI,Consumer,4.8
ORD101916,2025-03-10,CUST1036,Diya Iyer,East,Bhubaneswar,Office Supplies,Notebook,Notebook,1,184.22,,156.59,15.36,Credit Card,Corporate,4.3
ORD101917,2024-11-05,CUST1352,Pooja Nair,South,Bengaluru,Furniture,Bookshelf,Bookshelf,8,6918.55,0.1,49813.56,2094.97,Net Banking,Consumer,3.9
ORD101918,2025-11-12,CUST1344,Meera Nair,South,Chennai,Electronics,Keyboard,Keyboard,2,1911.78,0.1,3441.2,49.47,UPI,Consumer,4.3
ORD101919,2025-12-03,CUST1365,Aditya Gupta,South,Hyderabad,Electronics,Monitor,Monitor,3,14225.4,0.05,40542.39,4719.59,UPI,Consumer,4.2
ORD101920,2024-08-14,CUST1386,Ananya Rao,East,Kolkata,Furniture,Desk,Desk,5,13376.25,0.05,63537.19,1869.96,UPI,Consumer,3.7
ORD101921,2025-10-16,CUST1127,Karan Mehta,South,Hyderabad,Electronics,Printer,Printer,5,10945.52,0.05,51991.22,6833.43,UPI,Consumer,4.2
ORD101922,2024-11-25,CUST1169,Vikram Joshi,East,Patna,Electronics,Laptop,Laptop,5,58990.29,0.1,265456.3,38211.77,Cash on Delivery,Corporate,4.5
ORD101923,2025-06-24,CUST1384,Pooja Mehta,West,Surat,Office Supplies,Notebook,Notebook,8,184.52,0.0,1476.16,361.03,Credit Card,Consumer,3.3
ORD101924,2025-01-12,CUST1180,Diya Menon,South,Bengaluru,Electronics,Smartphone,Smartphone,7,26452.2,0.1,166648.86,15383.76,UPI,Consumer,4.3
ORD101925,2025-07-14,CUST1346,Nisha Nair,South,Bengaluru,Furniture,Meeting Table,Meeting Table,8,18593.04,0.1,133869.89,7494.14,Cash on Delivery,Consumer,2.0
ORD101926,2025-09-29,CUST1260,Diya Sharma,North,Lucknow,Furniture,Bookshelf,Bookshelf,6,7503.39,0.1,40518.31,1439.72,UPI,Small Business,2.6
ORD101927,2024-11-05,CUST1372,Diya Mehta,South,Bengaluru,Electronics,Smartphone,Smartphone,8,26050.76,0.2,166724.86,771.14,Credit Card,Small Business,4.4
ORD101928,2025-05-27,CUST1005,Ishaan Sharma,North,Jaipur,Electronics,Monitor,Monitor,5,13957.07,0.1,62806.82,7421.64,Net Banking,Corporate,3.7
ORD101929,2025-01-05,CUST1283,Rahul Patel,North,Lucknow,Electronics,Printer,Printer,5,12618.08,0.0,63090.4,12100.56,Net Banking,Consumer,3.4
ORD101930,2025-08-07,CUST1321,Aarav Singh,West,Surat,Electronics,Keyboard,Keyboard,7,1950.21,0.3,9556.03,-647.75,UPI,Consumer,4.0
ORD101931,2024-05-20,CUST1080,Pooja Singh,North,Lucknow,Electronics,Smartphone,Smartphone,7,28257.48,0.2,158241.89,1033.4,Debit Card,Consumer,3.7
ORD101932,2025-06-16,CUST1295,Rohan Iyer,South,Chennai,Office Supplies,Pen Set,Pen Set,1,236.34,0.15,200.89,22.87,Debit Card,Corporate,3.3
ORD101933,2025-03-11,CUST1079,Karan Singh,West,Surat,Office Supplies,Notebook,Notebook,8,185.2,0.15,1259.36,183.15,Debit Card,Consumer,2.8
ORD101934,2024-11-25,CUST1362,Nisha Gupta,West,Mumbai,Furniture,Sofa,Sofa,6,23999.85,0.0,143999.1,16068.63,UPI,Corporate,2.5
ORD101935,2024-09-27,CUST1364,Priya Gupta,North,Chandigarh,Furniture,Office Chair,Office Chair,8,9093.5,0.15,61835.8,1439.62,Net Banking,Consumer,4.6
ORD101936,2025-05-27,CUST1002,Ananya Sharma,North,Lucknow,Furniture,Desk,Desk,6,12266.72,0.05,69920.3,3588.4,Credit Card,Small Business,3.7
ORD101937,2024-09-10,CUST1203,Rahul Verma,South,Hyderabad,Office Supplies,File Folder,File Folder,8,115.38,0.1,830.74,166.85,Debit Card,Consumer,4.7
ORD101938,2024-01-25,CUST1153,Vikram Kapoor,East,Patna,Electronics,Keyboard,Keyboard,3,1918.74,0.0,5756.22,1104.05,Cash on Delivery,Consumer,3.7
ORD101939,2025-11-24,CUST1357,Ishaan Gupta,West,Pune,Electronics,Keyboard,Keyboard,2,1825.03,0.15,3102.55,87.76,Net Banking,Consumer,4.3
ORD101940,2024-11-23,CUST1129,Aarav Rao,North,Jaipur,Electronics,Mouse,Mouse,2,845.15,0.05,1605.78,241.23,Net Banking,Corporate,3.9
ORD101941,2024-04-30,CUST1289,Aarav Iyer,North,Jaipur,Electronics,Monitor,Monitor,3,14334.26,0.05,40852.64,4953.07,UPI,Small Business,4.0
ORD101942,2024-06-13,CUST1047,Karan Iyer,South,Bengaluru,Electronics,Monitor,Monitor,2,15520.83,0.0,31041.66,5613.44,UPI,Consumer,4.1
ORD101943,2025-08-29,CUST1086,Kavya Nair,West,Ahmedabad,Office Supplies,File Folder,File Folder,4,126.63,0.15,430.54,47.5,Credit Card,Small Business,3.7
ORD101944,2024-08-30,CUST1395,Rahul Rao,North,Jaipur,Office Supplies,Notebook,Notebook,2,173.83,0.05,330.28,67.44,UPI,Consumer,3.1
ORD101945,2024-07-24,CUST1154,Nisha Kapoor,South,Hyderabad,Electronics,Mouse,Mouse,2,950.75,0.1,1711.35,202.86,Debit Card,Consumer,4.6
ORD101946,2024-12-22,CUST1307,Arjun Reddy,North,Jaipur,Furniture,Bookshelf,Bookshelf,5,6735.21,0.05,31992.25,2894.11,Debit Card,Consumer,5.0
ORD101947,2024-01-21,CUST1388,Diya Rao,North,Jaipur,Furniture,Bookshelf,Bookshelf,7,7135.74,0.15,42457.65,-1512.94,Credit Card,Consumer,5.0
ORD101948,2025-02-13,CUST1387,Arjun Rao,West,Mumbai,Furniture,Meeting Table,Meeting Table,2,18285.32,0.05,34742.11,1764.82,UPI,Small Business,3.6
ORD101949,2024-01-30,CUST1008,Meera Sharma,North,Chandigarh,Furniture,Office Chair,Office Chair,5,8112.62,0.2,32450.48,-1402.85,Net Banking,Consumer,3.5
ORD101950,2025-09-02,CUST1094,Sneha Nair,South,Kochi,Electronics,Printer,Printer,6,11718.41,0.05,66794.94,9757.38,Credit Card,Consumer,3.6
ORD101951,2024-11-09,CUST1286,Sneha Patel,West,Surat,Office Supplies,Calculator,Calculator,6,719.73,0.0,4318.38,1006.78,Credit Card,Consumer,3.9
ORD101952,2024-06-08,CUST1371,Arjun Mehta,East,Bhubaneswar,Office Supplies,Pen Set,Pen Set,1,238.78,0.05,226.84,56.09,Credit Card,Corporate,4.0
ORD101953,2024-11-28,CUST1392,Meera Rao,North,Jaipur,Office Supplies,Calculator,Calculator,6,699.55,0.0,4197.3,1134.69,UPI,Small Business,3.3
ORD101954,2024-05-08,CUST1289,Aarav Iyer,South,Hyderabad,Office Supplies,Calculator,Calculator,1,680.43,0.1,612.39,91.47,Debit Card,Small Business,2.9
ORD101955,2024-08-22,CUST1042,Nisha Iyer,West,Ahmedabad,Furniture,Desk,Desk,2,12206.14,0.05,23191.67,1378.6,UPI,Consumer,4.0
ORD101956,2024-04-05,CUST1298,Nisha Iyer,South,Chennai,Electronics,Monitor,Monitor,3,13023.55,0.2,31256.52,134.55,Credit Card,Consumer,1.4
ORD101957,2025-05-03,CUST1109,Aditya Gupta,East,Guwahati,Electronics,Mouse,Mouse,7,850.51,0.1,5358.21,464.58,UPI,Consumer,3.9
ORD101958,2025-12-14,CUST1324,Diya Singh,East,Kolkata,Furniture,Office Chair,Office Chair,2,7984.69,0.05,15170.91,1652.17,UPI,Small Business,3.3
ORD101959,2024-12-20,CUST1219,Rahul Das,East,Kolkata,Electronics,Laptop,Laptop,7,66891.16,0.1,421414.31,50406.66,UPI,Consumer,4.6
ORD101960,2024-03-13,CUST1074,Nisha Singh,North,,Office Supplies,Stapler,Stapler,8,245.11,0.05,1862.84,388.17,UPI,Small Business,4.8
ORD101961,2024-02-24,CUST1338,Ananya Nair,West,Mumbai,Furniture,Meeting Table,Meeting Table,8,19673.87,0.0,157390.96,21554.32,Net Banking,Small Business,4.8
ORD101962,2025-08-31,CUST1396,Priya Rao,West,Pune,Furniture,Bookshelf,Bookshelf,3,6338.89,0.05,18065.84,1771.8,Net Banking,Corporate,3.7
ORD101963,2024-09-11,CUST1203,Rahul Verma,North,Chandigarh,Electronics,Laptop,Laptop,1,62414.29,0.0,62414.29,11325.48,UPI,Corporate,3.1
ORD101964,2024-08-04,CUST1326,Kavya Singh,West,Ahmedabad,Office Supplies,Stapler,Stapler,2,205.61,0.05,390.66,84.99,UPI,Consumer,3.4
ORD101965,2024-03-15,CUST1024,Meera Patel,West,Pune,Electronics,Smartphone,Smartphone,7,31210.18,0.2,174777.01,4344.03,Net Banking,Consumer,4.2
ORD101966,2025-04-30,CUST1109,Aditya Gupta,East,Kolkata,Electronics,Mouse,Mouse,2,856.65,0.15,1456.3,94.21,UPI,Consumer,2.8
ORD101967,2024-02-15,CUST1051,Arjun Reddy,South,Kochi,Electronics,Keyboard,Keyboard,6,1699.72,0.2,8158.66,-77.26,Credit Card,Consumer,5.0
ORD101968,2025-10-22,CUST1114,Ananya Mehta,South,Kochi,Office Supplies,File Folder,File Folder,3,124.39,0.05,354.51,67.55,UPI,Corporate,3.8
ORD101969,2024-06-01,CUST1151,Rohan Kapoor,West,Surat,Office Supplies,Stapler,Stapler,7,224.92,0.2,1259.55,91.68,Credit Card,Consumer,4.4
ORD101970,2024-02-20,CUST1173,Aditya Joshi,North,Chandigarh,Electronics,Keyboard,Keyboard,5,1709.44,0.05,8119.84,973.03,Cash on Delivery,Small Business,2.7
ORD101971,2025-05-27,CUST1130,Ananya Rao,West,Pune,Office Supplies,Calculator,Calculator,5,680.86,0.0,3404.3,725.7,UPI,Small Business,3.3
ORD101972,2024-09-15,CUST1218,Nisha Das,West,Surat,Electronics,Monitor,Monitor,7,12898.78,0.15,76747.74,5326.2,Cash on Delivery,Consumer,2.6
ORD101973,2025-05-23,CUST1088,Meera Nair,East,Bhubaneswar,Office Supplies,Stapler,Stapler,8,198.94,0.0,1591.52,411.66,Net Banking,Consumer,4.8
ORD101974,2024-01-30,CUST1140,Priya Rao,South,Chennai,Electronics,Laptop,Laptop,3,59678.53,0.1,161132.03,9912.17,Cash on Delivery,Consumer,3.9
ORD101975,2025-09-21,CUST1337,Aarav Nair,East,Patna,Furniture,Bookshelf,Bookshelf,5,6861.9,0.15,29163.08,-394.37,Net Banking,Consumer,4.4
ORD101976,2024-08-14,CUST1225,Aarav Bose,North,Jaipur,Office Supplies,File Folder,File Folder,6,133.74,0.1,722.2,115.84,Net Banking,Corporate,4.0
ORD101977,2025-07-06,CUST1011,Rahul Sharma,West,Surat,Furniture,Bookshelf,Bookshelf,7,7142.76,0.1,44999.39,1779.66,Credit Card,Corporate,4.4
ORD101978,2025-11-14,CUST1132,Diya Rao,South,Bengaluru,Electronics,Printer,Printer,4,12792.48,0.05,48611.42,5369.23,Net Banking,Corporate,3.7
ORD101979,2025-01-26,CUST1332,Priya Singh,North,Lucknow,Office Supplies,Printer Paper,Printer Paper,3,436.83,0.0,1310.49,283.26,UPI,Consumer,3.8
ORD101980,2024-09-01,CUST1073,Vikram Singh,West,Ahmedabad,Office Supplies,File Folder,File Folder,7,126.99,0.3,622.25,4.97,Debit Card,Small Business,3.9
ORD101981,2024-08-16,CUST1369,Aarav Mehta,East,Bhubaneswar,Furniture,Sofa,Sofa,8,26701.44,0.0,213611.52,17441.58,Debit Card,Corporate,4.3
ORD101982,2025-05-16,CUST1119,Rohan Mehta,East,Bhubaneswar,Office Supplies,Notebook,Notebook,5,176.17,0.05,836.81,168.77,UPI,Small Business,4.3
ORD101983,2024-01-05,CUST1253,Aditya Kumar,North,Lucknow,Office Supplies,File Folder,File Folder,1,134.38,0.05,127.66,25.45,UPI,Small Business,5.0
ORD101984,2024-04-17,CUST1191,Karan Menon,West,Mumbai,Electronics,Keyboard,Keyboard,3,1872.81,0.2,4494.74,31.09,UPI,Corporate,5.0
ORD101985,2025-04-18,CUST1251,Rahul Kumar,East,Bhubaneswar,Office Supplies,Calculator,Calculator,4,692.05,0.15,2352.97,303.1,Credit Card,Consumer,2.7
ORD101986,2024-01-19,CUST1319,Karan Reddy,West,Pune,Electronics,Printer,Printer,6,11465.72,0.1,61914.89,8356.3,UPI,Small Business,3.9
ORD101987,2024-07-30,CUST1060,Priya Reddy,West,Ahmedabad,Office Supplies,File Folder,File Folder,6,124.98,0.3,524.92,-23.61,UPI,Consumer,3.7
ORD101988,2025-04-18,CUST1141,Aditya Rao,North,Jaipur,Electronics,Printer,Printer,7,12149.06,0.0,85043.42,17171.5,UPI,Consumer,5.0
ORD101989,2024-07-01,CUST1228,Diya Bose,North,Chandigarh,Electronics,Printer,Printer,1,13324.9,0.2,10659.92,-562.89,Credit Card,Consumer,3.8
ORD101990,2025-11-11,CUST1105,Vikram Gupta,West,Pune,Furniture,Bookshelf,Bookshelf,4,7693.2,0.0,30772.8,4764.95,UPI,Consumer,4.3
ORD101991,2025-12-13,CUST1151,Rohan Kapoor,East,Kolkata,Furniture,Office Chair,Office Chair,6,8391.78,0.05,47833.15,1264.15,UPI,Consumer,2.2
ORD101992,2024-01-25,CUST1355,Arjun Gupta,South,Chennai,Office Supplies,File Folder,File Folder,8,133.0,0.0,1064.0,330.81,UPI,Consumer,2.9
ORD101993,2024-05-07,CUST1092,Priya Nair,South,Hyderabad,Office Supplies,Calculator,Calculator,2,711.53,0.3,996.14,-14.69,Credit Card,Small Business,5.0
ORD101994,2025-10-25,CUST1076,Priya Singh,East,Bhubaneswar,Electronics,Keyboard,Keyboard,8,1853.79,0.2,11864.26,501.38,UPI,Corporate,4.0
ORD101995,2024-01-24,CUST1234,Nisha Bose,West,Pune,Electronics,Printer,Printer,1,11016.79,0.1,9915.11,1210.67,Cash on Delivery,Small Business,3.3
ORD101996,2024-12-21,CUST1040,Meera Iyer,North,Chandigarh,Furniture,Meeting Table,Meeting Table,2,16836.73,0.05,31989.79,2130.13,UPI,Small Business,4.2
ORD101997,2025-11-25,CUST1001,Aarav Sharma,East,Bhubaneswar,Furniture,Office Chair,Office Chair,7,7793.75,0.05,51828.44,3550.57,UPI,Consumer,3.2
ORD101998,2025-03-06,CUST1348,Priya Nair,West,Pune,Furniture,Meeting Table,Meeting Table,7,16627.65,0.1,104754.2,1474.0,Credit Card,Corporate,3.8
ORD101999,2024-08-11,CUST1111,Karan Gupta,South,Chennai,Office Supplies,File Folder,File Folder,8,133.79,0.05,1016.8,231.0,Net Banking,Corporate,2.9
ORD102000,2024-01-05,CUST1049,Aarav Reddy,South,,Office Supplies,Calculator,Calculator,5,615.34,0.0,3076.7,736.6,Credit Card,Consumer,3.4
ORD102001,2024-10-14,CUST1263,Rohan Sharma,West,Ahmedabad,Electronics,Headphones,Headphones,5,3681.96,0.15,15648.33,501.14,UPI,Small Business,3.7
ORD102002,2025-01-31,CUST1193,Aarav Verma,North,Chandigarh,Furniture,Bookshelf,Bookshelf,5,7280.25,0.1,32761.12,1586.68,Credit Card,Small Business,4.8
ORD102003,2024-02-29,CUST1183,Rohan Menon,South,Kochi,Office Supplies,Notebook,Notebook,5,186.99,0.2,747.96,43.06,Credit Card,Consumer,4.3
ORD102004,2025-01-21,CUST1176,Pooja Joshi,South,Kochi,Furniture,Office Chair,Office Chair,5,8036.54,0.1,36164.43,968.32,Credit Card,Small Business,
ORD102005,2024-10-22,CUST1059,Rahul Reddy,West,Mumbai,Electronics,Keyboard,Keyboard,3,1849.42,0.05,5270.85,738.85,Cash on Delivery,Consumer,4.0
ORD102006,2024-08-26,CUST1344,Meera Nair,North,Jaipur,Furniture,Bookshelf,Bookshelf,7,7263.33,0.1,45758.98,866.64,Cash on Delivery,Small Business,4.6
ORD102007,2025-12-11,CUST1001,Aarav Sharma,South,Bengaluru,Furniture,Bookshelf,Bookshelf,3,7178.42,0.05,20458.5,1334.12,Credit Card,Corporate,3.3
ORD102008,2025-10-15,CUST1194,Ananya Verma,North,Chandigarh,Electronics,Smartphone,Smartphone,5,26346.76,0.1,118560.42,15812.95,UPI,Consumer,3.5
ORD102009,2025-05-22,CUST1109,Aditya Gupta,West,Pune,Office Supplies,Stapler,Stapler,6,233.0,0.15,1188.3,139.5,Credit Card,Small Business,4.3
ORD102010,2025-03-07,CUST1257,Aarav Sharma,East,Patna,Electronics,Laptop,Laptop,5,59547.38,0.0,297736.9,50915.79,Cash on Delivery,Consumer,3.8
ORD102011,2024-12-12,CUST1220,Priya Das,South,Bengaluru,Furniture,Office Chair,Office Chair,5,8755.54,0.05,41588.82,3041.05,Cash on Delivery,Consumer,4.0
ORD102012,2024-02-21,CUST1154,Nisha Kapoor,South,Hyderabad,Furniture,Bookshelf,Bookshelf,1,6971.84,0.2,5577.47,-215.51,UPI,Corporate,3.9
ORD102013,2024-08-12,CUST1214,Kavya Das,North,Delhi,Office Supplies,Stapler,Stapler,3,210.11,0.1,567.3,78.94,UPI,Corporate,4.9
ORD102014,2024-01-08,CUST1091,Rahul Nair,West,,Electronics,Keyboard,Keyboard,4,1939.73,0.1,6983.03,737.97,UPI,Consumer,5.0
ORD102015,2024-09-24,CUST1053,Ishaan Reddy,East,Patna,Electronics,Printer,Printer,4,11264.36,0.15,38298.82,2255.63,Net Banking,Corporate,3.5
ORD102016,2024-12-12,CUST1363,Rahul Gupta,South,Kochi,Electronics,Mouse,Mouse,8,994.73,0.1,7162.06,360.13,Credit Card,Consumer,2.7
ORD102017,2025-03-22,CUST1246,Kavya Kumar,South,Bengaluru,Furniture,Desk,Desk,8,13135.25,0.0,105082.0,17323.44,UPI,Consumer,3.5
ORD102018,2024-09-16,CUST1262,Kavya Sharma,East,Kolkata,Electronics,Mouse,Mouse,6,881.4,0.15,4495.14,400.16,UPI,Corporate,3.3
ORD102019,2024-07-05,CUST1400,Pooja Rao,East,Guwahati,Office Supplies,Notebook,Notebook,3,174.08,0.2,417.79,25.06,UPI,Consumer,4.6
ORD102020,2025-06-03,CUST1362,Nisha Gupta,South,Bengaluru,Electronics,Printer,Printer,1,11162.96,0.0,11162.96,1696.09,Net Banking,Consumer,4.7
ORD102021,2024-04-21,CUST1234,Nisha Bose,South,Kochi,Electronics,Monitor,Monitor,7,15422.29,0.0,107956.03,20047.57,Credit Card,Small Business,3.2
ORD102022,2024-04-01,CUST1317,Aditya Reddy,East,Guwahati,Furniture,Sofa,Sofa,8,24913.37,0.15,169410.92,-7309.5,UPI,Small Business,3.4
ORD102023,2025-05-23,CUST1212,Diya Das,East,Guwahati,Office Supplies,Printer Paper,Printer Paper,4,408.15,0.1,1469.34,292.56,Debit Card,Corporate,2.9
ORD102024,2025-03-04,CUST1096,Pooja Nair,East,Patna,Office Supplies,Calculator,Calculator,7,658.07,0.05,4376.17,856.8,Debit Card,Corporate,4.1
ORD102025,2025-09-27,CUST1250,Nisha Kumar,North,Lucknow,Office Supplies,Printer Paper,Printer Paper,8,413.49,0.1,2977.13,611.93,Debit Card,Small Business,4.0
ORD102026,2025-06-24,CUST1366,Sneha Gupta,South,Bengaluru,Furniture,Office Chair,Office Chair,5,8722.91,0.15,37072.37,-1042.11,Net Banking,Small Business,4.6
ORD102027,2025-10-21,CUST1352,Pooja Nair,East,Kolkata,Office Supplies,Pen Set,Pen Set,2,252.99,0.1,455.38,73.86,UPI,Consumer,4.4
ORD102028,2025-04-30,CUST1203,Rahul Verma,West,Mumbai,Office Supplies,Stapler,Stapler,1,202.01,0.0,202.01,56.9,UPI,Consumer,4.5
ORD102029,2025-09-07,CUST1379,Rahul Mehta,East,Bhubaneswar,Electronics,Headphones,Headphones,7,3778.21,0.0,26447.47,4546.82,UPI,Consumer,2.8
ORD102030,2024-05-03,CUST1080,Pooja Singh,South,Hyderabad,Furniture,Office Chair,Office Chair,5,8140.53,0.1,36632.38,1531.32,Debit Card,Consumer,3.5
ORD102031,2025-01-22,CUST1017,Aarav Patel,East,Kolkata,Office Supplies,Calculator,Calculator,2,662.43,0.2,1059.89,113.74,Cash on Delivery,Consumer,4.7
ORD102032,2025-11-21,CUST1162,Ananya Joshi,North,Delhi,Electronics,Laptop,Laptop,1,67638.26,0.1,60874.43,4936.84,UPI,Corporate,
ORD102033,2025-07-30,CUST1082,Ananya Nair,North,Chandigarh,Office Supplies,Printer Paper,Printer Paper,8,500.27,0.05,3802.05,669.0,Net Banking,Corporate,2.8
ORD102034,2024-10-21,CUST1384,Pooja Mehta,East,Patna,Furniture,Office Chair,Office Chair,3,8573.43,0.2,20576.23,-1779.18,Debit Card,Small Business,
ORD102035,2025-11-08,CUST1047,Karan Iyer,West,Mumbai,Furniture,Bookshelf,Bookshelf,3,7712.67,0.05,21981.11,2024.15,Cash on Delivery,Consumer,3.6
ORD102036,2024-08-16,CUST1214,Kavya Das,West,Ahmedabad,Electronics,Mouse,Mouse,6,880.26,0.1,4753.4,497.77,Credit Card,Consumer,4.8
ORD102037,2024-01-18,CUST1309,Ishaan Reddy,East,Kolkata,Office Supplies,Stapler,Stapler,3,239.5,0.0,718.5,198.7,UPI,Consumer,4.0
ORD102038,2025-08-05,CUST1045,Aditya Iyer,North,Chandigarh,Office Supplies,Calculator,Calculator,8,618.72,0.15,4207.3,486.57,Net Banking,Consumer,3.8
ORD102039,2024-10-28,CUST1019,Arjun Patel,West,Surat,Electronics,Keyboard,Keyboard,6,1900.16,0.15,9690.82,162.14,Net Banking,Consumer,5.0
ORD102040,2024-01-26,CUST1222,Sneha Das,South,Kochi,Furniture,Meeting Table,Meeting Table,3,16550.9,0.15,42204.8,-2798.97,Debit Card,Small Business,3.0
ORD102041,2024-05-29,CUST1362,Nisha Gupta,South,Hyderabad,Electronics,Headphones,Headphones,3,3909.26,0.05,11141.39,2330.77,Net Banking,Consumer,5.0
ORD102042,2024-02-22,CUST1007,Rohan Sharma,West,,Electronics,Printer,Printer,7,13318.39,0.1,83905.86,9076.35,Credit Card,Corporate,3.5
ORD102043,2025-12-29,CUST1009,Vikram Sharma,East,Patna,Office Supplies,Stapler,Stapler,5,219.4,0.0,1097.0,278.0,Debit Card,Consumer,4.1
ORD102044,2025-09-11,CUST1371,Arjun Mehta,East,Guwahati,Furniture,Meeting Table,Meeting Table,8,18274.78,0.3,102338.77,-13102.84,UPI,Consumer,4.1
ORD102045,2025-11-10,CUST1242,Ananya Kumar,South,Bengaluru,Furniture,Sofa,Sofa,3,24756.25,0.0,74268.75,6254.66,Credit Card,Small Business,3.7
ORD102046,2024-05-13,CUST1281,Vikram Patel,West,Surat,Electronics,Laptop,Laptop,1,62433.04,0.1,56189.74,4221.43,UPI,Small Business,3.4
ORD102047,2025-08-09,CUST1111,Karan Gupta,South,Hyderabad,Office Supplies,Stapler,Stapler,8,230.64,0.15,1568.35,260.48,UPI,Consumer,3.7
ORD102048,2025-02-16,CUST1125,Aditya Mehta,East,Patna, electronics,Printer,Printer,2,12644.2,0.0,25288.4,4968.13,UPI,Small Business,3.2
ORD102049,2024-08-04,CUST1189,Aditya Menon,West,Ahmedabad,Office Supplies,Notebook,Notebook,7,182.79,0.05,1215.55,229.02,Debit Card,Consumer,5.0
ORD102050,2025-05-03,CUST1086,Kavya Nair,East,Patna,Electronics,Mouse,Mouse,6,839.25,0.0,5035.5,751.95,Net Banking,Small Business,3.6
ORD102051,2025-11-26,CUST1177,Aarav Menon,North,Delhi,Electronics,Laptop,Laptop,2,71644.36,0.1,128959.85,10588.59,UPI,Consumer,4.9
ORD102052,2024-12-02,CUST1382,Sneha Mehta,South,Chennai,Office Supplies,Printer Paper,Printer Paper,7,416.39,0.3,2040.31,-26.29,Credit Card,Consumer,4.8
ORD102053,2024-01-22,CUST1300,Priya Iyer,South,Chennai,Electronics,Mouse,Mouse,1,934.58,0.1,841.12,123.0,UPI,Corporate,4.3
ORD102054,2025-09-07,CUST1348,Priya Nair,West,Ahmedabad,Office Supplies,Notebook,Notebook,4,166.08,0.3,465.02,-4.51,Credit Card,Small Business,3.9
ORD102055,2024-05-17,CUST1199,Rohan Verma,East,Guwahati,Electronics,Mouse,Mouse,3,838.93,0.0,2516.79,378.18,UPI,Small Business,4.1
ORD102056,2024-05-13,CUST1316,Priya Reddy,South,Chennai,Office Supplies,Notebook,Notebook,6,162.81,0.05,928.02,191.2,Credit Card,Consumer,4.4
ORD102057,2025-03-26,CUST1169,Vikram Joshi,East,Kolkata,Office Supplies,Stapler,Stapler,5,215.59,0.2,862.36,74.69,Cash on Delivery,Small Business,4.1
ORD102058,2025-08-07,CUST1247,Rohan Kumar,East,Patna,Office Supplies,Printer Paper,Printer Paper,5,468.32,0.2,1873.28,89.89,Credit Card,Consumer,2.8
ORD102059,2025-08-02,CUST1293,Ishaan Iyer,South,Kochi,Electronics,Smartphone,Smartphone,4,28412.71,0.05,107968.3,15931.17,Debit Card,Consumer,2.6
ORD102060,2025-09-26,CUST1330,Nisha Singh,South,Hyderabad,Office Supplies,Pen Set,Pen Set,6,262.1,0.15,1336.71,204.15,Debit Card,Consumer,5.0
ORD102061,2025-10-07,CUST1371,Arjun Mehta,West,Pune,Office Supplies,File Folder,File Folder,2,125.82,0.2,201.31,16.8,UPI,Consumer,2.0
ORD102062,2024-04-03,CUST1043,Rahul Iyer,East,Bhubaneswar,Electronics,Monitor,Monitor,6,13031.74,0.15,66461.87,2164.89,UPI,Consumer,4.1
ORD102063,2024-08-07,CUST1318,Sneha Reddy,North,Delhi,Electronics,Laptop,Laptop,1,59319.92,0.1,53387.93,4365.97,UPI,Corporate,3.8
ORD102064,2025-06-10,CUST1284,Priya Patel,East,Kolkata,Office Supplies,File Folder,File Folder,1,124.51,0.0,124.51,25.96,Credit Card,Consumer,4.1
ORD102065,2024-10-12,CUST1295,Rohan Iyer,East,Patna,Electronics,Smartphone,Smartphone,6,29223.86,0.0,175343.16,30975.09,Net Banking,Corporate,3.1
ORD102066,2025-06-07,CUST1006,Kavya Sharma,East,Bhubaneswar,Office Supplies,Notebook,Notebook,2,184.05,0.1,331.29,57.24,Credit Card,Consumer,4.3
ORD102067,2024-11-28,CUST1196,Diya Verma,East,Guwahati,Office Supplies,Pen Set,Pen Set,7,238.52,0.1,1502.68,214.26,Credit Card,Corporate,4.2
ORD102068,2024-11-25,CUST1385,Aarav Rao,West,Ahmedabad,Electronics,Laptop,Laptop,2,70093.94,0.05,133178.49,24770.2,UPI,Consumer,5.0
ORD102069,2024-01-20,CUST1361,Vikram Gupta,South,Bengaluru,Furniture,Meeting Table,Meeting Table,2,16499.72,0.05,31349.47,3050.52,UPI,Consumer,4.1
ORD102070,2025-03-20,CUST1093,Aditya Nair,South,Chennai,Furniture,Meeting Table,Meeting Table,8,18703.95,0.05,142150.02,4645.54,Cash on Delivery,Corporate,5.0
ORD102071,2025-09-23,CUST1195,Arjun Verma,North,Chandigarh,Electronics,Monitor,Monitor,2,12970.87,0.1,23347.57,1183.57,UPI,Small Business,2.9
ORD102072,2025-08-21,CUST1346,Nisha Nair,East,Kolkata,Office Supplies,Printer Paper,Printer Paper,8,469.79,0.05,3570.4,653.02,Debit Card,Small Business,4.8
ORD102073,2024-09-04,CUST1373,Ishaan Mehta,South,Bengaluru,Electronics,Headphones,Headphones,3,3471.65,0.05,9894.2,1749.59,UPI,Consumer,
ORD102074,2025-05-09,CUST1133,Ishaan Rao,South,Kochi,Furniture,Meeting Table,Meeting Table,7,19043.69,0.0,133305.83,18965.83,UPI,Small Business,4.2
ORD102075,2024-05-25,CUST1322,Ananya Singh,East,Guwahati,Office Supplies,Pen Set,Pen Set,8,227.87,0.2,1458.37,175.87,UPI,Corporate,4.2
ORD102076,2025-04-08,CUST1334,Sneha Singh,South,Kochi,Electronics,Smartphone,Smartphone,1,28619.31,0.1,25757.38,2453.53,Cash on Delivery,Small Business,5.0
ORD102077,2024-10-26,CUST1061,Aditya Reddy,South,Chennai,Office Supplies,Calculator,Calculator,3,605.72,0.0,1817.16,444.77,UPI,Consumer,4.2
ORD102078,2025-11-08,CUST1013,Aditya Sharma,South,Chennai,Electronics,Smartphone,Smartphone,5,29403.47,0.1,132315.62,8443.36,Debit Card,Consumer,3.4
ORD102079,2025-06-03,CUST1019,Arjun Patel,South,Bengaluru,Furniture,Meeting Table,Meeting Table,7,16675.02,0.1,105052.63,4595.22,UPI,Consumer,3.5
ORD102080,2024-02-23,CUST1059,Rahul Reddy,North,Jaipur,Electronics,Monitor,Monitor,2,12826.64,0.1,23087.95,2080.13,Debit Card,Small Business,4.6
ORD102081,2025-09-28,CUST1297,Vikram Iyer,West,Mumbai,Office Supplies,File Folder,File Folder,2,126.83,0.1,228.29,36.33,Credit Card,Consumer,4.3
ORD102082,2025-06-13,CUST1156,Priya Kapoor,North,Lucknow,Office Supplies,File Folder,File Folder,3,109.68,0.1,296.14,60.84,Debit Card,Consumer,2.9
ORD102083,2024-06-06,CUST1275,Arjun Patel,South,Chennai,Office Supplies,Calculator,Calculator,2,617.11,0.15,1049.09,125.2,UPI,Corporate,4.4
ORD102084,2024-07-25,CUST1036,Diya Iyer,East,Guwahati,Office Supplies,Notebook,Notebook,3,194.66,0.0,583.98,165.43,UPI,Small Business,3.2
ORD102085,2024-05-06,CUST1241,Aarav Kumar,North,Chandigarh,Office Supplies,Calculator,Calculator,2,700.79,0.05,1331.5,223.42,Net Banking,Corporate,4.3
ORD102086,2024-08-14,CUST1299,Rahul Iyer,East,Guwahati,Office Supplies,Calculator,Calculator,7,707.14,0.0,4949.98,1570.15,Credit Card,Corporate,3.4
ORD102087,2025-11-20,CUST1391,Rohan Rao,East,Kolkata,Furniture,Meeting Table,Meeting Table,7,17491.36,0.1,110195.57,2828.53,UPI,Consumer,3.8
ORD102088,2025-10-21,CUST1128,Pooja Mehta,East,Bhubaneswar,Office Supplies,Printer Paper,Printer Paper,2,457.28,0.1,823.1,150.36,Credit Card,Small Business,3.6
ORD102089,2025-02-06,CUST1219,Rahul Das,South,Hyderabad,Office Supplies,Calculator,Calculator,5,695.59,0.15,2956.26,426.16,UPI,Consumer,5.0
ORD102090,2024-09-21,CUST1194,Ananya Verma,North,Jaipur,Office Supplies,Stapler,Stapler,6,204.63,0.0,1227.78,291.68,Credit Card,Consumer,4.3
ORD102091,2024-09-24,CUST1140,Priya Rao,West,Ahmedabad,Electronics,Headphones,Headphones,6,3707.78,0.1,20022.01,2312.06,Credit Card,Consumer,4.9
ORD102092,2025-11-30,CUST1256,Pooja Kumar,South,Chennai,Furniture,Desk,Desk,8,11057.36,0.05,84035.94,8342.67,UPI,Consumer,5.0
ORD102093,2024-05-25,CUST1226,Ananya Bose,West,Mumbai,Office Supplies,Calculator,Calculator,6,715.59,0.05,4078.86,773.64,Credit Card,Corporate,4.0
ORD102094,2025-07-07,CUST1334,Sneha Singh,North,Chandigarh,Electronics,Monitor,Monitor,6,14562.92,0.15,74270.89,2597.07,Debit Card,Corporate,5.0
ORD102095,2025-12-28,CUST1012,Priya Sharma,North,Chandigarh,Electronics,Keyboard,Keyboard,1,1815.35,0.0,1815.35,328.82,Cash on Delivery,Consumer,3.5
ORD102096,2025-09-17,CUST1089,Vikram Nair,West,Mumbai,Office Supplies,Notebook,Notebook,1,181.2,0.05,172.14,35.22,Debit Card,Consumer,4.9
ORD102097,2025-06-09,CUST1232,Meera Bose,West,Surat,Furniture,Desk,Desk,5,11278.8,0.05,53574.3,6017.91,Credit Card,Consumer,3.4
ORD102098,2025-10-19,CUST1230,Kavya Bose,West,Mumbai,Electronics,Smartphone,Smartphone,8,27330.85,0.15,185849.78,13021.88,Net Banking,Consumer,4.0
ORD102099,2024-06-08,CUST1361,Vikram Gupta,West,Surat,Electronics,Headphones,Headphones,4,3709.89,0.05,14097.58,1913.6,UPI,Small Business,4.4
ORD102100,2025-12-20,CUST1270,Sneha Sharma,North,Chandigarh,Furniture,Bookshelf,Bookshelf,6,7133.05,0.2,34238.64,-1193.15,Debit Card,Corporate,4.5
ORD102101,2024-03-07,CUST1002,Ananya Sharma,West,Surat,Office Supplies,Calculator,Calculator,2,660.69,0.3,924.97,-51.95,UPI,Consumer,3.0
ORD102102,2024-01-11,CUST1196,Diya Verma,East,Patna,Office Supplies,File Folder,File Folder,4,113.15,0.15,384.71,41.21,UPI,Consumer,3.3
ORD102103,2024-05-25,CUST1339,Arjun Nair,North,Jaipur,Office Supplies,Notebook,Notebook,7,189.34,0.05,1259.11,270.33,Debit Card,Small Business,4.5
ORD102104,2025-03-21,CUST1350,Sneha Nair,North,Lucknow,Office Supplies,Stapler,Stapler,6,216.97,0.15,1106.55,166.41,UPI,Small Business,3.7
ORD102105,2024-06-30,CUST1321,Aarav Singh,West,Mumbai,Office Supplies,Notebook,Notebook,1,169.24,0.0,169.24,43.16,Debit Card,Small Business,3.0
ORD102106,2025-04-08,CUST1191,Karan Menon,South,Bengaluru,Electronics,Mouse,Mouse,8,996.87,0.2,6379.97,296.39,Debit Card,Consumer,3.9
ORD102107,2024-03-22,CUST1043,Rahul Iyer,West,Mumbai,Office Supplies,Calculator,Calculator,8,657.47,0.1,4733.78,883.79,UPI,Consumer,3.9
ORD102108,2025-05-24,CUST1086,Kavya Nair,North,Jaipur,Electronics,Smartphone,Smartphone,4,28452.71,0.0,113810.84,19096.52,Credit Card,Consumer,4.1
ORD102109,2024-06-16,CUST1339,Arjun Nair,South,Kochi,Electronics,Smartphone,Smartphone,3,31245.25,0.05,89048.96,11932.49,Debit Card,Corporate,4.4
ORD102110,2025-01-17,CUST1137,Vikram Rao,South,Bengaluru,Office Supplies,Notebook,Notebook,5,176.51,0.15,750.17,99.56,Debit Card,Consumer,4.3
ORD102111,2024-03-26,CUST1306,Ananya Reddy,South,Chennai,Office Supplies,File Folder,File Folder,7,132.9,0.2,744.24,51.19,Net Banking,Corporate,3.4
ORD102112,2025-12-10,CUST1015,Karan Sharma,East,Bhubaneswar,Electronics,Laptop,Laptop,4,68437.43,0.1,246374.75,32837.38,UPI,Consumer,3.7
ORD102113,2024-10-03,CUST1197,Ishaan Verma,West,Surat,Office Supplies,Printer Paper,Printer Paper,1,467.68,0.1,420.91,57.78,Net Banking,Corporate,4.7
ORD102114,2025-03-18,CUST1381,Aditya Mehta,West,Ahmedabad,Furniture,Office Chair,Office Chair,1,8088.36,0.15,6875.11,2.77,Credit Card,Consumer,3.6
ORD102115,2024-12-21,CUST1099,Arjun Gupta,East,Guwahati,Electronics,Keyboard,Keyboard,7,1640.5,0.15,9760.98,691.92,UPI,Small Business,3.7
ORD102116,2025-03-11,CUST1013,Aditya Sharma,North,Jaipur,Electronics,Headphones,Headphones,7,3487.09,0.15,20748.19,926.69,Debit Card,Consumer,2.9
ORD102117,2024-11-28,CUST1116,Diya Mehta,West,Pune,Electronics,Smartphone,Smartphone,7,25262.65,0.05,167996.62,20836.62,UPI,Corporate,4.0
ORD102118,2024-02-23,CUST1026,Nisha Patel,East,Guwahati,Furniture,Meeting Table,Meeting Table,2,16481.17,0.1,29666.11,981.89,UPI,Consumer,4.3
ORD102119,2025-08-29,CUST1245,Ishaan Kumar,East,Guwahati,FURNITURE,Office Chair,Office Chair,2,8763.26,0.2,14021.22,-416.43,UPI,Corporate,2.5
ORD102120,2025-04-14,CUST1077,Aditya Singh,East,,Furniture,Meeting Table,Meeting Table,4,19068.91,0.0,76275.64,8199.92,Net Banking,Corporate,3.2
ORD102121,2024-07-04,CUST1099,Arjun Gupta,West,Ahmedabad,Electronics,Mouse,Mouse,2,843.25,0.05,1602.18,177.48,Cash on Delivery,Consumer,2.9
ORD102122,2024-03-02,CUST1236,Priya Bose,West,Surat,Office Supplies,Stapler,Stapler,4,233.45,0.0,933.8,260.31,Cash on Delivery,Consumer,4.6
ORD102123,2025-10-10,CUST1131,Arjun Rao,East,Patna,Office Supplies,Printer Paper,Printer Paper,5,499.02,0.1,2245.59,392.94,UPI,Consumer,2.6
ORD102124,2024-08-31,CUST1261,Ishaan Sharma,East,Kolkata,Office Supplies,File Folder,File Folder,3,127.62,0.15,325.43,48.06,Credit Card,Consumer,3.9
ORD102125,2025-10-25,CUST1373,Ishaan Mehta,East,Bhubaneswar,Electronics,Smartphone,Smartphone,1,30033.85,0.05,28532.16,4464.81,Net Banking,Corporate,4.5
ORD102126,2025-07-13,CUST1373,Ishaan Mehta,South,Bengaluru,Office Supplies,Notebook,Notebook,4,189.75,0.1,683.1,149.94,UPI,Consumer,4.1
ORD102127,2025-12-02,CUST1292,Diya Iyer,South,Chennai,Office Supplies,Printer Paper,Printer Paper,6,427.25,0.0,2563.5,712.33,Credit Card,Consumer,3.7
ORD102128,2025-04-27,CUST1388,Diya Rao,East,Kolkata,Electronics,Monitor,Monitor,5,13711.54,0.2,54846.16,-444.36,UPI,Consumer,4.3
ORD102129,2024-05-12,CUST1295,Rohan Iyer,North,Lucknow,Electronics,Mouse,Mouse,3,997.95,0.15,2544.77,163.52,Credit Card,Consumer,4.8
ORD102130,2024-01-26,CUST1028,Priya Patel,South,Bengaluru,Electronics,Monitor,Monitor,3,14636.53,0.1,39518.63,3203.49,Debit Card,Consumer,3.9
ORD102131,2024-06-28,CUST1383,Karan Mehta,East,Kolkata,Electronics,Printer,Printer,5,12883.03,0.15,54752.88,2252.91,UPI,Corporate,2.3
ORD102132,2024-11-17,CUST1227,Arjun Bose,West,Pune,Furniture,Meeting Table,Meeting Table,2,20036.03,0.0,40072.06,3393.6,UPI,Consumer,4.9
ORD102133,2025-04-01,CUST1003,Arjun Sharma,East,Bhubaneswar,Electronics,Monitor,Monitor,7,13312.83,0.2,74551.85,212.26,Debit Card,Small Business,4.3
ORD102134,2025-10-16,CUST1249,Vikram Kumar,South,Chennai,Electronics,Headphones,Headphones,7,3397.7,0.15,20216.31,1336.82,Debit Card,Corporate,4.0
ORD102135,2024-04-12,CUST1098,Ananya Gupta,South,Chennai,office supplies,Calculator,Calculator,1,677.21,0.0,677.21,168.18,UPI,Consumer,2.5
ORD102136,2025-04-09,CUST1214,Kavya Das,East,Patna,Electronics,Smartphone,Smartphone,8,25350.04,0.3,141960.22,-14548.68,UPI,Small Business,3.8
ORD102137,2024-03-03,CUST1264,Meera Sharma,East,Patna, electronics,Laptop,Laptop,1,66668.43,0.0,66668.43,9461.88,Cash on Delivery,Corporate,3.3
ORD102138,2024-12-17,CUST1012,Priya Sharma,North,Jaipur,Office Supplies,Pen Set,Pen Set,4,269.48,0.1,970.13,211.29,Debit Card,Corporate,3.1
ORD102139,2024-02-23,CUST1176,Pooja Joshi,East,Guwahati,Electronics,Keyboard,Keyboard,6,1861.74,0.0,11170.44,2101.48,Credit Card,Consumer,3.9
ORD102140,2024-09-30,CUST1023,Rohan Patel,South,Kochi,Electronics,Laptop,Laptop,3,62724.12,0.15,159946.51,5102.02,Debit Card,Corporate,3.6
ORD102141,2025-03-19,CUST1046,Sneha Iyer,East,Patna,Electronics,Monitor,Monitor,2,14830.24,0.0,29660.48,5681.3,Cash on Delivery,Consumer,3.6
ORD102142,2025-06-24,CUST1085,Ishaan Nair,West,Mumbai,Electronics,Printer,Printer,1,11185.52,0.0,11185.52,2625.57,UPI,Consumer,4.6
ORD102143,2025-08-11,CUST1313,Vikram Reddy,West,Surat,Furniture,Office Chair,Office Chair,6,9323.23,0.1,50345.44,2543.03,UPI,Consumer,4.2
ORD102144,2025-01-18,CUST1166,Kavya Joshi,East,Kolkata,Electronics,Laptop,Laptop,1,59943.08,0.3,41960.16,-6070.66,Credit Card,Consumer,3.6
ORD102145,2024-07-08,CUST1019,Arjun Patel,South,Chennai,Electronics,Monitor,Monitor,4,15259.55,0.05,57986.29,11818.03,Net Banking,Corporate,3.5
ORD102146,2025-10-29,CUST1299,Rahul Iyer,South,Bengaluru,Office Supplies,Notebook,Notebook,4,181.71,0.1,654.16,77.69,UPI,Consumer,3.7
ORD102147,2025-11-13,CUST1218,Nisha Das,North,Chandigarh,Office Supplies,Notebook,Notebook,8,178.97,0.1,1288.58,205.98,UPI,Consumer,3.8
ORD102148,2025-12-08,CUST1057,Vikram Reddy,West,Mumbai,Electronics,Smartphone,Smartphone,8,28284.08,0.2,181018.11,-3318.99,UPI,Small Business,4.4
ORD102149,2025-08-01,CUST1225,Aarav Bose,West,Pune,Electronics,Laptop,Laptop,7,61362.95,0.05,408063.62,48559.55,Debit Card,Consumer,3.2
ORD102150,2025-07-22,CUST1100,Diya Gupta,West,Pune,Furniture,Meeting Table,Meeting Table,6,18012.43,0.1,97267.12,4095.94,Debit Card,Consumer,5.0
ORD102151,2024-02-26,CUST1255,Karan Kumar,South,Bengaluru,Office Supplies,Notebook,Notebook,5,195.65,0.3,684.78,-38.88,Credit Card,Consumer,4.4
ORD102152,2025-02-22,CUST1380,Priya Mehta,South,Kochi,Office Supplies,Stapler,Stapler,3,236.77,0.05,674.79,138.5,UPI,Small Business,1.9
ORD102153,2024-10-24,CUST1127,Karan Mehta,West,Pune,Electronics,Keyboard,Keyboard,2,1684.57,,3032.23,375.04,Net Banking,Corporate,4.1
ORD102154,2024-07-08,CUST1299,Rahul Iyer,East,Kolkata,Electronics,Keyboard,Keyboard,8,1886.67,0.2,12074.69,-133.8,UPI,Corporate,4.8
ORD102155,2024-02-19,CUST1010,Nisha Sharma,East,Kolkata,Furniture,Sofa,Sofa,4,26124.1,0.05,99271.58,4243.15,Debit Card,Small Business,4.3
ORD102156,2024-06-04,CUST1163,Arjun Joshi,South,Chennai,Office Supplies,File Folder,File Folder,4,129.64,0.05,492.63,100.51,UPI,Corporate,3.7
ORD102157,2025-10-31,CUST1356,Diya Gupta,South,Chennai,Office Supplies,Printer Paper,Printer Paper,2,447.14,0.05,849.57,169.1,Cash on Delivery,Small Business,4.0
ORD102158,2025-10-26,CUST1030,Sneha Patel,East,Guwahati,Electronics,Laptop,Laptop,3,59187.73,0.15,150928.71,5677.83,Credit Card,Corporate,4.1
ORD102159,2025-06-26,CUST1372,Diya Mehta,West,Pune,Furniture,Office Chair,Office Chair,6,9391.29,0.2,45078.19,-3593.12,Debit Card,Small Business,4.6
ORD102160,2024-03-15,CUST1038,Kavya Iyer,South,Bengaluru,Electronics,Mouse,Mouse,4,888.39,0.1,3198.2,345.34,UPI,Corporate,2.9
ORD102161,2025-05-16,CUST1193,Aarav Verma,West,Surat,Office Supplies,Notebook,Notebook,5,176.29,0.1,793.3,142.7,UPI,Consumer,3.5
ORD102162,2024-04-02,CUST1073,Vikram Singh,North,Chandigarh,Office Supplies,Pen Set,Pen Set,2,266.77,0.05,506.86,91.67,Debit Card,Consumer,5.0
ORD102163,2025-05-14,CUST1009,Vikram Sharma,South,Chennai,Furniture,Office Chair,Office Chair,1,8143.63,0.0,8143.63,788.46,Credit Card,Consumer,4.0
ORD102164,2024-01-25,CUST1140,Priya Rao,West,Pune,Electronics,Laptop,Laptop,8,70436.9,0.0,563495.2,103351.95,Net Banking,Consumer,5.0
ORD102165,2024-07-27,CUST1233,Vikram Bose,West,Pune,Furniture,Office Chair,Office Chair,4,7792.22,0.0,31168.88,2988.34,Credit Card,Small Business,5.0
ORD102166,2024-03-30,CUST1289,Aarav Iyer,West,Surat,Furniture,Bookshelf,Bookshelf,3,7440.7,0.0,22322.1,2778.35,Credit Card,Corporate,3.6
ORD102167,2025-11-13,CUST1127,Karan Mehta,South,Bengaluru,Office Supplies,Stapler,Stapler,3,244.74,0.15,624.09,99.36,Net Banking,Corporate,
ORD102168,2025-02-19,CUST1197,Ishaan Verma,West,Mumbai,Electronics,Laptop,Laptop,6,72739.49,0.0,436436.94,77905.93,Credit Card,Corporate,3.8
ORD102169,2025-11-05,CUST1073,Vikram Singh,West,Ahmedabad,Office Supplies,Printer Paper,Printer Paper,5,496.46,0.0,2482.3,545.26,Net Banking,Small Business,4.8
ORD102170,2024-01-15,CUST1292,Diya Iyer,West,Pune,Electronics,Laptop,Laptop,4,70951.9,0.05,269617.22,39715.31,Credit Card,Corporate,4.9
ORD102171,2025-06-24,CUST1068,Diya Singh,North,Delhi,Electronics,Keyboard,Keyboard,8,1730.44,0.05,13151.34,1749.9,UPI,Consumer,5.0
ORD102172,2024-12-16,CUST1345,Vikram Nair,East,Guwahati,Electronics,Mouse,Mouse,8,1001.4,0.0,8011.2,1411.94,Net Banking,Consumer,4.0
ORD102173,2024-12-08,CUST1072,Meera Singh,West,Mumbai,Electronics,Headphones,Headphones,2,3864.48,0.0,7728.96,1483.06,UPI,Consumer,4.4
ORD102174,2025-09-30,CUST1266,Nisha Sharma,West,Surat,Electronics,Headphones,Headphones,6,3561.47,0.05,20300.38,3142.01,UPI,Consumer,3.5
ORD102175,2024-02-04,CUST1133,Ishaan Rao,North,Lucknow,Office Supplies,Notebook,Notebook,8,177.92,0.1,1281.02,212.51,UPI,Consumer,2.1
ORD102176,2025-11-21,CUST1399,Karan Rao,West,Pune,Electronics,Smartphone,Smartphone,4,25873.09,0.15,87968.51,4484.9,Credit Card,Consumer,4.0
ORD102177,2024-01-21,CUST1113,Aarav Mehta,North,Chandigarh,Electronics,Mouse,Mouse,1,926.95,0.2,741.56,45.67,Debit Card,Consumer,3.1
ORD102178,2024-09-22,CUST1380,Priya Mehta,South,Hyderabad,Electronics,Monitor,Monitor,2,14757.68,0.15,25088.06,2070.11,UPI,Consumer,4.5
ORD102179,2024-04-10,CUST1335,Karan Singh,East,Guwahati,Electronics,Laptop,Laptop,6,64277.15,0.1,347096.61,40207.2,UPI,Small Business,2.6
ORD102180,2025-01-17,CUST1188,Priya Menon,South,Chennai,Office Supplies,Calculator,Calculator,8,643.06,0.2,4115.58,342.75,UPI,Consumer,3.4
ORD102181,2025-03-11,CUST1199,Rohan Verma,East,Bhubaneswar,Office Supplies,Calculator,Calculator,2,666.98,0.1,1200.56,167.91,UPI,Small Business,4.2
ORD102182,2025-04-14,CUST1142,Sneha Rao,North,Delhi,Electronics,Laptop,Laptop,5,58897.31,0.1,265037.9,32648.6,UPI,Consumer,4.3
ORD102183,2025-08-06,CUST1172,Priya Joshi,East,Guwahati,Office Supplies,Notebook,Notebook,4,199.93,0.1,719.75,121.35,UPI,Small Business,4.0
ORD102184,2025-07-02,CUST1187,Rahul Menon,East,Kolkata,Office Supplies,Notebook,Notebook,3,173.48,0.05,494.42,95.46,Net Banking,Corporate,5.0
ORD102185,2025-11-24,CUST1059,Rahul Reddy,East,Guwahati,Office Supplies,Notebook,Notebook,6,167.58,0.05,955.21,192.4,Debit Card,Small Business,5.0
ORD102186,2024-11-24,CUST1130,Ananya Rao,South,Hyderabad,Electronics,Keyboard,Keyboard,8,1622.17,0.0,12977.36,2022.46,UPI,Consumer,3.5
ORD102187,2024-05-08,CUST1351,Karan Nair,South,Kochi,Electronics,Laptop,Laptop,2,70753.55,0.15,120281.04,9494.17,UPI,Corporate,5.0
ORD102188,2024-04-23,CUST1392,Meera Rao,South,Bengaluru,Furniture,Sofa,Sofa,1,26157.73,0.0,26157.73,3585.6,UPI,Consumer,5.0
ORD102189,2024-07-20,CUST1022,Kavya Patel,South,Chennai,Office Supplies,Pen Set,Pen Set,3,230.24,0.15,587.11,74.59,UPI,Consumer,3.9
ORD102190,2025-03-16,CUST1293,Ishaan Iyer,East,Guwahati,Office Supplies,Printer Paper,Printer Paper,3,420.07,0.2,1008.17,79.58,Credit Card,Corporate,4.0
ORD102191,2024-02-09,CUST1096,Pooja Nair,South,Chennai,FURNITURE,Sofa,Sofa,6,23964.92,0.1,129410.57,2327.23,Cash on Delivery,Consumer,4.0
ORD102192,2025-11-28,CUST1262,Kavya Sharma,South,Chennai,Electronics,Monitor,Monitor,5,13171.97,0.0,65859.85,8347.62,Debit Card,Consumer,3.5
ORD102193,2025-12-23,CUST1249,Vikram Kumar,South,Kochi,Office Supplies,File Folder,File Folder,1,127.43,0.1,114.69,14.87,Credit Card,Small Business,3.6
ORD102194,2024-04-30,CUST1352,Pooja Nair,North,Lucknow,Office Supplies,Notebook,Notebook,3,164.3,0.05,468.26,88.47,UPI,Consumer,5.0
ORD102195,2025-07-24,CUST1281,Vikram Patel,East,Guwahati,Furniture,Office Chair,Office Chair,6,8677.96,0.3,36447.43,-5734.06,Debit Card,Corporate,4.3
ORD102196,2025-03-11,CUST1330,Nisha Singh,West,Surat,Office Supplies,Stapler,Stapler,4,216.53,0.15,736.2,95.51,Cash on Delivery,Consumer,3.6
ORD102197,2024-12-17,CUST1321,Aarav Singh,South,Chennai,Furniture,Office Chair,Office Chair,5,8519.45,0.15,36207.66,463.0,UPI,Consumer,3.3
ORD102198,2025-06-21,CUST1259,Arjun Sharma,West,Mumbai,Furniture,Sofa,Sofa,3,23842.72,0.1,64375.34,2046.43,Net Banking,Consumer,
ORD102199,2025-02-24,CUST1165,Ishaan Joshi,East,Bhubaneswar,Furniture,Desk,Desk,3,11204.34,0.15,28571.07,792.07,UPI,Consumer,3.9
ORD102200,2024-08-24,CUST1135,Rohan Rao,North,Delhi,Office Supplies,Notebook,Notebook,2,170.72,0.15,290.22,29.87,Debit Card,Small Business,4.7
ORD102201,2025-02-14,CUST1139,Rahul Rao,South,Kochi,Office Supplies,Stapler,Stapler,1,201.14,0.0,201.14,49.6,UPI,Small Business,3.4
ORD102202,2024-04-09,CUST1144,Pooja Rao,North,Delhi,Furniture,Bookshelf,Bookshelf,1,6477.54,0.05,6153.66,469.06,Debit Card,Consumer,4.7
ORD102203,2024-07-04,CUST1116,Diya Mehta,North,Chandigarh,Electronics,Mouse,Mouse,5,1003.62,0.0,5018.1,1040.28,UPI,Consumer,4.1
ORD102204,2025-12-12,CUST1125,Aditya Mehta,South,Kochi,Furniture,Office Chair,Office Chair,2,8173.2,0.1,14711.76,553.86,Credit Card,Small Business,4.1
ORD102205,2024-05-15,CUST1228,Diya Bose,South,Hyderabad,Electronics,Headphones,Headphones,5,3386.41,0.2,13545.64,180.69,Debit Card,Consumer,4.8
ORD102206,2025-03-13,CUST1109,Aditya Gupta,West,Mumbai,Electronics,Mouse,Mouse,8,835.17,0.1,6013.22,322.48,Debit Card,Consumer,4.6
ORD102207,2024-08-05,CUST1140,Priya Rao,North,Jaipur,Electronics,Smartphone,Smartphone,6,29851.81,0.1,161199.77,11687.36,Debit Card,Consumer,2.9
ORD102208,2024-12-05,CUST1284,Priya Patel,West,Ahmedabad,Furniture,Meeting Table,Meeting Table,5,19859.61,0.2,79438.44,-1795.4,UPI,Corporate,3.2
ORD102209,2024-06-29,CUST1132,Diya Rao,North,Lucknow,Electronics,Mouse,Mouse,1,966.37,0.0,966.37,123.81,Debit Card,Consumer,3.8
ORD102210,2025-02-19,CUST1043,Rahul Iyer,North,Jaipur,Electronics,Headphones,Headphones,4,3621.71,0.0,14486.84,3094.02,UPI,Consumer,4.3
ORD102211,2025-02-11,CUST1007,Rohan Sharma,East,Bhubaneswar,Office Supplies,Printer Paper,Printer Paper,8,485.51,0.2,3107.26,287.4,Debit Card,Small Business,5.0
ORD102212,2025-03-27,CUST1307,Arjun Reddy,West,Surat,Electronics,Printer,Printer,4,11867.17,0.2,37974.94,-329.93,UPI,Small Business,4.0
ORD102213,2024-08-13,CUST1380,Priya Mehta,East,Patna,Office Supplies,Pen Set,Pen Set,7,272.27,0.15,1620.01,164.75,Credit Card,Corporate,5.0
ORD102214,2025-02-27,CUST1274,Ananya Patel,North,Jaipur,Office Supplies,Printer Paper,Printer Paper,6,484.05,0.05,2759.08,703.29,Credit Card,Corporate,3.5
ORD102215,2025-06-16,CUST1025,Vikram Patel,North,Delhi,Furniture,Office Chair,Office Chair,3,7653.23,0.3,16071.78,-1602.6,Cash on Delivery,Small Business,3.6
ORD102216,2025-06-10,CUST1226,Ananya Bose,South,Hyderabad,Electronics,Laptop,Laptop,2,65475.46,0.15,111308.28,5511.32,Debit Card,Corporate,3.8
ORD102217,2025-02-19,CUST1109,Aditya Gupta,South,Kochi,Electronics,Laptop,Laptop,1,62284.02,0.15,52941.42,2957.56,UPI,Corporate,3.4
ORD102218,2024-08-06,CUST1129,Aarav Rao,West,Surat,Furniture,Desk,Desk,3,11027.65,0.05,31428.8,1928.01,Debit Card,Consumer,4.9
ORD102219,2025-01-24,CUST1369,Aarav Mehta,South,Bengaluru,Furniture,Meeting Table,Meeting Table,3,19550.94,0.1,52787.54,2025.44,UPI,Consumer,1.9
ORD102220,2025-01-27,CUST1330,Nisha Singh,North,Delhi,Electronics,Keyboard,Keyboard,6,1623.15,0.15,8278.06,295.13,UPI,Small Business,3.6
ORD102221,2025-11-26,CUST1295,Rohan Iyer,West,Ahmedabad,Furniture,Sofa,Sofa,5,25455.26,0.2,101821.04,-5290.99,Credit Card,Corporate,4.9
ORD102222,2024-10-02,CUST1201,Vikram Verma,North,Lucknow,Furniture,Office Chair,Office Chair,4,9497.92,0.1,34192.51,2744.23,Net Banking,Consumer,3.8
ORD102223,2024-08-23,CUST1232,Meera Bose,North,Lucknow,Electronics,Headphones,Headphones,6,3521.16,0.1,19014.26,1760.9,Cash on Delivery,Corporate,4.8
ORD102224,2025-07-02,CUST1367,Karan Gupta,South,Chennai,Office Supplies,File Folder,File Folder,7,117.8,0.15,700.91,67.5,Cash on Delivery,Small Business,5.0
ORD102225,2025-04-09,CUST1265,Vikram Sharma,South,Bengaluru,Electronics,Headphones,Headphones,6,3616.49,0.1,19529.05,1188.16,UPI,Consumer,4.1
ORD102226,2024-11-08,CUST1232,Meera Bose,East,Bhubaneswar,Electronics,Smartphone,Smartphone,8,30156.94,0.1,217129.97,21317.37,UPI,Corporate,4.9
ORD102227,2024-01-01,CUST1039,Rohan Iyer,West,Mumbai,Office Supplies,Pen Set,Pen Set,3,238.21,0.0,714.63,165.06,Net Banking,Consumer,5.0
ORD102228,2025-05-30,CUST1399,Karan Rao,West,Surat,Electronics,Printer,Printer,7,11461.85,0.0,80232.95,14936.57,UPI,Corporate,4.3
ORD102229,2025-06-22,CUST1324,Diya Singh,South,Chennai,Office Supplies,Stapler,Stapler,4,227.39,0.15,773.13,63.41,Credit Card,Small Business,4.0
ORD102230,2025-11-11,CUST1146,Ananya Kapoor,West,Ahmedabad,Furniture,Bookshelf,Bookshelf,2,7747.41,0.0,15494.82,2126.76,Cash on Delivery,Small Business,4.7
ORD102231,2025-01-02,CUST1101,Ishaan Gupta,East,Patna,Electronics,Laptop,Laptop,2,62767.69,0.0,125535.38,19269.16,UPI,Small Business,4.9
ORD102232,2025-01-11,CUST1388,Diya Rao,North,Chandigarh,Office Supplies,Calculator,Calculator,1,638.88,0.2,511.1,41.48,Credit Card,Corporate,4.0
ORD102233,2024-06-01,CUST1383,Karan Mehta,West,Surat,Electronics,Headphones,Headphones,8,3914.87,0.15,26621.12,1172.46,Net Banking,Consumer,
ORD102234,2024-12-02,CUST1169,Vikram Joshi,North,Jaipur,Electronics,Monitor,Monitor,2,13142.76,0.0,26285.52,5860.61,Debit Card,Corporate,5.0
ORD102235,2024-01-02,CUST1093,Aditya Nair,East,Patna,Office Supplies,Calculator,Calculator,7,596.01,0.05,3963.47,839.41,Cash on Delivery,Consumer,3.8
ORD102236,2025-01-01,CUST1320,Pooja Reddy,West,Pune,Office Supplies,Notebook,Notebook,7,185.35,0.15,1102.83,188.74,Debit Card,Corporate,4.9
ORD102237,2025-05-31,CUST1251,Rahul Kumar,North,Delhi,Office Supplies,Stapler,Stapler,4,199.17,,717.01,128.36,UPI,Consumer,
ORD102238,2025-07-28,CUST1361,Vikram Gupta,South,Bengaluru,Electronics,Printer,Printer,8,11276.34,0.1,81189.65,10606.22,Net Banking,Consumer,5.0
ORD102239,2025-04-29,CUST1219,Rahul Das,South,Bengaluru,Electronics,Headphones,Headphones,8,3629.1,0.1,26129.52,2345.91,Net Banking,Consumer,3.4
ORD102240,2025-08-11,CUST1221,Aditya Das,West,Ahmedabad,Office Supplies,Notebook,Notebook,8,188.12,0.05,1429.71,309.01,Cash on Delivery,Consumer,3.4
ORD102241,2025-05-01,CUST1058,Nisha Reddy,North,Jaipur,Electronics,Smartphone,Smartphone,4,28344.22,0.15,96370.35,7995.47,Credit Card,Consumer,4.6
ORD102242,2025-07-24,CUST1242,Ananya Kumar,East,Bhubaneswar,Electronics,Laptop,Laptop,3,63987.6,0.0,191962.8,38896.27,Credit Card,Consumer,3.2
ORD102243,2024-11-15,CUST1146,Ananya Kapoor,South,Bengaluru,Office Supplies,Stapler,Stapler,1,225.89,0.1,203.3,36.24,UPI,Consumer,4.1
ORD102244,2025-03-16,CUST1083,Arjun Nair,North,Jaipur,Electronics,Monitor,Monitor,7,14581.63,0.0,102071.41,17536.03,UPI,Consumer,5.0
ORD102245,2025-04-12,CUST1313,Vikram Reddy,East,,Electronics,Laptop,Laptop,7,69989.79,0.0,489928.53,86242.41,Cash on Delivery,Small Business,2.7
ORD102246,2025-02-22,CUST1139,Rahul Rao,West,Pune,Electronics,Keyboard,Keyboard,5,1933.93,0.0,9669.65,2015.56,Cash on Delivery,Consumer,4.3
ORD102247,2025-02-21,CUST1086,Kavya Nair,East,Patna,Furniture,Office Chair,Office Chair,1,8893.18,0.2,7114.54,-116.34,Credit Card,Small Business,4.9
ORD102248,2025-07-25,CUST1385,Aarav Rao,North,Jaipur,Office Supplies,File Folder,File Folder,7,131.61,0.0,921.27,216.66,Cash on Delivery,Consumer,4.0
ORD102249,2024-06-23,CUST1386,Ananya Rao,North,Lucknow,Office Supplies,Printer Paper,Printer Paper,3,487.96,0.05,1390.69,262.71,Credit Card,Small Business,3.3
ORD102250,2024-08-19,CUST1198,Kavya Verma,South,Bengaluru,Electronics,Laptop,Laptop,5,60405.42,0.0,302027.1,47538.06,Net Banking,Corporate,3.8
ORD102251,2025-01-14,CUST1119,Rohan Mehta,East,Kolkata,Electronics,Smartphone,Smartphone,6,31093.15,0.15,158575.06,11614.44,Debit Card,Small Business,3.4
ORD102252,2025-04-16,CUST1065,Aarav Singh,East,Kolkata,Furniture,Desk,Desk,2,13154.2,0.1,23677.56,278.52,Debit Card,Small Business,4.1
ORD102253,2025-01-11,CUST1251,Rahul Kumar,North,Lucknow,Furniture,Bookshelf,Bookshelf,1,6794.23,0.2,5435.38,-160.67,Debit Card,Corporate,3.8
ORD102254,2024-05-25,CUST1245,Ishaan Kumar,East,Patna,Furniture,Desk,Desk,1,10853.29,0.15,9225.3,56.66,Debit Card,Consumer,3.6
ORD102255,2025-08-25,CUST1248,Meera Kumar,South,Chennai,Office Supplies,Printer Paper,Printer Paper,8,464.79,0.1,3346.49,506.57,Net Banking,Consumer,4.3
ORD102256,2025-02-02,CUST1308,Diya Reddy,East,Guwahati,Furniture,Office Chair,Office Chair,8,8469.84,0.15,57594.91,1819.8,Credit Card,Consumer,5.0
ORD102257,2024-11-12,CUST1189,Aditya Menon,West,Ahmedabad,Furniture,Meeting Table,Meeting Table,4,19168.28,0.0,76673.12,6397.88,Net Banking,Small Business,4.2
ORD102258,2025-10-03,CUST1274,Ananya Patel,East,Kolkata,Office Supplies,Stapler,Stapler,4,223.39,0.3,625.49,22.82,UPI,Small Business,5.0
ORD102259,2024-11-14,CUST1263,Rohan Sharma,North,Jaipur,Electronics,Laptop,Laptop,4,59593.81,0.3,166862.67,-11184.45,UPI,Consumer,5.0
ORD102260,2024-04-28,CUST1319,Karan Reddy,West,Ahmedabad,Office Supplies,Notebook,Notebook,3,171.69,0.05,489.32,76.17,Debit Card,Corporate,3.6
ORD102261,2025-12-20,CUST1298,Nisha Iyer,North,Lucknow,Furniture,Office Chair,Office Chair,5,9300.32,0.1,41851.44,3130.36,Net Banking,Consumer,4.2
ORD102262,2024-10-06,CUST1015,Karan Sharma,West,Surat,Furniture,Desk,Desk,3,10899.5,0.05,31063.57,3162.44,Cash on Delivery,Corporate,3.7
ORD102263,2025-10-15,CUST1248,Meera Kumar,North,Delhi,Office Supplies,Pen Set,Pen Set,5,265.52,0.1,1194.84,184.36,UPI,Corporate,2.9
ORD102264,2025-01-12,CUST1391,Rohan Rao,East,Kolkata,Furniture,Sofa,Sofa,4,23141.46,0.15,78680.96,-2487.74,UPI,Consumer,4.3
ORD102265,2024-06-26,CUST1224,Pooja Das,North,Jaipur,Furniture,Desk,Desk,6,11994.97,0.2,57575.86,-5137.3,Credit Card,Small Business,3.2
ORD102266,2024-10-02,CUST1212,Diya Das,North,Delhi,Electronics,Mouse,Mouse,8,915.14,0.05,6955.06,1376.31,Net Banking,Consumer,4.4
ORD102267,2025-10-27,CUST1243,Arjun Kumar,East,Guwahati,Office Supplies,Pen Set,Pen Set,2,238.75,0.15,405.88,40.35,Cash on Delivery,Corporate,2.8
ORD102268,2025-11-21,CUST1224,Pooja Das,East,Kolkata,Furniture,Desk,Desk,1,12521.18,0.15,10643.0,-416.03,Net Banking,Corporate,4.1
ORD102269,2024-04-10,CUST1161,Aarav Joshi,North,Delhi,Electronics,Smartphone,Smartphone,5,29471.6,0.05,139990.1,20186.29,Credit Card,Consumer,2.8
ORD102270,2025-12-22,CUST1398,Sneha Rao,West,Mumbai,Office Supplies,Pen Set,Pen Set,1,229.68,0.1,206.71,25.64,Net Banking,Consumer,4.5
ORD102271,2025-09-15,CUST1029,Aditya Patel,South,Bengaluru,Office Supplies,Printer Paper,Printer Paper,2,442.02,0.15,751.43,73.61,UPI,Consumer,3.7
ORD102272,2025-04-18,CUST1326,Kavya Singh,South,Kochi,Furniture,Desk,Desk,7,12765.16,0.15,75952.7,1319.62,Cash on Delivery,Corporate,3.6
ORD102273,2024-05-14,CUST1064,Pooja Reddy,South,Chennai,Electronics,Smartphone,Smartphone,4,29645.29,0.3,83006.81,-5262.19,Credit Card,Small Business,4.8
ORD102274,2025-03-04,CUST1083,Arjun Nair,South,Kochi,Furniture,Meeting Table,Meeting Table,5,18356.63,0.0,91783.15,10127.42,Credit Card,Consumer,3.8
ORD102275,2024-11-07,CUST1243,Arjun Kumar,North,Jaipur,Electronics,Keyboard,Keyboard,7,1927.96,0.05,12820.93,1768.75,Credit Card,Consumer,4.1
ORD102276,2024-04-01,CUST1256,Pooja Kumar,South,Chennai,Electronics,Smartphone,Smartphone,2,25863.09,0.0,51726.18,8738.53,Net Banking,Consumer,3.9
ORD102277,2025-12-20,CUST1371,Arjun Mehta,North,Jaipur,Furniture,Meeting Table,Meeting Table,4,16668.12,0.0,66672.48,7897.36,UPI,Consumer,4.4
ORD102278,2025-03-17,CUST1118,Kavya Mehta,North,Chandigarh,Electronics,Smartphone,Smartphone,1,29250.13,0.1,26325.12,1999.52,UPI,Consumer,4.8
ORD102279,2024-03-11,CUST1011,Rahul Sharma,South,Chennai,Electronics,Smartphone,Smartphone,4,29470.94,0.2,94307.01,-424.95,Debit Card,Corporate,4.6
ORD102280,2024-09-06,CUST1103,Rohan Gupta,East,Kolkata,Office Supplies,File Folder,File Folder,2,129.5,0.1,233.1,34.9,Cash on Delivery,Consumer,3.6
ORD102281,2025-09-05,CUST1218,Nisha Das,West,Surat,Electronics,Keyboard,Keyboard,8,1691.69,0.15,11503.49,395.18,Debit Card,Small Business,4.9
ORD102282,2024-11-19,CUST1143,Karan Rao,South,Hyderabad,Office Supplies,Pen Set,Pen Set,3,253.42,,722.25,168.72,UPI,Consumer,3.3
ORD102283,2024-12-27,CUST1101,Ishaan Gupta,South,Bengaluru,Office Supplies,Calculator,Calculator,2,679.5,0.05,1291.05,292.75,Debit Card,Corporate,3.4
ORD102284,2024-04-14,CUST1366,Sneha Gupta,West,Surat,Furniture,Office Chair,Office Chair,1,8068.32,0.2,6454.66,-473.18,UPI,Consumer,3.9
ORD102285,2024-03-22,CUST1225,Aarav Bose,East,Patna,Office Supplies,Calculator,Calculator,2,658.92,0.15,1120.16,103.77,UPI,Consumer,4.8
ORD102286,2025-12-15,CUST1269,Aditya Sharma,West,Pune,Office Supplies,Notebook,Notebook,2,187.28,0.05,355.83,72.44,UPI,Consumer,3.1
ORD102287,2025-11-27,CUST1300,Priya Iyer,West,Ahmedabad,Electronics,Headphones,Headphones,2,3315.13,0.2,5304.21,338.84,Credit Card,Corporate,4.7
ORD102288,2024-03-10,CUST1164,Diya Joshi,West,Mumbai,Office Supplies,Stapler,Stapler,6,216.18,0.1,1167.37,162.62,UPI,Small Business,4.0
ORD102289,2025-02-05,CUST1295,Rohan Iyer,West,Pune,Electronics,Smartphone,Smartphone,8,26532.65,0.05,201648.14,26913.85,UPI,Consumer,3.7
ORD102290,2025-05-12,CUST1386,Ananya Rao,South,Hyderabad,Office Supplies,Stapler,Stapler,7,241.7,0.1,1522.71,254.62,UPI,Consumer,4.8
ORD102291,2025-10-05,CUST1290,Ananya Iyer,South,Chennai,Furniture,Sofa,Sofa,8,22850.3,0.15,155382.04,-1587.39,Debit Card,Corporate,3.4
ORD102292,2025-02-13,CUST1119,Rohan Mehta,South,Kochi,Electronics,Keyboard,Keyboard,8,1667.85,0.05,12675.66,1597.7,UPI,Consumer,5.0
ORD102293,2025-09-27,CUST1312,Meera Reddy,North,Lucknow,Electronics,Monitor,Monitor,4,12708.28,0.2,40666.5,1580.99,UPI,Small Business,3.9
ORD102294,2024-03-29,CUST1095,Karan Nair,East,Bhubaneswar,Office Supplies,Calculator,Calculator,4,591.43,0.1,2129.15,375.5,Credit Card,Consumer,4.1
ORD102295,2024-01-11,CUST1030,Sneha Patel,East,Bhubaneswar,Electronics,Mouse,Mouse,6,847.93,0.1,4578.82,531.81,Net Banking,Small Business,5.0
ORD102296,2024-12-05,CUST1178,Ananya Menon,West,Mumbai,Electronics,Monitor,Monitor,3,14473.28,0.2,34735.87,859.17,Net Banking,Corporate,4.1
ORD102297,2024-07-12,CUST1204,Priya Verma,North,Chandigarh,Electronics,Mouse,Mouse,5,813.49,0.1,3660.7,429.58,Credit Card,Consumer,
ORD102298,2025-07-06,CUST1188,Priya Menon,South,Chennai,Furniture,Meeting Table,Meeting Table,8,17335.51,0.1,124815.67,9312.52,Debit Card,Corporate,2.5
ORD102299,2024-09-03,CUST1105,Vikram Gupta,North,Jaipur,Office Supplies,Calculator,Calculator,2,593.32,0.0,1186.64,336.15,Net Banking,Consumer,3.7
ORD102300,2024-10-24,CUST1110,Sneha Gupta,West,Ahmedabad,Office Supplies,Calculator,Calculator,7,642.72,0.05,4274.09,1135.28,Debit Card,Corporate,4.3
ORD102301,2025-01-25,CUST1369,Aarav Mehta,South,Hyderabad,Furniture,Sofa,Sofa,8,21856.49,0.05,166109.32,17928.77,Credit Card,Small Business,4.8
ORD102302,2025-12-03,CUST1117,Ishaan Mehta,North,Chandigarh,Electronics,Mouse,Mouse,5,930.29,0.05,4418.88,533.64,UPI,Corporate,4.6
ORD102303,2024-02-22,CUST1314,Nisha Reddy,East,Kolkata,Electronics,Monitor,Monitor,3,14720.35,0.1,39744.95,4617.68,UPI,Consumer,4.5
ORD102304,2025-02-07,CUST1104,Meera Gupta,West,Surat,Furniture,Sofa,Sofa,3,25461.46,0.0,76384.38,10522.78,UPI,Consumer,4.8
ORD102305,2024-10-11,CUST1044,Priya Iyer,West,Ahmedabad,Office Supplies,Pen Set,Pen Set,2,237.34,0.05,450.95,115.22,Credit Card,Consumer,4.4
ORD102306,2024-01-27,CUST1026,Nisha Patel,North,Lucknow,Office Supplies,File Folder,File Folder,3,130.93,0.1,353.51,49.78,Cash on Delivery,Corporate,2.4
ORD102307,2025-08-18,CUST1098,Ananya Gupta,South,Bengaluru,Furniture,Meeting Table,Meeting Table,6,18933.54,0.05,107921.18,9869.26,UPI,Corporate,5.0
ORD102308,2025-10-30,CUST1337,Aarav Nair,North,Lucknow,Furniture,Desk,Desk,5,10949.56,0.1,49273.02,885.6,Credit Card,Consumer,3.4
ORD102309,2024-05-06,CUST1183,Rohan Menon,South,Bengaluru,Furniture,Meeting Table,Meeting Table,2,17945.44,0.15,30507.25,162.1,Cash on Delivery,Corporate,4.2
ORD102310,2025-07-09,CUST1279,Rohan Patel,East,Patna,Furniture,Bookshelf,Bookshelf,5,7482.34,0.05,35541.12,2563.63,Debit Card,Corporate,4.1
ORD102311,2025-05-27,CUST1386,Ananya Rao,South,Chennai,Furniture,Desk,Desk,7,11620.76,0.0,81345.32,10736.5,UPI,Corporate,4.0
ORD102312,2025-05-30,CUST1020,Diya Patel,North,Delhi,Office Supplies,Notebook,Notebook,1,177.11,0.1,159.4,20.68,Cash on Delivery,Consumer,3.2
ORD102313,2024-12-02,CUST1044,Priya Iyer,East,Guwahati,Furniture,Bookshelf,Bookshelf,1,7269.59,0.0,7269.59,1016.51,UPI,Consumer,2.5
ORD102314,2024-08-22,CUST1369,Aarav Mehta,North,Chandigarh,Office Supplies,File Folder,File Folder,8,109.46,0.1,788.11,134.1,UPI,Consumer,3.2
ORD102315,2024-02-21,CUST1228,Diya Bose,North,Chandigarh,Furniture,Bookshelf,Bookshelf,6,7789.08,0.15,39724.31,-146.79,Credit Card,Small Business,4.6
ORD102316,2024-01-26,CUST1248,Meera Kumar,North,Jaipur,Electronics,Laptop,Laptop,5,60995.08,0.1,274477.86,39457.76,UPI,Small Business,2.9
ORD102317,2024-05-09,CUST1137,Vikram Rao,North,Lucknow,Electronics,Smartphone,Smartphone,8,25364.3,0.1,182622.96,15602.92,Net Banking,Small Business,3.3
ORD102318,2025-01-20,CUST1331,Rahul Singh,South,Bengaluru,Furniture,Office Chair,Office Chair,5,7659.95,0.2,30639.8,-1269.82,UPI,Consumer,4.3
ORD102319,2024-04-13,CUST1259,Arjun Sharma,West,Ahmedabad,Furniture,Desk,Desk,5,11854.82,0.0,59274.1,7261.48,Net Banking,Corporate,3.2
ORD102320,2025-05-16,CUST1104,Meera Gupta,West,Surat,Furniture,Meeting Table,Meeting Table,2,19701.64,0.2,31522.62,-1420.06,UPI,Small Business,3.6
ORD102321,2025-03-29,CUST1260,Diya Sharma,North,Chandigarh,Office Supplies,Notebook,Notebook,7,194.46,0.15,1157.04,206.0,Cash on Delivery,Consumer,4.1
ORD102322,2024-09-08,CUST1002,Ananya Sharma,North,Chandigarh,Electronics,Keyboard,Keyboard,7,1981.17,0.1,12481.37,1205.64,UPI,Consumer,4.2
ORD102323,2024-03-04,CUST1097,Aarav Gupta,South,Kochi,Office Supplies,Notebook,Notebook,3,183.14,0.0,549.42,129.56,Cash on Delivery,Consumer,3.2
ORD102324,2025-01-13,CUST1082,Ananya Nair,East,Patna,Office Supplies,Stapler,Stapler,6,219.72,0.0,1318.32,391.24,UPI,Corporate,4.1
ORD102325,2025-08-24,CUST1315,Rahul Reddy,East,Bhubaneswar,Furniture,Meeting Table,Meeting Table,6,17728.01,0.2,85094.45,-4909.29,Net Banking,Consumer,4.3
ORD102326,2024-10-14,CUST1295,Rohan Iyer,West,Pune,Furniture,Desk,Desk,1,10922.54,0.05,10376.41,387.77,Net Banking,Consumer,3.0
ORD102327,2025-08-12,CUST1037,Ishaan Iyer,South,Chennai,Electronics,Smartphone,Smartphone,2,30802.65,0.2,49284.24,-419.96,Credit Card,Consumer,4.2
ORD102328,2024-07-28,CUST1363,Rahul Gupta,North,Chandigarh,Furniture,Bookshelf,Bookshelf,5,7064.11,0.1,31788.49,121.92,UPI,Corporate,3.5
ORD102329,2024-02-28,CUST1328,Meera Singh,North,Lucknow,Office Supplies,Pen Set,Pen Set,5,250.03,0.1,1125.14,135.02,Debit Card,Small Business,4.1
ORD102330,2025-04-20,CUST1174,Sneha Joshi,North,Jaipur,Office Supplies,Printer Paper,Printer Paper,6,456.0,0.1,2462.4,383.95,Debit Card,Corporate,4.5
ORD102331,2025-10-11,CUST1085,Ishaan Nair,North,Jaipur,Furniture,Meeting Table,Meeting Table,3,19344.85,0.05,55132.82,4176.01,Credit Card,Small Business,3.9
ORD102332,2025-10-07,CUST1169,Vikram Joshi,West,Mumbai,Electronics,Keyboard,Keyboard,7,1708.89,0.1,10766.01,1340.51,Debit Card,Corporate,4.7
ORD102333,2025-12-02,CUST1236,Priya Bose,South,Bengaluru,Office Supplies,Stapler,Stapler,4,232.36,0.2,743.55,71.18,Cash on Delivery,Small Business,4.6
ORD102334,2024-03-19,CUST1253,Aditya Kumar,West,Mumbai,Office Supplies,Stapler,Stapler,2,232.4,0.05,441.56,98.07,Cash on Delivery,Consumer,4.7
ORD102335,2024-02-01,CUST1139,Rahul Rao,East,Patna,Electronics,Mouse,Mouse,1,978.21,0.2,782.57,-9.65,Credit Card,Small Business,4.3
ORD102336,2025-02-20,CUST1041,Vikram Iyer,East,Guwahati,Office Supplies,File Folder,File Folder,8,108.23,0.3,606.09,10.38,UPI,Small Business,4.8
ORD102337,2025-11-25,CUST1244,Diya Kumar,South,Chennai,Electronics,Printer,Printer,6,11249.84,0.0,67499.04,14497.5,UPI,Corporate,4.3
ORD102338,2025-12-30,CUST1283,Rahul Patel,West,Mumbai,Electronics,Monitor,Monitor,4,14050.82,0.1,50582.95,5304.34,Debit Card,Consumer,2.7
ORD102339,2024-07-23,CUST1107,Rahul Gupta,North,Lucknow,Electronics,Laptop,Laptop,2,70662.73,0.0,141325.46,26931.39,Cash on Delivery,Consumer,3.4
ORD102340,2024-10-01,CUST1256,Pooja Kumar,North,Lucknow,Electronics,Keyboard,Keyboard,1,2002.19,0.1,1801.97,114.21,Credit Card,Consumer,3.8
ORD102341,2025-04-30,CUST1228,Diya Bose,South,Kochi,Office Supplies,Stapler,Stapler,2,226.79,0.3,317.51,6.78,UPI,Consumer,3.9
ORD102342,2025-10-29,CUST1201,Vikram Verma,South,Chennai,Furniture,Meeting Table,Meeting Table,1,17040.05,0.2,13632.04,-74.69,Credit Card,Consumer,4.3
ORD102343,2024-05-07,CUST1004,Diya Sharma,East,Kolkata,Electronics,Monitor,Monitor,5,13168.52,0.2,52674.08,952.02,Credit Card,Consumer,3.4
ORD102344,2025-12-14,CUST1123,Rahul Mehta,East,Kolkata,Furniture,Bookshelf,Bookshelf,2,7284.74,0.05,13841.01,867.02,Cash on Delivery,Consumer,5.0
ORD102345,2025-08-20,CUST1150,Kavya Kapoor,East,Patna,Furniture,Bookshelf,Bookshelf,2,6623.51,0.1,11922.32,369.0,Debit Card,Small Business,3.9
ORD102346,2024-02-19,CUST1334,Sneha Singh,South,Kochi,Electronics,Monitor,Monitor,3,14303.51,0.05,40765.0,5176.73,UPI,Corporate,4.0
ORD102347,2025-09-07,CUST1331,Rahul Singh,South,Kochi,Electronics,Mouse,Mouse,6,975.29,0.2,4681.39,4.63,UPI,Small Business,3.5
ORD102348,2025-04-14,CUST1350,Sneha Nair,West,Mumbai,Office Supplies,File Folder,File Folder,4,118.29,0.05,449.5,100.55,UPI,Consumer,3.2
ORD102349,2025-12-16,CUST1186,Nisha Menon,North,Delhi,Electronics,Mouse,Mouse,2,884.94,0.0,1769.88,330.94,Debit Card,Consumer,3.9
ORD102350,2024-06-02,CUST1131,Arjun Rao,East,Patna,office supplies,File Folder,File Folder,6,108.95,0.0,653.7,179.83,Debit Card,Consumer,4.0
ORD102351,2025-12-26,CUST1200,Meera Verma,East,Patna,Electronics,Smartphone,Smartphone,4,26765.16,0.05,101707.61,14927.89,UPI,Small Business,3.9
ORD102352,2024-02-04,CUST1317,Aditya Reddy,West,Ahmedabad,Office Supplies,Printer Paper,Printer Paper,2,474.12,0.05,900.83,167.46,UPI,Consumer,5.0
ORD102353,2024-02-25,CUST1249,Vikram Kumar,East,Kolkata,Office Supplies,Stapler,Stapler,6,215.44,0.0,1292.64,306.98,Cash on Delivery,Corporate,3.9
ORD102354,2024-11-23,CUST1241,Aarav Kumar,South,Chennai,Electronics,Keyboard,Keyboard,8,1682.69,0.2,10769.22,-43.84,Net Banking,Consumer,3.9
ORD102355,2025-04-25,CUST1174,Sneha Joshi,South,Chennai,Electronics,Keyboard,Keyboard,5,1661.88,0.15,7062.99,337.88,Credit Card,Consumer,4.6
ORD102356,2024-05-02,CUST1279,Rohan Patel,South,Hyderabad,Office Supplies,File Folder,File Folder,2,110.51,0.05,209.97,52.99,Credit Card,Consumer,3.9
ORD102357,2024-07-18,CUST1347,Rahul Nair,South,Kochi,Furniture,Meeting Table,Meeting Table,3,18810.17,0.15,47965.93,1984.47,Cash on Delivery,Consumer,4.4
ORD102358,2024-10-11,CUST1268,Priya Sharma,North,Chandigarh,Office Supplies,File Folder,File Folder,5,124.17,0.1,558.76,103.88,Debit Card,Consumer,3.0
ORD102359,2024-04-01,CUST1162,Ananya Joshi,East,Bhubaneswar,Electronics,Printer,Printer,8,12168.9,0.15,82748.52,4589.99,Cash on Delivery,Small Business,3.0
ORD102360,2024-05-08,CUST1336,Pooja Singh,North,Lucknow,Electronics,Headphones,Headphones,8,3535.25,0.05,26867.9,2779.72,UPI,Consumer,4.1
ORD102361,2024-04-18,CUST1378,Nisha Mehta,East,Kolkata,Furniture,Office Chair,Office Chair,8,7936.37,0.1,57141.86,2314.26,UPI,Consumer,3.8
ORD102362,2025-11-28,CUST1319,Karan Reddy,West,Surat,Office Supplies,Notebook,Notebook,7,181.82,0.05,1209.1,227.01,UPI,Consumer,3.4
ORD102363,2025-11-15,CUST1351,Karan Nair,West,Surat,Electronics,Printer,Printer,5,10958.24,0.05,52051.64,9278.88,Net Banking,Small Business,4.1
ORD102364,2025-04-04,CUST1107,Rahul Gupta,North,Chandigarh,Office Supplies,Stapler,Stapler,6,242.81,0.1,1311.17,163.7,Debit Card,Corporate,4.2
ORD102365,2025-05-14,CUST1169,Vikram Joshi,West,Surat,Office Supplies,File Folder,File Folder,6,109.53,0.15,558.6,73.8,UPI,Corporate,3.5
ORD102366,2024-04-10,CUST1100,Diya Gupta,North,Chandigarh,Electronics,Mouse,Mouse,6,893.86,0.15,4558.69,139.7,Cash on Delivery,Consumer,3.6
ORD102367,2024-02-06,CUST1147,Arjun Kapoor,South,Bengaluru,Electronics,Keyboard,Keyboard,6,1620.23,0.05,9235.31,1267.66,Cash on Delivery,Small Business,4.2
ORD102368,2024-10-02,CUST1294,Kavya Iyer,North,Jaipur,Electronics,Keyboard,Keyboard,2,1931.32,0.1,3476.38,388.14,UPI,Consumer,3.2
ORD102369,2025-12-20,CUST1271,Karan Sharma,North,Lucknow,Furniture,Sofa,Sofa,8,22477.38,0.15,152846.18,2758.75,Debit Card,Corporate,3.5
ORD102370,2024-12-15,CUST1002,Ananya Sharma,North,Chandigarh,Office Supplies,Pen Set,Pen Set,1,275.87,0.0,275.87,68.55,Debit Card,Small Business,4.4
ORD102371,2025-08-13,CUST1303,Karan Iyer,North,Delhi,Furniture,Office Chair,Office Chair,4,7732.24,0.0,30928.96,4300.07,UPI,Consumer,4.0
ORD102372,2024-09-27,CUST1077,Aditya Singh,West,Surat,Electronics,Mouse,Mouse,4,972.52,0.05,3695.58,446.94,Debit Card,Consumer,3.6
ORD102373,2024-08-14,CUST1075,Rahul Singh,North,Delhi,Office Supplies,Notebook,Notebook,8,188.0,0.05,1428.8,305.25,UPI,Consumer,3.3
ORD102374,2025-08-16,CUST1218,Nisha Das,South,Hyderabad,Furniture,Sofa,Sofa,1,22918.6,0.05,21772.67,2232.9,Cash on Delivery,Consumer,3.2
ORD102375,2024-12-10,CUST1097,Aarav Gupta,East,Kolkata,Furniture,Office Chair,Office Chair,4,8028.52,0.0,32114.08,4120.32,Net Banking,Consumer,3.9
ORD102376,2025-06-19,CUST1386,Ananya Rao,West,Ahmedabad,Furniture,Desk,Desk,3,11744.27,0.1,31709.53,690.2,Cash on Delivery,Consumer,5.0
ORD102377,2025-06-15,CUST1059,Rahul Reddy,West,Pune,Electronics,Keyboard,Keyboard,1,1948.05,0.15,1655.84,75.38,Net Banking,Consumer,4.4
ORD102378,2025-06-15,CUST1061,Aditya Reddy,North,Jaipur,Office Supplies,Stapler,Stapler,2,239.72,0.15,407.52,60.27,UPI,Corporate,3.0
ORD102379,2025-05-09,CUST1305,Aarav Reddy,West,Ahmedabad,Furniture,Sofa,Sofa,4,22525.51,0.15,76586.73,-2664.92,Credit Card,Consumer,4.5
ORD102380,2025-08-14,CUST1115,Arjun Mehta,East,Patna,Furniture,Sofa,Sofa,8,23466.21,0.05,178343.2,9611.29,Debit Card,Corporate,3.4
ORD102381,2024-12-04,CUST1286,Sneha Patel,North,Jaipur,Electronics,Laptop,Laptop,4,61896.13,0.2,198067.62,4959.56,UPI,Consumer,4.0
ORD102382,2024-08-09,CUST1273,Aarav Patel,South,Kochi,Furniture,Meeting Table,Meeting Table,8,16685.67,0.15,113462.56,-2096.63,Debit Card,Consumer,3.6
ORD102383,2025-01-09,CUST1076,Priya Singh,West,Pune,office supplies,Pen Set,Pen Set,6,260.55,0.1,1406.97,181.04,UPI,Consumer,5.0
ORD102384,2024-08-25,CUST1232,Meera Bose,South,Chennai,Electronics,Laptop,Laptop,7,63445.96,0.05,421915.63,72261.69,UPI,Small Business,3.1
ORD102385,2024-02-01,CUST1215,Rohan Das,North,Delhi,Office Supplies,Printer Paper,Printer Paper,7,427.31,0.1,2692.05,370.18,Credit Card,Consumer,4.2
ORD102386,2024-09-21,CUST1038,Kavya Iyer,West,Mumbai,Office Supplies,Pen Set,Pen Set,6,272.63,0.1,1472.2,235.57,Debit Card,Corporate,3.5
ORD102387,2024-12-31,CUST1306,Ananya Reddy,West,Ahmedabad,Electronics,Headphones,Headphones,6,3726.2,0.15,19003.62,703.36,Credit Card,Small Business,4.6
ORD102388,2025-01-15,CUST1343,Rohan Nair,West,Ahmedabad,Office Supplies,File Folder,File Folder,2,128.43,0.15,218.33,25.12,Debit Card,Corporate,4.2
ORD102389,2024-09-05,CUST1379,Rahul Mehta,West,Pune,Furniture,Sofa,Sofa,6,21806.95,0.2,104673.36,-7548.57,Credit Card,Consumer,4.9
ORD102390,2025-06-14,CUST1036,Diya Iyer,West,Pune,Office Supplies,Notebook,Notebook,1,198.24,0.2,158.59,15.52,Net Banking,Consumer,4.5
ORD102391,2024-07-27,CUST1072,Meera Singh,South,Kochi,Electronics,Laptop,Laptop,6,66718.76,0.1,360281.3,35224.91,Debit Card,Corporate,3.5
ORD102392,2025-04-18,CUST1331,Rahul Singh,North,Chandigarh,Electronics,Monitor,Monitor,6,14151.71,0.3,59437.18,-2996.15,Credit Card,Corporate,5.0
ORD102393,2024-07-16,CUST1122,Nisha Mehta,East,Kolkata,Furniture,Bookshelf,Bookshelf,7,6316.3,0.2,35371.28,-2307.24,Credit Card,Corporate,4.4
ORD102394,2025-12-22,CUST1251,Rahul Kumar,North,Delhi,Electronics,Mouse,Mouse,6,987.74,0.0,5926.44,1382.79,Credit Card,Corporate,
ORD102395,2025-04-19,CUST1140,Priya Rao,South,Bengaluru,Office Supplies,Stapler,Stapler,3,224.32,0.1,605.66,71.1,UPI,Consumer,4.2
ORD102396,2025-02-11,CUST1088,Meera Nair,East,Bhubaneswar,Furniture,Office Chair,Office Chair,3,9193.04,0.0,27579.12,2216.58,Debit Card,Corporate,4.5
ORD102397,2024-11-09,CUST1250,Nisha Kumar,West,Surat,Electronics,Printer,Printer,5,12530.55,0.05,59520.11,10792.61,UPI,Corporate,4.4
ORD102398,2025-07-06,CUST1083,Arjun Nair,South,Hyderabad,Furniture,Bookshelf,Bookshelf,4,7526.91,0.05,28602.26,2555.64,Net Banking,Small Business,4.4
ORD102399,2024-11-07,CUST1055,Rohan Reddy,South,Kochi,Office Supplies,Printer Paper,Printer Paper,3,473.6,0.1,1278.72,221.9,Net Banking,Corporate,4.7
ORD102400,2025-08-10,CUST1213,Ishaan Das,East,Guwahati,Office Supplies,Printer Paper,Printer Paper,4,496.18,0.0,1984.72,517.58,Credit Card,Consumer,4.7
ORD102401,2024-04-26,CUST1078,Sneha Singh,North,Jaipur,Furniture,Office Chair,Office Chair,5,8071.66,0.05,38340.38,3518.89,Net Banking,Corporate,3.4
ORD102402,2025-08-22,CUST1077,Aditya Singh,East,Guwahati,Electronics,Headphones,Headphones,2,3305.62,0.0,6611.24,1239.57,Debit Card,Corporate,5.0
ORD102403,2025-12-04,CUST1313,Vikram Reddy,East,Guwahati,Electronics,Monitor,Monitor,6,14794.63,0.15,75452.61,2139.26,UPI,Consumer,5.0
ORD102404,2024-06-26,CUST1212,Diya Das,East,Guwahati,Office Supplies,File Folder,File Folder,3,121.24,0.2,290.98,29.23,Debit Card,Consumer,4.6
ORD102405,2024-06-12,CUST1217,Vikram Das,South,Chennai,Office Supplies,Pen Set,Pen Set,3,257.95,0.3,541.69,6.24,Cash on Delivery,Consumer,4.0
ORD102406,2025-11-29,CUST1058,Nisha Reddy,West,Ahmedabad,Furniture,Bookshelf,Bookshelf,4,7391.16,0.1,26608.18,1881.48,UPI,Consumer,4.0
ORD102407,2024-10-23,CUST1065,Aarav Singh,South,Bengaluru,Office Supplies,File Folder,File Folder,1,122.45,0.05,116.33,29.27,UPI,Corporate,3.8
ORD102408,2025-05-23,CUST1157,Aditya Kapoor,East,Patna,Electronics,Smartphone,Smartphone,5,30052.19,0.2,120208.76,2195.24,Credit Card,Consumer,3.9
ORD102409,2024-05-19,CUST1156,Priya Kapoor,South,Kochi,Office Supplies,Pen Set,Pen Set,6,242.54,0.0,1455.24,319.15,Credit Card,Corporate,2.4
ORD102410,2024-11-08,CUST1181,Ishaan Menon,North,Chandigarh,Electronics,Smartphone,Smartphone,8,30491.38,0.3,170751.73,-5239.85,Debit Card,Consumer,5.0
ORD102411,2025-05-28,CUST1054,Kavya Reddy,East,Patna,Electronics,Mouse,Mouse,3,831.32,0.15,2119.87,57.33,Credit Card,Small Business,4.9
ORD102412,2025-10-16,CUST1360,Meera Gupta,North,Chandigarh,Furniture,Sofa,Sofa,5,24947.54,0.1,112263.93,4877.77,Net Banking,Corporate,2.7
ORD102413,2024-11-14,CUST1146,Ananya Kapoor,West,Mumbai,FURNITURE,Desk,Desk,5,13149.95,0.0,65749.75,7467.97,UPI,Corporate,4.7
ORD102414,2024-02-24,CUST1327,Rohan Singh,East,Guwahati,Office Supplies,File Folder,File Folder,6,114.67,0.0,688.02,164.6,Credit Card,Consumer,4.0
ORD102415,2024-10-29,CUST1161,Aarav Joshi,South,Kochi,Electronics,Laptop,Laptop,5,63173.74,0.1,284281.83,32438.69,Net Banking,Small Business,3.9
ORD102416,2025-04-14,CUST1189,Aditya Menon,South,Chennai,Office Supplies,Pen Set,Pen Set,7,241.8,0.1,1523.34,260.66,Credit Card,Consumer,4.4
ORD102417,2025-10-01,CUST1045,Aditya Iyer,East,Kolkata,Office Supplies,Printer Paper,Printer Paper,7,460.86,0.2,2580.82,239.58,Credit Card,Corporate,2.7
ORD102418,2025-09-01,CUST1271,Karan Sharma,South,Bengaluru,Office Supplies,Notebook,Notebook,1,178.35,0.1,160.51,23.21,UPI,Consumer,4.0
ORD102419,2025-07-09,CUST1024,Meera Patel,South,Kochi,Office Supplies,Notebook,Notebook,3,166.28,0.1,448.96,72.12,UPI,Consumer,4.1
ORD102420,2024-04-30,CUST1300,Priya Iyer,South,Hyderabad,Furniture,Meeting Table,Meeting Table,6,19729.5,0.05,112458.15,6551.99,Credit Card,Corporate,4.1
ORD102421,2025-01-15,CUST1353,Aarav Gupta,South,Kochi,Furniture,Bookshelf,Bookshelf,5,6615.2,0.1,29768.4,893.74,Credit Card,Consumer,3.0
ORD102422,2025-02-25,CUST1145,Aarav Kapoor,West,Surat,Electronics,Laptop,Laptop,4,66137.34,0.0,264549.36,46833.42,Debit Card,Consumer,4.3
ORD102423,2024-12-08,CUST1356,Diya Gupta,North,Chandigarh,Electronics,Headphones,Headphones,2,3608.0,0.15,6133.6,604.82,Debit Card,Consumer,4.8
ORD102424,2025-11-05,CUST1280,Meera Patel,West,Ahmedabad,Office Supplies,Calculator,Calculator,5,590.83,0.1,2658.74,421.45,Net Banking,Consumer,4.3
ORD102425,2025-12-02,CUST1002,Ananya Sharma,South,,Furniture,Desk,Desk,6,11052.68,0.15,56368.67,-3418.19,Net Banking,Small Business,3.8
ORD102426,2024-06-02,CUST1082,Ananya Nair,East,Kolkata,Electronics,Monitor,Monitor,1,15592.8,0.1,14033.52,1822.64,UPI,Corporate,5.0
ORD102427,2025-11-30,CUST1257,Aarav Sharma,North,Jaipur,Electronics,Keyboard,Keyboard,5,1883.15,0.05,8944.96,1330.4,UPI,Consumer,3.3
ORD102428,2025-09-10,CUST1281,Vikram Patel,South,Hyderabad,Furniture,Bookshelf,Bookshelf,8,6351.69,0.2,40650.82,-2165.68,Net Banking,Corporate,4.6
ORD102429,2025-05-30,CUST1038,Kavya Iyer,West,Mumbai,Office Supplies,Printer Paper,Printer Paper,5,483.63,0.15,2055.43,229.32,UPI,Corporate,4.2
ORD102430,2024-10-05,CUST1274,Ananya Patel,South,Chennai,Electronics,Smartphone,Smartphone,8,28332.62,0.15,192661.82,5553.83,UPI,Corporate,5.0
ORD102431,2025-07-09,CUST1325,Ishaan Singh,North,Delhi,Office Supplies,Pen Set,Pen Set,3,229.14,0.1,618.68,132.06,UPI,Corporate,4.3
ORD102432,2025-03-04,CUST1037,Ishaan Iyer,East,Guwahati,Office Supplies,Notebook,Notebook,1,188.96,0.2,151.17,12.29,Debit Card,Consumer,4.5
ORD102433,2025-10-19,CUST1352,Pooja Nair,North,Lucknow,Office Supplies,Stapler,Stapler,6,222.17,0.05,1266.37,207.76,UPI,Consumer,4.4
ORD102434,2025-06-03,CUST1214,Kavya Das,South,Kochi,Electronics,Headphones,Headphones,2,3307.79,0.1,5954.02,614.42,UPI,Corporate,3.2
ORD102435,2025-12-05,CUST1247,Rohan Kumar,South,Bengaluru,Office Supplies,File Folder,File Folder,1,131.17,0.15,111.49,17.02,Credit Card,Corporate,3.3
ORD102436,2024-11-02,CUST1021,Ishaan Patel,East,Guwahati,Electronics,Keyboard,Keyboard,2,1735.39,0.0,3470.78,638.31,Net Banking,Corporate,3.8
ORD102437,2024-03-01,CUST1246,Kavya Kumar,East,Patna,Furniture,Desk,Desk,8,11551.23,0.15,78548.36,-2359.58,UPI,Consumer,4.7
ORD102438,2024-12-25,CUST1182,Kavya Menon,East,Guwahati,Office Supplies,Pen Set,Pen Set,7,240.0,0.05,1596.0,291.63,Debit Card,Small Business,4.2
ORD102439,2025-12-30,CUST1149,Ishaan Kapoor,West,Pune,Office Supplies,Stapler,Stapler,3,235.14,0.0,705.42,160.18,Credit Card,Consumer,3.8
ORD102440,2025-04-23,CUST1313,Vikram Reddy,North,Jaipur,Electronics,Headphones,Headphones,5,3693.71,0.0,18468.55,4026.91,Credit Card,Corporate,5.0
ORD102441,2025-05-28,CUST1100,Diya Gupta,South,Hyderabad,Office Supplies,File Folder,File Folder,3,131.84,0.2,316.42,24.75,Credit Card,Consumer,2.5
ORD102442,2025-04-02,CUST1024,Meera Patel,North,Jaipur,Electronics,Headphones,Headphones,2,3326.59,0.15,5655.2,59.56,UPI,Corporate,3.0
ORD102443,2025-03-09,CUST1200,Meera Verma,North,Lucknow,Furniture,Meeting Table,Meeting Table,8,19314.0,0.05,146786.4,12785.59,UPI,Small Business,2.1
ORD102444,2024-02-14,CUST1298,Nisha Iyer,North,Lucknow,Office Supplies,Pen Set,Pen Set,7,256.52,0.0,1795.64,455.24,Net Banking,Consumer,4.9
ORD102445,2024-10-29,CUST1054,Kavya Reddy,East,Kolkata,Furniture,Desk,Desk,3,11614.91,0.05,33102.49,2193.95,UPI,Corporate,3.9
ORD102446,2024-03-04,CUST1394,Nisha Rao,West,Ahmedabad,Office Supplies,Stapler,Stapler,3,199.72,0.05,569.2,103.59,Cash on Delivery,Corporate,4.7
ORD102447,2024-09-02,CUST1269,Aditya Sharma,West,Pune,Furniture,Office Chair,Office Chair,7,9181.43,0.15,54629.51,-1862.72,UPI,Consumer,3.9
ORD102448,2025-06-10,CUST1374,Kavya Mehta,East,Guwahati,Office Supplies,Notebook,Notebook,4,171.55,0.05,651.89,152.98,Credit Card,Consumer,4.8
ORD102449,2025-08-10,CUST1189,Aditya Menon,West,Pune,Office Supplies,Stapler,Stapler,4,228.58,0.05,868.6,185.61,Debit Card,Corporate,3.9
ORD102450,2024-06-12,CUST1050,Ananya Reddy,North,Jaipur,Office Supplies,Stapler,Stapler,4,224.57,0.0,898.28,235.32,Net Banking,Consumer,4.3
ORD102451,2025-04-23,CUST1072,Meera Singh,West,Pune,Electronics,Keyboard,Keyboard,4,1621.76,0.1,5838.34,590.37,UPI,Consumer,4.2
ORD102452,2024-06-14,CUST1201,Vikram Verma,West,Mumbai,Office Supplies,Notebook,Notebook,5,201.38,0.15,855.86,111.85,UPI,Small Business,4.3
ORD102453,2024-05-26,CUST1236,Priya Bose,North,Lucknow,Electronics,Mouse,Mouse,1,971.24,0.15,825.55,33.67,Debit Card,Corporate,5.0
ORD102454,2025-12-02,CUST1294,Kavya Iyer,South,Chennai,Office Supplies,File Folder,File Folder,4,120.84,0.1,435.02,69.54,UPI,Corporate,2.8
ORD102455,2025-03-21,CUST1319,Karan Reddy,West,Pune,Electronics,Smartphone,Smartphone,4,29390.9,0.3,82294.52,-3775.44,Debit Card,Corporate,3.9
ORD102456,2024-05-24,CUST1306,Ananya Reddy,South,Chennai,Electronics,Monitor,Monitor,3,14067.91,0.1,37983.36,4951.69,Net Banking,Consumer,4.1
ORD102457,2024-04-13,CUST1236,Priya Bose,West,Mumbai,Office Supplies,Pen Set,Pen Set,3,265.95,0.2,638.28,31.56,UPI,Corporate,4.0
ORD102458,2024-02-06,CUST1008,Meera Sharma,West,Pune,Electronics,Headphones,Headphones,4,3253.43,0.1,11712.35,1051.69,Net Banking,Consumer,3.7
ORD102459,2024-12-29,CUST1212,Diya Das,South,Kochi,Furniture,Bookshelf,Bookshelf,3,6987.38,0.0,20962.14,2955.29,UPI,Consumer,3.6
ORD102460,2024-03-14,CUST1328,Meera Singh,North,Lucknow,Office Supplies,File Folder,File Folder,8,116.86,0.15,794.65,134.73,Net Banking,Corporate,5.0
ORD102461,2025-03-02,CUST1340,Diya Nair,South,Bengaluru,Electronics,Headphones,Headphones,5,3503.93,0.1,15767.68,2200.36,Cash on Delivery,Small Business,3.9
ORD102462,2024-11-13,CUST1334,Sneha Singh,North,Chandigarh,Electronics,Printer,Printer,5,11989.25,0.15,50954.31,1661.42,Debit Card,Consumer,5.0
ORD102463,2025-04-09,CUST1005,Ishaan Sharma,South,Kochi,Furniture,Meeting Table,Meeting Table,3,16766.65,0.05,47784.95,5226.53,Cash on Delivery,Small Business,4.4
ORD102464,2024-05-31,CUST1175,Karan Joshi,East,Kolkata,Electronics,Headphones,Headphones,8,3901.9,0.1,28093.68,2710.08,Net Banking,Corporate,3.8
ORD102465,2024-04-16,CUST1247,Rohan Kumar,South,Kochi,Electronics,Printer,Printer,1,10840.9,0.2,8672.72,313.18,UPI,Consumer,4.4
ORD102466,2024-03-14,CUST1100,Diya Gupta,North,Delhi,Electronics,Mouse,Mouse,5,811.99,0.05,3856.95,606.34,UPI,Consumer,4.1
ORD102467,2024-03-10,CUST1164,Diya Joshi,South,Chennai,Furniture,Meeting Table,Meeting Table,2,17678.83,0.0,35357.66,3125.65,UPI,Consumer,5.0
ORD102468,2024-02-22,CUST1039,Rohan Iyer,East,Bhubaneswar,Electronics,Smartphone,Smartphone,7,29021.52,0.05,192993.11,29190.08,Credit Card,Corporate,3.1
ORD102469,2024-07-08,CUST1078,Sneha Singh,North,Delhi,Electronics,Headphones,Headphones,4,3288.33,0.1,11837.99,1422.24,Debit Card,Consumer,2.6
ORD102470,2025-08-08,CUST1003,Arjun Sharma,North,Lucknow,Office Supplies,File Folder,File Folder,3,122.08,0.15,311.3,37.98,Credit Card,Consumer,4.3
ORD102471,2025-03-19,CUST1392,Meera Rao,West,Surat,Office Supplies,Notebook,Notebook,1,190.62,0.1,171.56,27.25,Debit Card,Consumer,4.6
ORD102472,2024-07-02,CUST1344,Meera Nair,North,Jaipur,Electronics,Laptop,Laptop,7,59845.07,0.2,335132.39,-9816.56,Credit Card,Small Business,4.2
ORD102473,2025-11-12,CUST1162,Ananya Joshi,South,Kochi,Electronics,Keyboard,Keyboard,4,2009.83,0.1,7235.39,811.02,UPI,Consumer,4.5
ORD102474,2025-07-10,CUST1002,Ananya Sharma,North,Lucknow,Office Supplies,File Folder,File Folder,3,116.89,0.05,333.14,70.86,UPI,Consumer,4.4
ORD102475,2025-07-23,CUST1135,Rohan Rao,North,Lucknow,Furniture,Meeting Table,Meeting Table,7,18743.97,0.05,124647.4,6786.48,Cash on Delivery,Consumer,2.9
ORD102476,2025-10-18,CUST1174,Sneha Joshi,South,Kochi,Furniture,Sofa,Sofa,1,22184.6,0.05,21075.37,1461.66,UPI,Consumer,4.2
ORD102477,2025-06-29,CUST1068,Diya Singh,East,Guwahati,Furniture,Office Chair,Office Chair,4,8976.74,0.15,30520.92,-111.02,UPI,Consumer,5.0
ORD102478,2025-11-30,CUST1265,Vikram Sharma,North,Delhi,Electronics,Mouse,Mouse,2,976.41,0.0,1952.82,324.23,UPI,Corporate,4.1
ORD102479,2024-08-29,CUST1400,Pooja Rao,North,Lucknow,Office Supplies,File Folder,File Folder,2,110.78,0.05,210.48,43.69,Cash on Delivery,Corporate,3.0
ORD102480,2025-09-17,CUST1338,Ananya Nair,North,Chandigarh,Office Supplies,Stapler,Stapler,1,204.09,0.2,163.27,5.92,UPI,Consumer,3.7
ORD102481,2024-03-22,CUST1343,Rohan Nair,East,Patna,Office Supplies,Printer Paper,Printer Paper,2,432.82,0.1,779.08,154.83,Debit Card,Small Business,4.4
ORD102482,2024-08-07,CUST1333,Aditya Singh,West,Surat,Electronics,Keyboard,Keyboard,8,1624.73,0.0,12997.84,2344.78,UPI,Consumer,5.0
ORD102483,2025-10-14,CUST1028,Priya Patel,North,Delhi,Electronics,Laptop,Laptop,4,72600.53,0.15,246841.8,6175.03,UPI,Small Business,2.5
ORD102484,2024-04-07,CUST1221,Aditya Das,South,Bengaluru,Electronics,Smartphone,Smartphone,8,28886.05,0.1,207979.56,6968.83,Debit Card,Consumer,4.3
ORD102485,2025-01-01,CUST1227,Arjun Bose,South,Chennai,Electronics,Monitor,Monitor,3,14471.38,0.2,34731.31,1240.89,Debit Card,Small Business,3.3
ORD102486,2024-09-05,CUST1041,Vikram Iyer,South,Chennai,Electronics,Laptop,Laptop,7,72213.16,0.15,429668.3,28552.44,Debit Card,Small Business,4.4
ORD102487,2024-03-14,CUST1059,Rahul Reddy,North,Lucknow,Office Supplies,Pen Set,Pen Set,1,270.76,0.0,270.76,69.12,UPI,Small Business,4.4
ORD102488,2024-06-21,CUST1227,Arjun Bose,North,Lucknow,Electronics,Mouse,Mouse,1,971.22,0.05,922.66,146.79,Cash on Delivery,Consumer,3.8
ORD102489,2025-01-26,CUST1287,Karan Patel,East,Patna,Office Supplies,Notebook,Notebook,1,175.44,0.05,166.67,38.17,Credit Card,Consumer,4.5
ORD102490,2025-04-06,CUST1084,Diya Nair,South,Kochi,Electronics,Smartphone,Smartphone,8,27262.76,0.15,185386.77,10633.96,Cash on Delivery,Small Business,4.9
ORD102491,2025-05-08,CUST1194,Ananya Verma,South,Hyderabad,Electronics,Headphones,Headphones,6,3374.64,0.1,18223.06,1615.38,UPI,Consumer,3.9
ORD102492,2024-04-06,CUST1031,Karan Patel,South,Hyderabad,Office Supplies,Notebook,Notebook,6,175.73,0.15,896.22,100.44,Credit Card,Consumer,3.0
ORD102493,2024-08-21,CUST1045,Aditya Iyer,West,Surat,Office Supplies,Pen Set,Pen Set,8,245.32,0.1,1766.3,310.03,UPI,Consumer,5.0
ORD102494,2024-03-17,CUST1233,Vikram Bose,East,Guwahati,Furniture,Meeting Table,Meeting Table,3,16754.41,0.05,47750.07,5368.34,Net Banking,Consumer,4.6
ORD102495,2024-01-07,CUST1223,Karan Das,South,Hyderabad,Furniture,Sofa,Sofa,6,23479.4,0.0,140876.4,16542.75,Debit Card,Consumer,4.4
ORD102496,2024-10-12,CUST1301,Aditya Iyer,North,Delhi,Electronics,Printer,Printer,5,11979.41,0.05,56902.2,9924.42,Credit Card,Consumer,3.5
ORD102497,2025-03-30,CUST1365,Aditya Gupta,West,Ahmedabad,Electronics,Monitor,Monitor,5,13552.79,0.1,60987.56,6362.76,UPI,Corporate,4.7
ORD102498,2024-09-28,CUST1076,Priya Singh,West,Surat,Furniture,Sofa,Sofa,6,22473.03,0.1,121354.36,5402.37,UPI,Consumer,5.0
ORD102499,2024-01-30,CUST1137,Vikram Rao,North,Chandigarh,Furniture,Desk,Desk,4,11785.8,0.2,37714.56,381.96,UPI,Consumer,3.9
ORD102500,2024-06-09,CUST1343,Rohan Nair,West,Pune,Office Supplies,File Folder,File Folder,1,120.7,0.05,114.66,28.53,Net Banking,Consumer,4.1
ORD100171,2025-08-09,CUST1091,Rahul Nair,North,Lucknow,Office Supplies,Notebook,Notebook,7,201.28,0.0,1408.96,356.18,Credit Card,Corporate,3.8
ORD102226,2024-11-08,CUST1232,Meera Bose,East,Bhubaneswar,Electronics,Smartphone,Smartphone,8,30156.94,0.1,217129.97,21317.37,UPI,Corporate,4.9
ORD102451,2025-04-23,CUST1072,Meera Singh,West,Pune,Electronics,Keyboard,Keyboard,4,1621.76,0.1,5838.34,590.37,UPI,Consumer,4.2
ORD100998,2025-07-21,CUST1115,Arjun Mehta,South,Bengaluru,Office Supplies,Notebook,Notebook,4,198.21,0.2,634.27,56.85,UPI,Corporate,2.7
ORD100241,2024-11-14,CUST1278,Kavya Patel,North,Delhi,Electronics,Keyboard,Keyboard,4,1821.04,0.05,6919.95,1002.74,Credit Card,Consumer,4.5
ORD100433,2024-09-23,CUST1027,Rahul Patel,West,Mumbai,Furniture,Desk,Desk,3,10984.81,0.1,29658.99,658.96,Debit Card,Small Business,3.9
ORD100475,2025-02-17,CUST1325,Ishaan Singh,East,Kolkata,Furniture,Desk,Desk,1,12859.01,0.15,10930.16,625.94,Cash on Delivery,Consumer,2.9
ORD100922,2024-07-06,CUST1235,Rahul Bose,East,Patna,Electronics,Keyboard,Keyboard,2,1953.76,0.3,2735.26,-159.87,Debit Card,Consumer,3.9
ORD100064,2025-08-20,CUST1140,Priya Rao,West,Pune,FURNITURE,Meeting Table,Meeting Table,3,17942.39,0.15,45753.09,694.31,Credit Card,Consumer,3.4
ORD102219,2025-01-24,CUST1369,Aarav Mehta,South,Bengaluru,Furniture,Meeting Table,Meeting Table,3,19550.94,0.1,52787.54,2025.44,UPI,Consumer,1.9
ORD101969,2024-06-01,CUST1151,Rohan Kapoor,West,Surat,Office Supplies,Stapler,Stapler,7,224.92,0.2,1259.55,91.68,Credit Card,Consumer,4.4
ORD101043,2024-05-28,CUST1230,Kavya Bose,South,Chennai,Office Supplies,Pen Set,Pen Set,1,242.28,0.2,193.82,12.97,Cash on Delivery,Small Business,4.5
ORD100563,2024-01-27,CUST1217,Vikram Das,South,Bengaluru,Electronics,Monitor,Monitor,4,14275.86,0.1,51393.1,4335.16,Credit Card,Corporate,4.2
ORD100122,2025-11-18,CUST1005,Ishaan Sharma,East,Bhubaneswar,Office Supplies,Pen Set,Pen Set,2,265.8,0.2,425.28,35.99,UPI,Small Business,3.9
ORD100491,2025-12-16,CUST1284,Priya Patel,West,Pune,Office Supplies,Printer Paper,Printer Paper,1,460.56,0.2,368.45,30.08,Net Banking,Corporate,3.6
ORD100834,2025-09-28,CUST1227,Arjun Bose,North,Lucknow,Electronics,Laptop,Laptop,7,66859.61,0.15,397814.68,20255.59,Debit Card,Corporate,4.4
ORD100691,2025-11-19,CUST1319,Karan Reddy,West,Mumbai,Electronics,Monitor,Monitor,7,14658.86,0.1,92350.82,7428.23,Net Banking,Consumer,4.9
ORD101225,2024-08-13,CUST1308,Diya Reddy,South,Chennai,Office Supplies,Calculator,Calculator,3,657.47,0.05,1873.79,393.09,Debit Card,Consumer,4.3
ORD102358,2024-10-11,CUST1268,Priya Sharma,North,Chandigarh,Office Supplies,File Folder,File Folder,5,124.17,0.1,558.76,103.88,Debit Card,Consumer,3.0
ORD102236,2025-01-01,CUST1320,Pooja Reddy,West,Pune,Office Supplies,Notebook,Notebook,7,185.35,0.15,1102.83,188.74,Debit Card,Corporate,4.9
